"author";"review";"Date";"film";"language";"word_count"
"Zayyylmao";"IDF calling itself the most moral and disciplined army in the world as they're demolishing people's homes and schools, cutting their water, their electricity, arresting and shooting children and elderly people. They're not even ashamed, they're proud of it. Fifty years from now, people will watch this and ask, ""How did we let this happen?"" Then they'll shrug and move on. Just as people are doing now.";"20-02-2025";"No Other Land";"en";67
"Michael Glover Smith";"A documentary so important and so urgent that it feels inadequate to use the same adjectives to describe it that one might use when talking about other movies. Needless to say, this is invaluable for how it puts a human face on a struggle that might otherwise seem abstract to many viewers. Also, as much as I felt emotionally destroyed by it, there is hope to be found in its portrait of cross-cultural friendship (the Israeli journalist Yuval and the Palestinian activist Basel are two of the film’s co-directors in addition to being its subjects) as well as its faith in the power of images to affect social change. Everyone should see this.";"22-02-2025";"No Other Land";"en";113
"𝖏𝖚𝖑𝖊𝖘ִ‧☾";"5 stars feel pointless when ppl are literally dying. this is real, this is happening. watch it, share it, never stay silent. Palestine will be free 🇵🇸";"23-02-2025";"No Other Land";"en";27
"_movieslut";"I feel confident in saying I’ve never before had a movie trigger seven high heart rate notifications from my watch. ";"01-03-2025";"No Other Land";"en";20
"BigEaredBandit";"A sand grain sized glimpse of truth from a beach of suffering that is going unnoticed, I’m so happy they got to record and create this film this is such an important documentary and piece of cinema. Absolutely everyone needs to watch this. LET’S GO IT WOOOONNNN SO HAPPY FOR THEM.";"02-03-2025";"No Other Land";"en";51
"Calvin Kemph 🤠";"There’s no guidebook for this sort of thing. There are situations where the act of filmmaking itself is deeply courageous. No Other Land is one such act of resilient bravery. Filmed over four years (from 2019 to 2023), the documentary captures the Israeli occupation of Masafer Yatta, a collection of hamlets along Palestine’s West Bank. The events of the story surround the expulsion of generations of families, as their homes and lifetimes of memories are bulldozed to make way for a training ground for military tanks.";"05-03-2025";"No Other Land";"en";86
"ⓙ";"You cannot act upon what you cannot see. And we are plagued by dead language and dead stories that serve people whose aim is nothing short of a dead world. And it is not enough to stand against these dissemblers. There has to be something in you, something that hungers for clarity. And you will need that hunger, because if you follow that path, soon enough you will find yourself confronting not just their myths, not just their stories, but your own. ";"05-03-2025";"No Other Land";"en";82
"Ernad Fakić";"""...He's a journalist that wants to write about the demolitions. - But does anyone actually care to read about it? - Honestly, not many.""";"13-03-2025";"No Other Land";"en";24
"pain";"hard to watch - not just content wise but actually physically hard to find and then stream properly from canada/america. i ended up having to watch on my phone cause i couldn't get it on my tv but i did find a site that works: link id like to say its weird how an oscar winning documentary can be hidden from the western world like that, but unfortunately thats pretty on par";"17-07-2025";"No Other Land";"en";72
"Jogurt";"Forget that “I Have No Other Land” is a Hebrew song for peace in Israel. Forget that these Israeli policies were put in place because of terrorism. Forget that Palestinian leaders have rejected a two-state solution on many occasions, some of which included over 95% of the West Bank, which would have made the citizens of Masafer Yatta citizens in a Palestinian state.";"03-03-2025";"No Other Land";"en";63
"Chris Hormann";"People question why there isn't the same outcry against Hamas as there is against the government of Israel when it comes to the war against Palestine, and this film is a perfect illustration. A systematic unravelling of the Palestinian homelands for the nefarious requirements of the Israeli state. Make no mistake, Israel are trying to wipe Palestine from the map but it has been going on well before October 2023. Essential viewing.";"10-08-2024";"No Other Land";"en";72
"carolynmichelle";"Basel Adra has a face for movies, so open and compelling. Imagine the films he might have made in some other world, one in which he and his people lived free. Instead, the struggle against the occupation, the repeated destruction of his village, and the persecution of his people is all he knows. ";"03-11-2024";"No Other Land";"en";53
"broisafraid";"'No Other Land' is a remarkable piece of documentary cinema by a Palestinian-Israeli collective, that documents Israel's forced occupation of Masafer Yatta.";"26-11-2024";"No Other Land";"en";22
"skyler 🌸";"How does one put the act of witnessing these countless atrocities unfold on a screen into words? Nothing is enough. One feels utterly powerless. A soul-sucking yet entirely crucial film, and it’s a tragic miracle that this exists for the world to see…and a terrifying reality that so much evil occurred off camera before, during, and after this was filmed. Filmmaking as activism in the purest sense. These filmmakers have put everything on the line for the cause. Palestinian freedom may be a victory unwon, but there will forever be hope thanks to work like this.";"28-12-2024";"No Other Land";"en";96
"Ruben Kenny";"One of the most vitally important documentaries in years. It is impossible to watch this movie and not relate to the suffering it depicts. With exceptional lucidity, No Other Land reminds us of the human stakes of Israel’s resettlement of the West Bank, and that fighting for justice starts from the ground up.";"05-01-2025";"No Other Land";"en";53
"kevin";"a standout image is the one of ilan the enforcer, constantly seen in his sunglasses, a sort of reverse of the ones in they live, instead of revealing a truth under the surface to the viewer, symbolic of a willful, violent blindness. respect how it sort of has its own limitations inherently built in, you can feel adra being sober about how much immediate change recording everything and hoping ppl with power in the global north do something can effect (but it’s obviously not a reason not to do it)";"07-02-2025";"No Other Land";"en";90
"nikki";"“Land you have to die for is yours, not land you have to kill for.” ";"26-02-2025";"No Other Land";"en";15
"Wilek Pilek";"Instead of the Academy Awards I decided to watch 'No Other Land,' a Palestinian-Israeli collaborative documentary depicting just one small slice of the atrocities enacted upon the Palestinian people by the fascist Israeli state. Shot over the course of a few years, this documentary renders an unforgettable crescendo of violence and harassment that includes theft, vandalism, verbal abuse, physical assault, and murder.";"02-03-2025";"No Other Land";"en";62
"Jimbo without the Jet-Set";"A refreshingly humanist documentary that stays with you regardless of how hopeful / hopeless you feel about lasting peace in the Middle East.";"08-03-2025";"No Other Land";"en";23
"Spooky Corwyn 🎃";"I was telling my mom (who has not been following Palestine in the news) on the way home from the movie about all the insane, cartoonishly evil things I've seen Israelis say and do - the videos where they dress in brownface and mock Palestinian women mourning their dead children, Israeli soldiers blowing up buildings and dedicating it to their girlfriends, and so on. And while I was sitting here trying to think what to write for this review, as words so frequently fall short when it comes to discussing the suffering of Palestinians, I was scrolling through Twitter and saw this video in which a gang of Israeli soldiers with fake beards and unibrows drawn on their face gleefully celebrate and mock a Palestinian family they evicted.";"11-03-2025";"No Other Land";"en";128
"shouri";"soldiers and settler supremacists work hand in hand. it starts, not ends, when they shoot and permanently paralyze a man for trying to save his own property. then they destroy his house and make his mother move him into a cave. they take away the town’s electricity, calling it a security threat. they rob everyone of their water. they ban every car. his mother can’t even drive him to a hospital. they destroy parks. they destroy livelihoods. no one can breathe, no one can move, and no one has the time to even think about living. when they protest, the physical and emotional abuse only increases. and when there is the shred of hope that a child still has the power to read and write and embolden resistance, they bulldoze the elementary school too.";"28-03-2025";"No Other Land";"en";134
"Jay";"Finished this some hours ago and still don’t have the words. Where is the empathy man?";"25-04-2025";"No Other Land";"en";16
"zigster77";"Sad, devastating, brutal maybe even horrific. Send ne zha, the strawhats, the Avengers, the justice league, prime mike tyson and obi wan to israel immediately. Clean house.";"02-08-2025";"No Other Land";"en";27
"heath";"this needs to be required viewing for everyone. from the river to the sea, free palestine";"03-03-2025";"No Other Land";"en";16
"deniz";"reminder that it's always n will always be FREE PALESTINE until it's actually free. FUCK ISRAEL. FUCK THE IDF. FUCK TRUMP. FUCK YOU IF YOU DISAGREE.";"20-08-2025";"No Other Land";"en";26
"Mikey Brzezinski";"If you can watch this and not agree with the sentiment that the IDF is just a re-dressed-up Gestapo, there is truly no hope for your soul left in this world. A concise and invaluable historical document of communities in resilience against ruthless and inhumane psychological warfare designed to make them turn over and let their will break. Hope this becomes available for everyone to watch soon. US distributors are full fucking cowards. Free Palestine 🇵🇸";"23-10-2024";"No Other Land";"en";76
"Алексей Дружинин";"A scant context for the Israel-Palestine clash. We watch the gradual destruction of the common Palestinian village community of Masafer Yatta from 2019 to October 2023, filmed by director and local protester Besel Adra and Israeli freelance journalist Yuval Abraham.";"09-12-2024";"No Other Land";"en";40
"Joseph";"Exposing a harsh reality in times when people would rather look the other way, No Other Land sheds light on the brutal fate of a people whose existence has been shaped by tragedy. Watching this documentary reminded me a lot of Jonathan Glazer’s misunderstood Oscar-winning film The Zone of Interest—a reflection of our collective indifference. During their speech at the Berlin Festival, the filmmakers and protagonists made a powerful plea for Germany and other European countries to stop selling weapons to Israel, fueling the massacre. The irony? This documentary is being most celebrated in countries whose governments profit from the suffering of these people. Absolutely brutal.";"10-01-2025";"No Other Land";"en";106
"Nate Jones";"The tragedy of having to perform your humanity in front of cameras over and over and over again.";"22-01-2025";"No Other Land";"en";18
"Jack Uffer";"the way this still doesn’t have a distributor speaks volumes to the overall lack of humanity there is in this world. there’s no need to reiterate my points from the last diary entry. i just hope that this documentary reaches out to everyone and it’ll probably win the best documentary feature at the oscars and it’s for good reasons!!!";"02-02-2025";"No Other Land";"en";59
"Sparks Lowry";"A lot of righteous anger coming out of viewers and rightfully so, but frankly for me the film evokes more exhaustion than anything, the same exhaustion you see written all over Basel Adra throughout this thing. The idea of a wake-up call about Israeli occupation is necessary in such an indoctrinated age, but it's a preposterous idea from my perspective and that of people like me because it's been going on so obviously for so long, so how else do you react to audiences needing this to feel something about it? How else do you react to it going on for so long? But that weariness drives this in the unexpected form of a strange, traumatised buddy picture, and it hits like hell.";"09-02-2025";"No Other Land";"en";123
"Laura Parker-Saladino";"It’s hard to comprehend this level of cruelty. It’s always been, perpetuated through generations, but we hope it won’t always be. ";"10-02-2025";"No Other Land";"en";21
"Daniel Amir";"A film about the struggle for humanity in a world without it. Watch it please.";"23-02-2025";"No Other Land";"en";15
"Luke Thorne";"Powerful Oscar-nominated documentary giving an insider’s view of the destruction of the West Bank and the unlikely friendship between a Palestinian filmmaker and a Jewish journalist. In Arabic with English subtitles. ";"02-03-2025";"No Other Land";"en";31
"Webbe";"I'm really happy the Academy did the right thing and gave the Oscar for Best Documentary Feature to this. There's not much I can say about it, it's a harrowing, important and unforgettable watch. Free Palestine.";"03-03-2025";"No Other Land";"en";36
"Manifesto734";"Every bit as fucking enraging and crushing as I expected. How do you put words to something like this? And how do people support and defend the actions being filmed?";"21-01-2025";"No Other Land";"en";30
"Kazz Leskard";"I’m not a religious person. I don’t believe in a heaven or hell; i think if there is some higher power guiding our lives, it exists in a form human brains could never begin to comprehend, and the assurance and faith some people have in their belief that they have it all figured out strikes me as arrogant and smug. ";"10-02-2025";"No Other Land";"en";60
"Saul Levy";"No Other Land surprised me with how conventional it is, considering the reputation it has gained. Instead of offering a deep perspective on the conflict, the film sticks to an openly pro-Palestinian narrative, lacking context or real analysis. At no point does it interview Israeli soldiers, civilians, or officials, making it clear that there is no real interest in exploring both sides. Instead, it simply presents scenes like “look at this mother and child sad while their home is destroyed” to force the audience into drawing rushed conclusions.";"02-03-2025";"No Other Land";"en";88
"Bunny Anarchy";"There are many things that I wish to happen for the human race that i don't necessary think that, in my short life here on this planet, my generation may get to witness. I hope and believe though, in the deepest pit of my heart, before I shuffle off this mortal coil, we will get to see Israel become nothing more than an obsolete, disgusting piece of history we think nothing about other than to remind ourselves of the sort of sadistic souls we should never let our societies be defined and ruled by.";"25-09-2024";"No Other Land";"en";94
"meera";"Very lucky to have seen this at the Film Forum. Unbelievable that it still has no distribution. I wish everyone could have access to this movie because it’s one of the most important documentaries I’ve ever seen.";"31-01-2025";"No Other Land";"en";37
"Reto Hochstrasser";"The flick is ranked 8th on the LB top 250 best documentaries ever list - which is certainly far too high. Many people give the film such a high rating because of the shocking, heartbreaking subject matter. And it is indeed very important to address the atrocities of the Israeli state, but the film is too one-sided, too diffuse, too simplistic and not integrated into a larger historical context. But as a personal diary it is worth seeing and interesting.At least the film is not as crude a propaganda of violence as other films on this list.";"06-02-2025";"No Other Land";"en";97
"em";"I find it difficult to try and write something so fluent or free-flowing after having seen this... impossible even. The horrors that keep flaming decade after decade with no visible change is disconcerning to say the least — an ever-lasting fervent battle always eats away as the settlers destroy the land of the people. A grueling experience to say the least, but a necessary one; turning away is never an option despite the fact that brutality burns through your eyes constantly.";"27-02-2025";"No Other Land";"en";81
"Matěj Bureš";"I think what makes this film so effective is that it simply points a camera at the harrowing reality of these people, at the horrors being committed by the Israeli army, and just shows it to you and lets you live in it for 90 minutes. It’s not a political documentary, not at its core at least - it’s a humanitarian documentary. It doesn’t really delve into the history of the conflict and such, it simply shows you a village and the people in it, innocent civillians who are being treated like animals.";"01-03-2025";"No Other Land";"en";93
"christine ʚɞ";"a win for every soul that never got to tell their story. it was free palestine yesterday, it's free palestine today and it will be free palestine tomorrow";"04-03-2025";"No Other Land";"en";28
"sam";"chilling but tender. i haven’t seen any of the other nominees in the documentary category ever but i feel confident saying this is the most important oscar win in history. it is corrosive to the soul to ignore what is happening in palestine. watch this";"07-03-2025";"No Other Land";"en";45
"Doom";"Hamdan Ballal, co-director of this documentary, has just been severely beaten and kidnapped by settlers. His current whereabouts and condition are both unknown as of the time of posting this review. Source: co-director Yuval Abraham's twitter ";"24-03-2025";"No Other Land";"en";36
"𝖏𝖚𝖑𝖊𝖘ִ‧☾";"i can't believe they've arrested Hamdan Ballal...silencing voices that speak out against oppression only proves how necessary those voices are. free Palestine, always 🇵🇸";"25-03-2025";"No Other Land";"en";24
"Matt chan";"Undeniable. The way this film has been treated at every institutional level, apart from The Academy which benefits from the shroud of anonymity, exposes the dysfunction and moral cowardice at the root of the modern film industry— choosing to overlook a film both urgent and relevant to the public out of fear, catering to a smaller and smaller demographic as more and more people begin to realize the medium’s failure to capture our current reality, which this film more than exposes.";"01-04-2025";"No Other Land";"en";81
"Enfant du Siècle";"The resilience of the Palestinian people seems to know no bounds as well as the abhorrent actions of the genocidal state of Israel, the cruelty of its militia, and the indolence of its people. The relationship established between Basel and Yuval, however complex the dimensions of the Arab-Israeli conflict may be, shows that a path to mutual understanding is possible. No Other Land is a powerful and devastating film, eliciting a range of emotions from grief and rage to a profound despair and helplessness. However, as the protagonists express it in their last conversation, beyond being moved by witnessing this horrendous reality far from us, how can we help to fight injustices, is it even possible? Is this film a way to keep hope alive? Or will it become a vestige, a conclusive proof of the injustice and hatred that ended up uprooting the Palestinian people?";"21-05-2025";"No Other Land";"en";146
"salaarrr";"I don't usually watch documentary films but this is one of the most important piece of media to come out in recent years. It's sad I have a following of 2000 and barely less than 20 people have watched this..it's a must watch for every human being who has humanity left in them. I'm so glad it won the Oscar in the room full of people who have sold their souls to hollywood and its deep dark underooted politics.";"26-06-2025";"No Other Land";"en";79
"🦇 Count DuLac 🧛‍♂️";"Oscars always nominate “important” documentaries every year but I’d argue few have been this important. The film serves as an eye witness account of a part of recent history that keeps getting gaslit by news agencies and world leaders. They like to present this conflict in simplistic black and white terms as if people have no memory of the past. It’s especially surprising to see this nominated considering how the movie industry has treated stars that have been outspoken. They’d rather you just don’t express an opinion. ";"17-02-2025";"No Other Land";"en";87
"Luca De La Fuente🩷🍋";"""We have no other land This is our land That's why we suffer for it.""";"08-04-2025";"No Other Land";"en";15
"Dawson Joyce";"My pick for the year's very best film, No Other Land is also its most vitally important, as the courageous and selfless team of Basel Adra, Rachel Szor, Hamdan Ballal, and Yuval Abraham don't hold back in depicting — and confronting head-on — the unspeakable horrors and devastating tragedies, both individual and communal, that Israel's government and military have mercilessly and unjustifiably unleashed unto Palestine and its people. As this invaluable document plays out, you'll feel your heart sinking into… more";"07-11-2024";"No Other Land";"en";81
"Ar Nam Ho 何阿嵐";"In No Other Land, the small village is repeatedly crushed by the Israeli army, becoming a symbol of Palestine itself. The film is not about the personal story of the subjects being filmed. The protagonist's personal narrative is deliberately downplayed, and it's not a flaw that the documentary doesn't convey his personality or history. He represents every Palestinian who still believes in the possibility of peaceful action. This isn't just an individual story—it's a condensation of everything that Palestine embodies.";"24-02-2025";"No Other Land";"en";80
"satria.";"""Land you have to kill for is not yours. Land you have to die for is.""";"04-03-2025";"No Other Land";"en";16
"Josh";"America deciding not to distribute this after giving them a crowning award adds to the problem. I understand to some degree as they don't want to find themselves at war with Israel even more than they already are but the awareness it would bring to the genocide would be immeasurable. Knowing that one of the directors was also kidnapped by Israeli's shows how heartless they truly are, taking land based on laws which existed before they were even born. It's… more";"30-03-2025";"No Other Land";"en";81
"Tom Brice";"No Other Land (2024) is an achievement in documentary filmmaking that defies belief. Filmed over four years (2019-2023) with next to no budget, it focuses on a young Palestinian activist’s (Basel Adra) efforts to resist the forced displacement on his hometown Masafer Yatta in the West Bank by Israeli forces. ";"04-06-2025";"No Other Land";"en";50
"True";"“In these roads near my home, two kinds of cars pass: Yellow plates. Green plates. Israeli cars are yellow. They can move freely in the land. It's illegal for me to drive them. Palestinian cars are green. They can't leave the West Bank. Israel controls both colors. An entire world built on a division: Green man. Yellow man.”";"11-06-2025";"No Other Land";"en";58
"Raza";"I hope that more folks can see it for themselves and feel what it is like to live in a West Bank, Gaza village being subjugated and terrorized by Isra💩el. This film is the pure definition of what Resistence is it perfectly depicts the fears and the anguish that this beautiful population is suffering and even in struggle and despair, the Palestinians always try to keep up and fight for their beloved Homeland. Basel and Yuval are the symbol of what the essence of Humanity really is and they remind all of us not to be indifferent, but to support each other and stand for what is right, I feel sick to my stomach when I think that human beings are killing and destroying kids and other people's lives and that we never learn how to live in peace, it definitely deserved the Oscar and the recognition from all over the world, Hope that Palestine will find justice and peace.";"03-10-2025";"No Other Land";"en";160
"Tami";"A devastating, harrowing, impactful documentary about the systematic destruction of one particular village in the West Bank by the Israeli government, enforced by judges, bureaucrats, the army and vigilante Israeli settlers.";"29-09-2024";"No Other Land";"en";31
"kaiheps";"what goes through an idf soldier’s mind when destroying and harming innocent civilian lives?";"25-10-2024";"No Other Land";"en";14
"Cevin Kookman";"last October, I saw the video of a Palestinian man getting shot in the gut by an illegal Israeli settler invading Masafer Yatta; he falls to the ground and desperately crawls away into digital anonymity, while the terrorist continues pointing his assault rifle at children.";"26-10-2024";"No Other Land";"en";45
"Raul Marques";"Emphatically resonant as a first-hand account that both documents the method of relentless brutality under the transparent veil of crooked legality and conveys the profound personal conflicts tangled with the very process of weaponizing media as self-defense. As overwhelming as the urgency of the images capturing the violence are, the quieter moments observing the ambiguous morality of the distinct facets of journalistic activism (the Israeli reporter going back home to shower while the Palestinian community works in the dead of night to rebuild houses is only one of the parallels) are immensely compelling as well.";"19-12-2024";"No Other Land";"en";95
"ZacharyBinx";"""The nonviolent struggle for a school led Tony Blair to visit us. He walked around our village for 7 minutes…Here he is next to our home…next to my father, who speaks no English and never went to school. After he returned to the UK, Israel cancelled the demolition orders for the school and homes in the street he walked in. This is a story about power.""";"27-01-2025";"No Other Land";"en";66
"namratx";"israeli society is rotten to the core. there is no coming back from it. when settlers can take matters into their own hands to destroy homes and shoot palestinians in broad daylight, when the eyes of IDF soldiers glaze over as people plead for their homes and livelihoods, when the minute an israeli person allows an ounce of humanity to a palestinian they are declared anti-jew. i’m sick to my stomach sometimes watching this. if i were palestinian, or congolese or sudanese or any occupied people, i would want to kill the world. and yet they persevere, even if they can’t find it in themselves to be enthusiastic, because IT IS THEIR LAND. IT IS THEIR LIVES. what a rotten group we all have become, and how little we can do, when we see such horrible things and even enable them IN OUR NAMES.";"09-02-2025";"No Other Land";"en";144
"Hunter Morris";"The best documentaries use the personal to explore the universal. Basel and Yuval’s relationship to their homes, each other, and to filmmaking inspire complex thoughts about the fight for freedom in Palestine and how it’s documented/received. ";"11-02-2025";"No Other Land";"en";36
"aziz040";"I can’t describe how furious I am. Just left the cinema and I can’t fathom how people still think whatever Israel, the Zionists and the IDF is doing isn’t horrible and unjustified. I wanted to scream the whole time. I was in tears for almost the whole runtime. This is sickening and heartbreaking. Please this should be the wake up call for everyone who still thinks israel is doing right and deserves to be a state. Not like this. ";"23-02-2025";"No Other Land";"en";79
"Noah Duzent";"I'm no expert on the subject, but I think we can all agree bullies are bad.";"21-04-2025";"No Other Land";"en";16
"matt13";"Everything just feels so grotesque. The violence is so grotesque. The apathy of the IDF and the settlers (and just the world) feels grotesque. The fact that this has been going on for decades is grotesque. The fact that I’m watching this on the day that White House released a bizarre AI video about their proposed future of Gaza is grotesque. The fact that some people on my timeline that have been borderline calling Palestinians animals for the past two years are only now angry about possibility of settlements because ‘crazy Trump’ wants to do it is grotesque. And finally the fact that this film has no distribution is fucking grotesque. ";"26-02-2025";"No Other Land";"en";111
"Corbin";"Not to sound hyperbolic, but this is the reason why cameras were invented";"04-02-2025";"No Other Land";"en";13
"ame";"No wonder this film deserved an Oscar. Anyway, how do we avoid zionis pesek (read: zionist suspect) on this platform? Just look, if they give this film rating below 2 stars, it means that they are a zionis pesek (no excuse). Tontonan yg cocok buat yg lagi puasa 🤗 Sesuai apa kata MV:";"03-03-2025";"No Other Land";"en";53
"preston";"""Somebody watches something [e.g. a documentary on Palestine], they're touched... And then?"" Not as overwhelming as expected - partly because even the repressive dynamic it shows is now superseded, coming from the days when Israel was 'just' an apartheid state - but its ultimate weakness is baked into the mix, like the poignant pointlessness of Basel constantly filming the abuse (hoping his images ""might force the US to pressure Israel"" lol) or hopefully checking the views on his latest social-media post. A village (and a nation) engaged in Sisyphean struggle, rebuilding their homes only to have them torn down again, veering between occasional optimism - the line about a single drop of water being insufficient but many drops of water eventually succeeding - and deep depression, finally focused on refusing to abandon the land because their only weapon is to stay (and because they have... well, check the title). Not so much indignant propaganda as a film about impotence, which is why it speaks so strongly to the current moment; the broader theme is trying to figure out how to effect change in the (post-)modern world, how to find new ways of shifting those in power when the old ways (protests, shaming) no longer work and the system operates as a well-oiled machine - the Israelis' actions are unfair but entirely legal, sanctioned by an Israeli court; then they slide into illegality, with attacks by the settlers, but by then the dynamic has been normalized - the Palestinian tragedy representative of a larger helplessness. But of course it's also about that tragedy, unfolding as inexorably as a slow-motion car crash - and it's also about the people, the kids forever resilient (""Are we going to live in a cave now?""), the friendship between two young men from opposite camps. Quietly heartbreaking.";"08-12-2024";"No Other Land";"en";301
"🎃 Kenny the Spooky Movie Guy 👻";"After this was over, I sat in complete silence for a good ten minutes. Calling this film powerful would be an understatement.";"22-09-2024";"No Other Land";"en";22
"Elyes";"There's an external element to this film (and perhaps an internal one too) which is rather complicated and thorny. Saeed Taji Farouky has a pretty insightful twitter thread which delves into this. It's just one perspective on the film, but it's worth considering in light of its reception and how it may be discussed in western circles as it continues to garner more attention. Do I think this issue detracts significantly from the film? No of course not. It's still a very moving and harrowing look at real-time invasion—both militarily and by colonial settler civilians—of Israel on Palestinian homes and land in the West Bank. I'm particularly struck by the language dynamics here between both sides, it's something I had not noticed as strongly in other Palestinian films. Do I think it's not possible for an Israeli to collaborate fully with a Palestinian, be it in terms of making a film or overall political activism and support? No of course not. One of the best films of this century (Route 181) is co-directed by Michel Khleifi and Eyal Sivan. But I do think it bears food for thought to consider the balance of perspective and what gets illuminated when these kinds of collaborations occur.";"23-01-2025";"No Other Land";"en";204
"Kevin Jacobsen";"Hard not to be sick to your stomach watching the devastation here, but I love how the film invests you in Basel and Yuval and foregrounds their defiance in the face of these atrocities. A far more effective approach than a passive observer perspective.";"31-01-2025";"No Other Land";"en";44
"audrey jaye";"the power of any state founded on unconscionable prejudice, by irrevocably blackened souls, is entirely contingent on the evils they commit being unfathomable. their success bred by the displaced being forced to literally sleep inside the earth, as if buried already. this is the enduring mission of settler colonialism. how much longer?";"19-02-2025";"No Other Land";"en";52
"Hydra Loonie";"The Palestinian people are the strongest people in the world. But the most important takeaway that should be had from No Other Land is that they shouldn't have to be. The most powerful imagery is the people in the village just hanging out, watching TV, reading books. Just trying to live. They have the basic rights of living taken away from them every single day. You will want to throw up after watching but it's the only film you need to watch this Oscar season";"15-02-2025";"No Other Land";"en";85
"Soumik Banerjee";"Imagine a villagers community where people coexist in peace, finding joy in their simple lives despite the challenges and restrictions they face in a remote area. This harmony is shattered when outsiders invade, seizing your land and possessions, imposing their own laws, and forcibly evicting you and your people from homes that have been part of your life for generations.";"04-03-2025";"No Other Land";"en";60
"Dogfood Williams Blood Café";"Over the centuries, The Sons of Abraham have forgotten that they are brothers in the eyes of God. Some have found it permissable (and even just) to drive their own kin from their homes, kidnap them, force them into cages, torture them, and slaughter them like animals.";"31-03-2025";"No Other Land";"en";47
"Noah Hollis";"this is so authentic and raw. the film that everyone needs to see. we’re watching a genocide in real time and to watch these journalists stand up again and again against robotic and violent IDF soldiers despite the risk is beyond impactful. the emphasis on this being their ancestral homeland is clear throughout, with the resiliency of the incredibly brave Palestinian mothers and children being prominent.";"12-01-2025";"No Other Land";"en";66
"Sam Rosenberg";"Urgent and gutting documentary that demonstrates both the power and limits of documentation. What I appreciated most were the moments of levity among Basel and his family, a testament to the joy, strength, and resilience of the Palestinian spirit amid the maddening destruction of their homes. Whether or not this will receive distribution (which I hope it will) and reach and affect the right people (which I fear it won’t) makes the final conversation between Basel and Yuval all the more haunting and poignant. “Someone watches something, they’re touched, and then what?”";"25-10-2024";"No Other Land";"en";92
"jrhovind";"“Somebody watches something, they’re touched, and then?” As invaluable and outraging as it is as an on-the-ground, present-moment account of the crimes of Zionist occupation, it’s a film that’s also exhaustedly, mercilessly self-aware about its own ultimate uselessness. “I don’t want this to happen,” Abraham, the Israeli humanitarian, wails at one point to one of the men whose lives have been reduced to an endless cycle of destruction and rebuilding, a man who can only respond, “But how will that help me?” If the behavior we see ample evidence of – not just from the soldiers and their animal cruelty, but from the talking heads on Israeli news, and the widespread social attitudes that make it all possible – offers little optimism that anything is going to ever change until there’s nothing left, then the bravery with which Basel turns his own camera on them becomes at once both defiant last stand and self-conscious chronicle of hopelessness. “Yes, but sometimes I think about it all, and I feel this huge depression in me.”";"15-02-2025";"No Other Land";"en";173
"Poopie";"To compare this documentary to others tackling the genocide that has been happening in Palestine for so long would be kind of pointless, considering that this is only getting the attention it deserves because of the recent events going on in Palestine that led to this documentary being made. Without the current events of the last year and a half, nowhere near as many people would be acknowledging an issue so huge and actively talking about and protesting against it, so it's overall a miracle that this documentary was made and even more so that it won best documentary at the academy awards. There's allot I do really want to say on this, but I don't really want to get banned for talking about my hatred towards Israel or America, so I'm just gonna leave this review saying that this is on all4 in the U.K. right now and it gets removed at the end of the month, so do yourself a favour and put on what is one of the most important and relevant documentaries of the 21st century so far. There's not one moment that's easy to sit through, which is exactly how a documentary of this sort should be like. Raw, unfiltered and extremely uncomfortable. Free Palestine🇵🇸";"07-03-2025";"No Other Land";"en";210
"Catus";"It’s hard to not become numb or apathetic to the constant flux of bad news we’re exposed to day by day, specially from our position of powerlessness from which there’s very few we can individually do to change anything. Or, many times, we see situations like the Israel/Palestine conflict so distant from our daily reality that we simply don’t pay attention to them. And I wouldn’t blame anyone for this; life is hard enough as it is and it would be impossible to live constantly preoccupied with every bad thing that’s happening in the world. More and more people I’ve known have chosen to simply stop watching news, regardless of their political beliefs, because there’s just so much negativity we can bear without losing our minds.";"08-04-2025";"No Other Land";"en";126
"Joshua Daulton";"Awdah Hathaleen, remember her name! Remember everyone who was killed by these demons.";"10-10-2025";"No Other Land";"en";13
"video lover";"the hate i have in my heart for israel is truly unfathomable. if you spend a moment trying to rationalize any of this you are just a nazi to me. zionism would be totally repudiated by any respectable society but of course that will never happen in imperial amerikkka. basel, a man whose courage and nobility are beyond question or reproach, is tragically mistaken in his belief that merely exposing americans to these atrocities will create some sort of pressure for change. it’s not just that we’re ignorant, although most of us are, it’s that on some level we actually like it - our whole mythos and history is founded on doing exactly this - it is a sick culture in desperate need of revolution and reeducation. but i do still believe there’s some small power in bearing witness, as evidenced by the idf’s reaction whenever a camera is trained on them. what basel says about patience and living in defeat is important for any left wing person to internalize. we are unlikely to see any great victories in our lifetimes, i’m afraid; whatever work we do is for our children’s children if we’re lucky. this is obviously much easier to accept when you aren’t being brutalized and exterminated by an occupying force, but that makes our fecklessness and submission all the more shameful, as the issue remains largely intellectual for us and we aren’t really risking anything in our activism. at least not compared to palestinians and their few israeli allies, who are actively hunted for any act of resistance. i really don’t know what we’re supposed to do, i’m mostly a pathetic worm myself i’m sorry to say, but i do think it’s important that we do…something";"15-12-2024";"No Other Land";"en";289
"lu161";"""there is no other land, that's why we suffer for it.""";"19-02-2024";"No Other Land";"en";11
"Eternality Tan";"A documentary project by both Palestinians and Israelis that provides the necessary context for the eradication of several Palestinian villages in the occupied West Bank by the IDF and armed settlers—it’s hard-hitting but a testament to courageous and responsible filmmaking in torrid circumstances.";"07-06-2024";"No Other Land";"en";43
"Cole Duffy";"One of the most profoundly upsetting, visceral cinematic experiences of the decade. Broke my heart, filled me with rage against the ethnostate of “Israel” (to be a fair, a rage that has always existed since I learned the truth) - but I know, someday, there will be justice. No Other Land, filmed by a Palestinian-Israeli collective, captures the quickly worsening occupation there with a palpable sense of urgency. Every shot is an act of heroic journalism, and every image is a testament that will last long after the ethnostate crumbles into its own oblivion.";"25-10-2024";"No Other Land";"en";94
"kennysweatshirt";"still hard to articulate how powerful this film is. every time i think of it i get goosebumps. one of — if not the most heartbreaking and infuriating films i’ve ever seen. definitely the most memorable watch of the year for me. ";"16-11-2024";"No Other Land";"en";42
"Bob McQueen";"A small fraction of the crimes of the genocidal zionazi regime. Crimes that have gone on for decades. I'm honestly surprised this even got a release with the way information about Palestine has been suppressed, but I'm glad it did and I hope more see this.";"28-02-2025";"No Other Land";"en";46
"Cdwood11";"For my UK friends and followers: No Other Land has just made its British streaming debut on Channel 4 OD, which will be followed by a television debut on Tuesday. Forget the noise around Oscar Nominations, itself the product of yucky awards prognosticators who reduce artistic value to tacky American statuettes. Instead recognise that in a year where cinema has retreated to the comfort zone of frivolous fantasy and platitudinous allegory, this stands as one of the few truly essential pieces of filmmaking of 2024. No wonder, then, that no American distributor has had the balls to pick this up. But that level of structural censorship should only further encourage you to watch it, no matter your preconceptions.";"01-03-2025";"No Other Land";"en";118
"wilson";"This film's importance at this specific moment cannot be understated. The clear violation of rights and lands that the IDF and Israeli settlers show in this film is disgusting. However, I'm glad that this film was made to show the resilience of the people of Masafer Yatta.";"09-07-2024";"No Other Land";"en";47
"Eliza";"""They take away our rights, they have great technological and military power, but they shouldn't forget they were once weak too. They have suffered too. And they will not win, even with all their power. They will fail. They will never get the Palestinians to give up their land.""";"21-12-2024";"No Other Land";"en";49
"Ashlee Pradella";"No Other Land is a gut-wrenching and essential piece of filmmaking that captures the unbearable suffering and unwavering perseverance of the Palestinian people. This urgent and powerful documentary uses the medium of film to bear witness to atrocities that demand attention and action. The filmmakers show immense bravery in bringing these stories to light, ensuring that the world sees the reality on the ground. It’s a heartbreaking but necessary watch, reminding us of the power of film to expose injustice and amplify voices that are too often silenced.";"27-01-2025";"No Other Land";"en";88
"Drew Reuschlein";"there are no words that can adequately describe the fury and the heartbreak this film has left me with. no one should ever be forced to endure such violence, to stand by and watch as their own home is bulldozed in front of their very eyes.";"31-01-2025";"No Other Land";"en";46
"Udoy";"Cinema as it has existed has conditioned us to view scripted and unscripted works alike through a humanist lens. It can be lovely.";"08-02-2025";"No Other Land";"en";23
"Leesah Sea";"As the end credits started rolling and the lights came on, the audience in Cinema 4 sat in silence and slowly started to trickle out of the theatre. People could not find words for what they saw while watching NO OTHER LAND. This well-paced, shot, and edited documentary contains a deeply personal story of resistance for Basel and his family. His parents started the fight decades ago as activists and Basel continues with their resistance. It is shocking and horrifying how a group of people have been made second class citizens who have very few rights, including the right to build and live on their own lands. My heart broke when relatively early on (2019 or 2020) Basel talks about how he hopes people will see his video coverage and then someone will help them, like the USA.";"15-02-2025";"No Other Land";"en";138
"brooke 🎨🌻";"Absolutely imperative viewing. This takes the issue from “complicated” as some people like to put it to undeniably in favor of Palestine, showcasing examples of propaganda Israel has fed the world, forced displacement, the destruction of villages, and the murder of innocent people. No one should ever have to be this brave. Yet here we are. It is a privilege to see this story unfold from the eyes of a Palestinian. We owe it to them to view it if we can.";"21-02-2025";"No Other Land";"en";82
"sufi";"“they made us strangers in our own land” Reading negative reviews is always important. I always appreciate the nuance and perspective it offers, even when its regarding my favorite media. For the past 40ish minutes, I’ve been reading through critiques of No Other Land, and the very obviously angry zionists aside, many of them make good points I wouldn’t have otherwise thought of. ";"15-03-2025";"No Other Land";"en";63
"jules";"screaming at the fucking screen, hopeless, unable to do anything else after watching this";"26-02-2025";"No Other Land";"en";14
"Amy";"Free Palestine 🇵🇸🇵🇸 Fuck Israel, fuck the IDF and fuck anyone who doesn’t stand with Palestine";"27-09-2025";"No Other Land";"en";16
"George Fenwick";"speechless. lays bare the deranged, purely evil ways in which Israel dehumanises and destroys Palestinian life.";"15-11-2024";"No Other Land";"en";16
"ProfessorGuts";"No Other Land emotionally shattered me and just filled me with anger. It's a documentation of the illegal seizure of Palestinian land by Israel.";"26-03-2025";"No Other Land";"en";24
"Vlad P";"There is an entire centuries-long history that I’m not in any way equipped to talk about here, and I certainly can’t contribute to the impassioned discussions that have been had about the inhumane state of the occupied Palestinian Territories because I could never articulate it as well as others have. But No Other Land speaks for itself. Shot over four years by Palestinian and Israeli filmmakers, the documentary offers an unfiltered, ground-level view of life under military occupation. It follows… more";"24-02-2025";"No Other Land";"en";81
"Alexander Scott";"Two questions intertwine and clash throughout the 4 years depicted in these images: ""How can this carnage be stopped?"" and ""How can these people endure any more?"" There is only a thin, temporary answer in hope and resilience. With each passing day and every new humiliation paid in blood, that conviction is chipped away. More pressingly, so are their lives.";"29-09-2024";"No Other Land";"en";60
"RAFIF";"""We have no other land"" ""It's our land"" ""That's why we suffer for it""";"24-10-2024";"No Other Land";"en";14
"aliciadaphnex";"It’s revolting and heartbreaking. Even with the countless inhumanities shown here, the numerous crimes depicted don’t represent even 1% of what these people have suffered over the years. This documentary is mild compared to everything that actually happens there, and yet it leaves you with a sense of horror. A feeling of anger and anguish lingers with you after you finish watching it.";"26-01-2025";"No Other Land";"en";63
"Hunter Morris";"When Harun’s mother speaks to a secondary documentary crew that has come to film her disabled son (paralyzed by the IDF), she says other crews have come before…and still nothing has changed.";"19-03-2025";"No Other Land";"en";32
"Chandler Balli";"The most important movie in the world right now. Do everything you can to watch and support it. ";"13-02-2025";"No Other Land";"en";18
"Fede";"Aside from the fact that it's a propaganda piece, it genuinely isn't good at all. ";"02-03-2025";"No Other Land";"en";15
"backwardsman";"I have never felt this helpless, frustrated and angry in a film as in “No Other Land”- we can all learn a thing or two from Yuval and Basel, who stand up to overpowered oppressors. This is cinema that is raw, brutal, informative and emotional. I’m by no means an activist, but as far as films go that have an activist vision, this is about as political as it gets. Importantly so.";"22-02-2024";"No Other Land";"en";72
"Beau Oliver";"There is nothing complicated about occupation, apartheid, ethnic cleansing & state sanctioned violence, and Basel Adar, Yuval Abraham and the rest of their team use the power of documentary filmmaking to make that point as clear as day. Essential viewing.";"29-09-2024";"No Other Land";"en";40
"Ben Nixon";"Harrowing, yet powerful filmmaking, one of the most urgent and significant documentaries of the year. Created by a Palestinian-Israeli collective, No Other Land chronicles the destruction of Masafer Yatta, depicted from the eyes, and beautiful friendship, between Palestinian activist Basel Adra and Israeli journalist Yuval Abraham. Their collective effort is an act of such commendable resistance, and their commitment to their cause highlights the power of storytelling in this sad reality of oppression.";"19-11-2024";"No Other Land";"en";73
"Simon Ramshaw";"Watched this as part of my 2024 catch-up, yet cannot place it in any ranked list. It's impossible to assess as a film to be analysed for its artistic prowess or construction, or even level of engagement and enjoyability, simply existing as a plain document of ordinary people under unspeakable oppression. You keep thinking the rules of documentary editing will save you from the experience, like a hopeful twist towards the third act that forms a light at the end… more";"13-12-2024";"No Other Land";"en";81
"Hyun";"sometimes i forget how legitimately brave people are sometimes. that they're willing to use their artistic medium to show us a reality people struggle to realize or have found themselves confuddled in due to the media or a lack of comprehension. i certainly don't know all too much; but cinema knows. this is brave enough to acknowledge how this situation isn't all that simplistic; that there are individuals that span in perspective, and we're willing to empathize with the very… more";"15-12-2024";"No Other Land";"en";81
"Sky";"Incredible documentary, how it depicts the hope these beautiful people have amongst the atrocities committed against them emphasises the unyielding strength of the Palestinian identity.";"03-02-2025";"No Other Land";"en";25
"lauren *:･ﾟ✧";"this film contains extremely important, frequently terrifying footage of the israeli dispossession and cleansing of a palestinian village via relentless and concerted campaigns of military and settler vigilante force, from arrests to stun grenades to bulldozers to disabling and lethal gun violence, documented and disseminated by film co-directors basel adra, a palestinian activist, and yuval abraham, an israeli journalist, between whom there is a sincere but uneasy friendship, underlined by the many inequalities of their experience of the land on either side of israeli apartheid. the silences and tensions constitute a fascinating aspect of the film, which often seems unsure of its usefulness, rubbing up against its own limits, because the representation and revelation of the coloniser’s crimes does not stem them (or perhaps it does, temporarily; an anecdote about tony blair visiting masafer yatta may ambiguously suggest that the strategy is waiting on the recognition and benevolence of western imperial governments— reinforcing an earlier hope expressed in the film that what it documents will induce the u.s. to pressure israel to suspend the demolition campaigns— the chances of which look increasingly remote). so how do we gain the power to do so? i was most unsure going into this what the role of yuval would be; i like that his presence and intentions as a “human rights israeli” are interrogated, though it is frustrating when a debate scene between yuval and one of the villagers seems to end prematurely, before the contradictions of his being a settler, the meaning of ending occupation, some vital political questions generated about the existence of israel, are really teased out. but sometimes its silences, and the film’s delicate reliance on images, are so powerful— like the lingering shot on harun abu aram’s mother after her interview with foreign journalists, the use of which already seems hopeless, slowly collapsing into tears. the film’s zeroing in on these individuals show how occupation has devastated their lives. basel talking about his uncertainty about having a family with no stability in the land is heartbreaking.";"06-02-2025";"No Other Land";"en";338
"Doom";"Hamdan Ballal is alive and free after being blindfolded, handcuffed, and beaten by soldiers last night. He is about to go home to his family. Source: Yuval Abraham's twitter ";"25-03-2025";"No Other Land";"en";29
"Graham Williamson";"Part of March Around the World 2025. Today: Palestine! Also 52 films by women 2025: 35/52.";"23-03-2025";"No Other Land";"en";16
"Sam ☀️";"Hard not to imagine a future where this is shown in classrooms, and kids with love still in their hearts asking how this was allowed to happen. We’re not going to have a single answer for them.";"15-08-2025";"No Other Land";"en";37
"kurt211";"The Oscar-winning No Other Land is yet another example of how selective storytelling fuels anti-Israel narratives. The film presents Palestinians in Masafer Yatta as helpless victims but deliberately ignores key facts:";"03-03-2025";"No Other Land";"en";31
"Syl Lap";"I had never heard of this film until its co-director, Hamdan Ballai, was arrested today. Ironic, isn’t it? Israel, in its infinite paranoia, ensures that works like No Other Land do not go unnoticed. Their censorship and repression become their own publicity.";"24-03-2025";"No Other Land";"en";42
"rischka";"A Palestinian director of the Oscar-winning documentary “No Other Land” was beaten bloody near his home by Israeli settlers and detained by the Israeli authorities in the occupied West Bank on Monday evening, witnesses said.";"24-03-2025";"No Other Land";"en";35
"Brandon";"Quick note to say that I've been gone for a week and while on vacation was trying to to distance myself from my phone. So I'll be coming in hit with some rapid fire review with things I watched on the plane. Sorry for the noise!";"03-10-2025";"No Other Land";"en";46
"Paul Elliott";"No Other Land, a documentary by a collective of Palestinian and Israeli filmmakers, stands as a powerful testament to resilience and solidarity amidst adversity. This film delves into the heart of the West Bank's Masafer Yatta, capturing the stark reality of occupation and the indomitable spirit of its people. It’s a documentary that challenges conventional filmmaking norms, with its very existence threatened during production, yet it emerges as an unflinching portrayal of a community's struggle for survival and justice. The film, which garnered accolades such as Best Documentary at the Berlin Film Festival, weaves together the narratives of Palestinian filmmaker Basel Adra, Israeli journalist Yuval Abraham, Palestinian farmer Hamdan Ballal, and Israeli cinematographer Rachel Szor. Their collective effort is a raw, unsensationalised depiction of life under occupation, as seen through the lens of those living it. Adra's footage, begun at the age of 15, serves as the backbone of the film, providing a deeply personal and poignant perspective.";"28-11-2024";"No Other Land";"en";158
"Mathias";"Attuned to the possibilities and limitations of the image as a tool of resistance. Basel, the central Palestinian activist and filmmaker, constantly confronts IDF troops, Israeli police, and Israeli settlers with the refrain, ""I'm filming you, I'm filming you"" - which is to say, the Israelis either know that what they are doing is wrong, or that they know that the rest of the world will never be convinced that what they are doing is right, and so cannot allow these images and footage of their actions to be displayed. Basel's ""I'm filming you"" is roughly equivalent to ""I'm damning you and you know you deserve it."" The action of filming, of the image, is also radicalized since the genocide in Gaza, with IDF soldiers being charged while abroad with war crimes due to what they have posted on social media. To see is to know. But is to know enough? The image is an act of resistance, but can the image alone achieve liberation? Basel wrestles with this throughout, constantly on his phone uploading footage and pictures and concerned with how many people have viewed his posts. Many Palestinians comment in the documentary on whether journalism has any efficacy for them anymore - what does it matter if no one cares? I think here on Mary Turfah's review in the Mubi Notebook, which criticizes the documentary for not grappling with the issue of armed resistance and October 7th. But I think that elides Basel's commitment. If one does not choose to take up the gun, how can one resist? You can take up the camera. Maybe knowing is not enough, but to not know never will be";"13-02-2025";"No Other Land";"en";278
"Breinner";"Which side of the conflict am I on? The side that wants this stupid war to end.";"09-03-2025";"No Other Land";"en";17
"Jeffrey Overstreet";"[This film did not play in Seattle until February 2025, so I cannot include it on my 2024 Favorites list. It’ll be on the 2025 list.] ";"09-03-2025";"No Other Land";"en";26
"Screamer Jim";"Pretty clear why the Israeli lobby has been working so hard to limit distribution of this film. You might find yourself unspeakably upset and even identifying with Palestinians. You might consider viewing them as human. You might see with your own eyes all the markers of an apartheid state where water, crops, homes, education, transportation, employment, health care all exist in a state of absolute segregation. You might see a direct line between hooded Israeli settlers attacking Palestinian homes and shooting Palestinians under the watchful, protective eye of law enforcement and the KKK’s Jim Crow terror campaigns in our own country. ";"16-03-2025";"No Other Land";"en";101
"Alex Billington";"How can anyone watch this and NOT be like ""those are Nazis."" I don't get it. This footage in this doc is all so clear and obvious and irrefutable. It's the truth. It's exactly what is happening, whether you want to believe it or not. There's even a shot of shoes & clothing dumped outside after forcibly evicting a Palestinian family from their home and it's again like, yep, the Nazis also did that, too. That kind of unforgettable imagery connects right to the piles of shoes leftover from the victims of the Holocaust. When will people wake up and realize what is REALLY going on here?!?!";"01-07-2024";"No Other Land";"en";107
"TheMisfitPond";"No Other Land is the single most important, powerful and soul crushing documentary to come out during my lifetime and a MUST SEE for any and everybody; especially every taxpayer whose dollars are funding this atrocity. As someone who has been paying attention to the ethnic cleansing and genocide of the Palestinian people for nearly a decade now, this documentary exposes the inhumane displacement of the Palestinian people and the destruction of their infrastructure (homes, land, water, power, schools, etc..) by the hands of the Israeli State, military and citizens (settlers) in the most gut-wrenching clear-cut way possible. What we see throughout the film through the eyes of Palestinian citizen Basel along with collaborative Israeli journalist Yuval, leaves no room for interpretation that Israel is occupying Palestinian land and accomplishing their establishment of an apartheid state through barbaric and soulless uses of violence. The amount of restraint and patience the Palestinians show in this film despite the every day nightmare they’re forced to wake up to is unprecedented. Every day is a day filled with desperation, violence and hopelessness; Yet, the tenacity to stay and attempt to rebuild what is repeatedly and expansively being destroyed and occupied is a divine strength like no other. No matter where you land on the political spectrum, this film will make you understand on a human level that nobody deserves to live without freedom, dignity and a place they can call home. So far, No Other Land has no official distribution in the United States for the obvious reason of our governmental, financial and political support for anything the State of Israel wants to do. There is a very limited theatrical distribution thanks to independent avenues making it temporarily available. If you live in the state of Georgia, it’s playing at the Tara Theatre. Please go and watch it while you can. Really hoping this wins Best Documentary at the Oscars. Maybe some kind of change will actually be possible… ";"08-02-2025";"No Other Land";"en";326
"FÜHRER NSNS";"It’s not the film that claimed the Oscar, but the Oscar that it earned🇵🇸🤍💚.";"03-03-2025";"No Other Land";"en";14
"Miguel Felix";"At first glance, No Other Land caught me off guard. I didn’t know much about the specific conflict portrayed in the film, and that alone sparked a genuine desire to learn more. At the same time, I expected something along the lines of 20 Days in Mariupol — a more straightforward approach, focused on devastation and urgent denunciation. But No Other Landfollows a different path: less of an exposé, more of a chronicle about living under the weight of injustice. And within that proposal, it’s a good documentary.";"02-05-2025";"No Other Land";"en";88
"Sarah Genao (just2good)";"A sad and poignant about a village in the west bank being destroyed by the Israeli government. We mainly follow Basel Adra - a palestinian man whose life has been documented since birth, being born to Palestinian activists; and Yuval Abraham - an Israeli journalist. And this just covers events up to January/February 2023 - YEAH. Everything after October 2023 comes in very briefly aided with post-text at the end.";"25-07-2024";"No Other Land";"en";70
"Lore.films";"This is a must watch. The events before October 7 aren’t spoken about enough. The Palestinians have been facing tyranny for decades. Their land was taken just like their livelihood and privacy. And it’s only got worse. 🍉";"30-09-2024";"No Other Land";"en";38
"Jason Segel-Eye Cherry";"Educational to a punishing degree and totally intrusive in the most informative way possible. One of the strongest ""camera doesn't lie"" documentaries I've seen.";"19-12-2024";"No Other Land";"en";24
"Jeffrey Overstreet";"I’m re-posting this to recommend this brilliant film again, urgently, and also as a prayer and plea for help as we receive the awful report that co-director Hamdan Ballal has been badly beaten by settlers, then taken from an ambulance by Israelis. As of this writing, no one knows where he is.*";"24-03-2025";"No Other Land";"en";52
"nalbis";"there's such sheer determination in the capturing — distilling such specific images into necessary pieces to tell the full scope of the story all whilst this occupation continues. in a scene where a protest is forcefully dispersed into chaos by military; the cameraman takes a moment to film a bunch of balloons floating into the sky, it's an empty sky, all blue, nothing else in the frame. all while families and children scream in the background, yet they decided to film… more";"03-03-2025";"No Other Land";"en";82
"Warda";"This documentary winning an Oscar in front of so many Zionist faces is the greatest moment of the Oscars history ❤️🇵🇸❤️";"03-03-2025";"No Other Land";"en";21
"máte vargas (free 🇵🇸)";"Seeing zero Western media coverage on reports that Oscar winning filmmaker Hamdan Ballal has been severely beaten by Zionist settler lynch mobs and abducted by occupation forces";"24-03-2025";"No Other Land";"en";27
"Nicolas Pedrero";"Important. Not only is it shameful no one has picked this film up for distribution, it is fear-inducing.";"21-11-2024";"No Other Land";"en";18
"Bryan Loomis, But Spooky";"Was deeply reminded of Harlan County USA while watching, in a good way. It's power lies simply in showing you what is happening - these images are a hell of an argument. Convos between Basel and Yuval are always compelling, and give you a sense of both the toll that life in the West Bank is taking, as well as the deep passion they have for activism and getting more attention on the destruction of Basel's community. Shakycam was really rough at times, but I get why they included it.";"30-04-2025";"No Other Land";"en";90
"Jam";"i must admit i giggled when he asked when they were going to get married free Palestine keep the bromance alive";"01-11-2024";"No Other Land";"en";21
"Matt Goldberg";"Probably the hardest movie I've watched all year. The suffering of these Palestianian people is painful to watch, and as a Jewish viewer, I feel even worse.";"12-12-2024";"No Other Land";"en";27
"avidore";"This so-called documentary is nothing more than one-sided pro-Palestinian propaganda, riddled with misinformation and devoid of context, seemingly designed to manipulate emotions rather than present reality. The IDF base in question is located in Zone C, which, as per the Oslo Accords, is under full Israeli control. Established in the 1980s, the base predates the illegal settlement by Basel’s community, who deliberately built there in defiance of Israeli authority and existing agreements.";"05-03-2025";"No Other Land";"en";72
"emma";"we cannot allow this to be erased, restricted, or hidden from audiences. we cannot watch, be moved, and continue to do nothing - regardless of our power. it will always be from the river to the sea, palestine will be free.";"26-02-2025";"No Other Land";"en";41
"Babis";"No Other Land is a deeply moving and painful documentary that powerfully captures what it means to live in a land that is being taken away piece by piece. It gives a voice to those who are too often ignored, making their suffering, anger, and unbreakable hope impossible to overlook. The images and stories stay with you- they are raw, honest, and demand to be seen. This documentary is more important than ever because it doesn’t just inform; it deeply… more";"02-03-2025";"No Other Land";"en";81
"Brian Rowe";"An essential harrowing film that’s probably going to win the Oscar for Best Documentary. Like the incredible The Perfect Neighbor that I just saw at Sundance, this movie has no voice-over, no talking heads, and instead shows the stark reality of its subject in intensely gripping detail, at the same time finding an intimacy with a moving portrait of friendship.";"09-02-2025";"No Other Land";"en";60
"cinemacl🎃wn";"A harrowing account of grave injustice & everyday oppression that the Palestinians have been subjected to by the occupying settler-colonial ethnostate for decades, No Other Land offers a first-hand coverage of forced displacement being carried out by the occupying forces against the indigenous population in West Bank and makes for a powerful & devastating documentary that's as urgent as it is enraging.";"13-02-2025";"No Other Land";"en";62
"nisa";"And never think that Allah is unaware of what the wrongdoers do. He only delays them for a Day when eyes will stare (in horror). —Ibrahim 14:42";"07-03-2025";"No Other Land";"en";27
"cgavin";"In a film which clocks in just over 90 minutes and covers several years in Masafer Yatta as its people reckon with brutal occupation, there is an unexpected attention paid to silence and distance. In the tangible tension between Basel and Yuval, there exists the lingering spectre of settler colonialism and cyclical bloodshed, regardless of the nobility of the latter’s intentions or the authenticity of their friendship. In the frequent shots of Basel on his phone, witnessing the reactions of the world, as bulldozers rumble and gunshots echo ceaselessly, it is a documentary that wrestles with the limitations of documentation. In the fleeting glimpses of Western politicians and journalists, there is a deafening confrontation with the uselessness of guilt or sorrow as ends in themselves; the need to rise above discourse and dopamine. There’s no disentangling yourself from this in a country that supports and funds the oppressors; there was an ad for McDonalds before the film, and another recruiting for the marines.";"11-04-2025";"No Other Land";"en";163
"Alex Engquist";"One of the only films I've seen in my life that I would call necessary. I went into this already opposed to the Israeli war in Gaza and the genocide of the Palestinian people, and this was still eye-opening for me. It captures, with startling intimacy and stark clarity, the systematic dehumanization, violence and psychic warfare experienced by the Palestinian people of Masafer Yatta under Israeli occupation. As a collaboration between Palestinian and Israeli activists/journalists/filmmakers, it is both an act of bearing witness and and an urgent call to be seen. I think every American should see this film to better understand what our government is supporting when it supports the Israeli government and military.";"03-02-2025";"No Other Land";"en";115
"srimanarayanan";"the one star review i liked below is a fantastic piece of writing, read that";"07-02-2025";"No Other Land";"en";15
"Jack Uffer";"On 7 October 2023, Hamas orchestrated an assault on Israeli civilians near the southern region of Israel. The Israeli and Palestinian populations have been engaged in conflict for centuries. It all began with misinterpretations of religious texts from both sides and has since spiraled into a path of destruction.";"31-07-2024";"No Other Land";"en";49
"Nir";"I waited and waited to see how this one-sided pro-Palestinian propaganda would address the events of October 7th. I expected to find just a minimal room for those tragic days of that dark October, when Hamas terrorists entered family homes and music festivals, massacring, burning, beheading, raping, and kidnapping babies, children, mothers, grandparents. I expected to come out of this film seeing both sides engaging in self-reflection. But no. Instead, I saw yet another out-of-context clip from October 13th of a ""settler"" shooting a villager in the leg. Shameful. Good documentary cinema presents reality without bias, without giving any side a free pass. But this film is nothing more than cheap propaganda.";"27-02-2025";"No Other Land";"en";112
"mimi";"had the immense privilege of speaking to directors basel adra and yuval abraham about this extraordinary film. i know i'm always plugging my shit but it would mean the world if this was read and shared.";"20-11-2024";"No Other Land";"en";36
"Michel";"Palestine is Congo is Sudan is South Africa is Ireland is Hawaii is Aboriginal Australia is the Native Americans is all of us all at once. we aren't free until we're all free.";"08-02-2025";"No Other Land";"en";33
"angie <3";"gut-wrenching, but essential viewing. no other land offers an intimate, humanized portrayal of ordinary people simply trying to live their lives—sharing meals with their families, drinking water from their wells, taking their children to school—only to have these basic actions disrupted by the army and settlers. it’s a devastating reality of seeing basic human rights taken away, to construct a military training ground.";"28-02-2025";"No Other Land";"en";63
"maia arson crimew";"how anyone can defend israels crimes against humanity is truly beyond me. from the river to the sea.";"02-03-2025";"No Other Land";"en";18
"Brett Arnold";"Not all that complicated, really. There’s a right and wrong here.";"29-01-2025";"No Other Land";"en";11
"James";"This is the kind of film many will want to ignore and avoid. And I say that as someone guilty of almost doing the same thing myself. Had it not been for my sister visiting from out of town and curating most of my New York Film Festival schedule this year, I probably would have missed out on one of my favorite films from the festival so far.";"29-09-2024";"No Other Land";"en";68
"Tim Brayton";"I'm not sure how ""necessary"" this is, by the terms the film itself sets forth (it opens by announcing, in all but so many words ""I am an activist, and thank you for coming to see my awareness-raising propaganda""): I am very doubtful of the idea that there exists anybody with a sufficiently malleable opinion on the Israeli-Palestinian conflict that seeing this not-particularly-graphic footage would change their mind who would also ever willingly sit down to watch the film. At… more";"23-01-2025";"No Other Land";"en";81
"mimi";"an essential document not just of palestinian resistance in the west bank and the smug oakley-wearing settlers who bulldoze villages, but also of pleading with the world to bear witness to your own suffering across generations, and the way the internet has shaped contemporary palestinian life.";"02-10-2024";"No Other Land";"en";46
"Comicbookfan";"No other land is a powerfully emotional documentary detailing an israeli army and government's destruction and removal of a small Palestinian farming villiage from the point of view of two activists. It's thought provoking upsetting material and shows the crimes and violence and fear that this government inflicts on the villiage and the advantage they take with the law doing what they want to a village that is trying to live and and survive while armed forces are taking away their homes and community. An urgent, scary film and one that shows the point of view of someone in the chaos and nightmare of the situation amd and not news footage.";"22-02-2025";"No Other Land";"en";111
"Mattatouille";"The fact that this won the oscar for best documentary without having a major U.S. distributor is both a testement to how powerful it is and simultaneously the most fitting display of complete and utter bullshit I've seen in a good long while.";"09-03-2025";"No Other Land";"en";43
"Nathan Spencer";"The cinematic equivalent of a bullet fired point blank into your chest, something militant and masked Israeli settlers do to unarmed Palestinians (while IDF soldiers watch with glee) in No Other Land. The reason that this Oscar-winning Documentary still has no distribution is obvious: no one can see this film and walk away from it believing that Israel has ANY justification for the genocide they're inflicting on Palestinians, and people in power don't want a mass awakening to happen. In No Other Land, IDF soldiers roll up to schools that are in session, full of kids, and demolish them. They bulldoze homes with families inside, scrambling to remove belongings. They fill in wells and gardens with cement because a new law was signed making them illegal, even though they weren't the week before. They tell Palestinians that they must have a permit to rebuild their homes, but then deny every permit application. When the families rebuild anyway, IDF ghouls retaliate with more violence to suppress ""illegal activities."" Palestinians are not human beings in the eyes of war criminal Benjamin Netanyahu, and sadly, his decades-long propaganda machine has successfully brainwashed much of his country and the world into believing Israel is under siege by the people depicted in this film. Until October 7th, 2023, I knew next to nothing about this conflict other than that it had been happening for a long time. If asked, I'd have told you I supported Israel's efforts because that's what I'd been told was ""right"" my entire life. Since that moment, I've taken the time to read, listen, and learn the truth about what is still transpiring. A wide release for No Other Land is vital in stopping the genocide. But Hollywood is too cowardly to do so.";"25-06-2025";"No Other Land";"en";293
"Alex Leonce";"If No Other Land doesn't leave you infuriated, you simply have no soul and heart.";"26-09-2024";"No Other Land";"en";15
"sage";"powerful and essential viewing. spent the whole watch fluctuating between seething with anger that we live in a world that stands idly by in the face such injustice and crying for the suffering of some of the strongest people i’ve ever seen.";"06-03-2025";"No Other Land";"en";42
"Catherine";"same world, different life. that's what this documentary is all about. it can't even be said that because there are too many harsh realities, misery, blindness, rottenness of the actions of these boars, israel. for more than centuries they oppress by doing this disgusting thing without any sense of decency and morality what they do. some of my news, articles and social media are filled with touching my heart while reading and seeing the incident yesterday they were held without food for 48 hours. shot a high risk film by fulfilling the guts to make this courage that can be captured and displayed to the world how important education and a sense of humanity that is missing from the veins of israel in eradicating them completely. this is more than humanity, they bomb mosques and churches it is a symbol of violence that makes them even higher to do even more cruel things.";"28-07-2025";"No Other Land";"en";153
"Virzha Mutia P";"No Other Land is one of the most heart-wrenching and infuriating documentaries I’ve ever seen. And how I cried and felt so angry throughout watching this. This film shows the unimaginable cruelty of the Israeli Defense Forces (IDF): cutting off electricity, destroying water access, and forcing Palestinians to live as strangers in their own land—sometimes even in caves.";"03-12-2024";"No Other Land";"en";58
"Sahil Amar Aïssa";"Watch this and tell me Israel is not, by any measure, a racist, terrorist, genocidal apartheid-colony.";"12-01-2025";"No Other Land";"en";16
"Kantemir Balagov";"Powerful and devastating, it’s sad to feel that Art is helpless before politics. But that doesn't mean it’s meaningless - quite the opposite.";"15-07-2025";"No Other Land";"en";23
"Mike Kennedy";"MIFF has always had a strong documentary stream and this one, directed as a collaborative effort by a Palestinian-Israeli collective, demonstrates the power of documentary filmmaking as a social and political tool. ";"15-08-2024";"No Other Land";"en";32
"TheCinemaCorner";"Any star rating from me on this film doesn’t matter. Even though it’s grasp on this is quite great, to walk out of this film and have mise-en-scène as the first thing your mind is pretty unfathomable. I’m sure there will be debates (which should only involve Palestinians) on how effective this film is as a piece of activism but all I can say is it shows it’s Western viewers what they need to see. The sheer barbarism of the settler-colonial state of Israel and the love, despair and unity of the Palestinian people. Every single American should be required to watch this film.";"05-10-2024";"No Other Land";"en";104
"Amal Daoud";"Never in a million years, I thought I would watch this film. However, I was invited to watch it, and back then I didn’t recognize it was the Israeli film that the media talked about last year. I hate this film, as much as I hate the Israeli films that are made about Palestinians. This film is not honest at all. The “Israeli” journalist Youval is standing as a hero defending Palestinians in the eyes of the occupiers forgetting that he’s an occupier too. There’s nothing as one state for two of us, there’s no us. That’s why Palestinians must make their films. You mustn’t expect that a Palestinian who is killed by you in his/her land is welcoming you. This film was made for festivals that like this kind of comparison. There is nothing to compare between the life of a Palestinian and what is called an “Israeli”.";"24-11-2024";"No Other Land";"en";149
"Cary NewYorker";"There will never be peace over this piece of land. Never. ";"18-01-2025";"No Other Land";"en";11
"Richard";"The Academy’s appreciation of urgent frontline documentaries continues, and that’s no bad thing. Without old-fashioned talking heads or attempts to “both sides” its story, No Other Land takes a strikingly human approach. One moment in particular will haunt me: a soldier responds to a mother pleading for her daughters’ lives with a chilling, indifferent “It doesn’t matter.” The cold dehumanisation in that phrase is shocking, yet it’s just one of many heartless moments in a documentary that chronicles the violent… more";"16-03-2025";"No Other Land";"en";81
"JAILLUD";"Following up with this after watching Louis Theroux: The Settlers last week gives the absolute perfect one two punch of proof to the mouth-breathers out there that are still defending Isreal. They depict no more a stark contrast between the two sides of this conflict, civilians against army, stones against guns, natives against settlers, humans against animals, right against wrong. Our western governments are not only standing by allowing it to happen but we are deploringly funding and perpetuating the… more";"11-05-2025";"No Other Land";"en";81
"Exir Kamalabadi";"Was torn on whether I wanted to watch it, against my better judgement -- which just highlights how parched the media landscape is, that even pitiful scraps like these are tempting. But the reception at the Oscars pretty much sealed the deal. I simply can't bring myself to struggle through yet another ""peace-camp"" narrative about an Israeli and Palestinian sitting down to talk about their fEeLiNgZzzzzz.";"06-03-2025";"No Other Land";"en";66
"Dave Gonzales";"American distributors are absolute cowards. I guess I should have expected this when there was backlash to the Zone of Interest Academy Awards speech, but damn.";"02-11-2024";"No Other Land";"en";26
"Julian (Seeking Film)";"No Other Land premiered just four months after the increased aggressions by the Israeli state against Palestinians in the West Bank and the Gaza Strip. The film itself was produced over the course of the preceding five years, beginning in the summer of 2019; our introduction to its Palestinian co-director and primary subject, activist Basel Adra, is his recollection that his first memory was one of settler aggression towards his family. Anyone asserting that this hostility towards Palestinian civilians began… more";"26-11-2024";"No Other Land";"en";81
"V. Lepistö";"Some of the most haunting images ever put to film. The filmmakers structure the footage very effectively and load images with so much emotion and meaning. If someone can watch this and still find some sympathy for the Zionist project, then one has completely lost their humanity.";"08-01-2025";"No Other Land";"en";47
"Jos 4.0 🍉";"There’s no use in Western guilt and tears. In fact they cause harm. ";"30-03-2025";"No Other Land";"en";13
"Stringer Bell";"The type of infuriating yet important piece of work that shines a light on vile atrocities in a method so tangible that it makes you want to scream into a void until you tear vocal chords and even then, it's not enough. We sit here as mayhem and destruction is happening halfway across the world and everyone hopes for some change with IG stories and twitter posts while Yuval Abraham and Basel Adra have actually taken ACTIVE steps to raise awareness in an effort to spark that discussion. This is not a straight up documentary, and it's not even plea for pity, it's an honest window into something Western media doesn't want you to be a witness to. It hits like a break in the face that the same people who 80-90 years ago have faced one of history's biggest genocides have become the villains of modern day history. And unfortunately, the inhumane actions of the Israeli forces have seen no signs of slowing down and no end in sight. Despicable, devastating. A must watch.";"04-06-2025";"No Other Land";"en";175
"disha";"glad I caught this at a screening, it's nice to know we still have spaces in Delhi where we can talk about Gaza without being harassed.";"11-10-2025";"No Other Land";"en";26
"Manoj Panicker";"What the four activists behind the making of 'No Other Land', one of the most acclaimed documentaries of the year, manage to do is present a case study about Israel's illegal occupation that goes beyond the debate of October 7th 2023. Through the eyes of Basel Adra, a local activist from Masafer Yatta and Yuval Abraham, an Israeli journalist, we see a five year documentation of the Palestinian struggle with holding on to their ancestral land while having to fight… more";"26-01-2025";"No Other Land";"en";81
"Jake Alda Coffey";"This is one of the best and most important documentaries I’ve seen in a long time and the fact that no company was willing to distribute this movie is insane to me. This is an essential movie that deserves to be seen. ";"08-02-2025";"No Other Land";"en";42
"Troy Thrace 🏳️‍🌈🍉";"At the centre of No Other Land is a gorgeous, burgeoning friendship underpinned by solidarity and a fraught, unspoken feeling. Friendship as apartheid. Forged because of it, defined by it. Yuval, an earnest Israeli journalist, can go home each day, literally and metaphorically, washing the dirt from his hands. Basel, a beleaguered Palestinian activist, can not leave the Israeli occupied and controlled West Bank. Perhaps, never. Unless there is change.";"08-01-2025";"No Other Land";"en";70
"bummer_buddy";"While I’ve enjoyed most of the nominated films this year (a nice and rare surprise!), this is the only win I’ll truly be rooting for tonight. This is brave and impressive journalism, well assembled and devastating to witness. Israel doesn’t have a right to exist, death to every settler and fuck every single stateside Zionist and celebrity in attendance tonight who hasn't used their platform to advocate for Palestine.";"02-03-2025";"No Other Land";"en";69
"ellis";"wish i saw this in 2024 because it’d be towards to the top of my list, maybe the best. beyond my own political beliefs about palestine, this movie is really why the medium of cinema or even existence of cameras is important.";"07-03-2025";"No Other Land";"en";42
"Dan Monaghan";"Bulldoze homes and schools, fill wells with cement, shoot unarmed civilians, flashbang and beat protesters, arrest people for filming you, then act surprised when people respond with violence.";"12-02-2025";"No Other Land";"en";28
"Daniel Bayer";"Not the point, but I ship Basel and Yuval SO HARD.";"20-09-2024";"No Other Land";"en";11
"AdequateEmily";"Please go support this. Its not reinventing the documentary by any means, but for a boots on the ground, deeply personal first person view of the destruction in the West Bank, it is incredibly vivid in how it tells this story. And it deserves to get its due despite not getting any US distribution deals. Go support it.";"17-02-2025";"No Other Land";"en";58
"badgalreyrey";"we weren't born to live oppressed! for Masafer Yatta has grass, a mountain, a chicken house, a house, a rock... they exist!!!";"01-03-2025";"No Other Land";"en";22
"Mathew";"TV Reporter: [Interviewing the woman after home home has been destroyed by the Israeli Defense Forces.] Do you have any place to go? Palestinian Woman: We have no other land.";"21-05-2025";"No Other Land";"en";30
"Eliza";"fuck israel and fuck the united states for supporting their brutal ethnic cleansing campaign";"05-03-2025";"No Other Land";"en";14
"jryn7";"I had been waiting for this one since it played the festival circuit and critics were worried it would not get a US release. Being up for Best Documentary has made it harder to ignore, and it’s playing at the Music Box in town now. No Other Land covers four years in the Israeli Army’s attempts (with court backing) to destroy a community of eight Palestinian villages in the occupied West Bank - villages that have existed on maps since the… more";"10-02-2025";"No Other Land";"en";82
"George Clark";"Shocking, real, depressing and heartbreaking. No Other Land, like 20 Days in Mariupol the year prior, showcases an illegal invasion of one’s homeland that will rock you to your core. For half a decade, Basel Adra, a Palestinian activist, filmed his community of Masafer Yatta under attack by Israel’s illegal occupation. Without regard to their own safety No Other Land captures the reality of what's been going on in Palestine. It’s a true testament to the worst of humanity, those… more";"02-03-2025";"No Other Land";"en";81
"maarkywaarky";"Basel and Yuval are the real heros. What the Israeli government and their soldiers are doing to the people of Palestine is wrong. Point blank. This film is truly an eye opening and emotional roller coaster. The cinematography is great for being a POV documentary.";"16-03-2025";"No Other Land";"en";45
"cinema excelsior";"this is what the most important film of a generation looks like";"01-04-2025";"No Other Land";"en";12
"Jackie";"“we have no other land. it’s our land, that’s why we suffer for it.”";"13-01-2025";"No Other Land";"en";14
"Chase";"An experience everyone should interrogate their part in. An experience we should all envision ourself being in and try to feel the weight of. An experience I'm glad to have been able to give whatever privilege I have towards it, even though it could never be enough. An experience that, even if you think you know where you stand, you must never give up trying to feel and live and fight for those who are being oppressed and destroyed, in whatever way that you can. An experience that was warm and human and devastating and brutal and left the movie theater speechless and frozen when the credits rolled. An experience you MUST experience.";"19-02-2025";"No Other Land";"en";113
"san 🦇";"israel is looking more like the zone of interest by the day. remarkable doc.";"28-02-2025";"No Other Land";"en";14
"RyLan";"The Mayor of South Beach, Miami is attempting to shut down O Cinema, a long standing art house theater, for the crime of: screening this film, the oscar award winning documentary.";"13-03-2025";"No Other Land";"en";31
"Alex Kotlyar";"Silly of me to think this would be an interesting story of two journalists unique perspectives on what’s currently happening in the Israeli-Palestinian conflict. Nope - instead we get 1.5 hours of wildly pro-Palestinian propaganda. Unbelievable how little context this movie provides to the issue at large. They just want to show “look at this sad mother and child as their home gets destroyed” and force you to jump to conclusions without any other information or context. Not one interview… more";"25-01-2025";"No Other Land";"en";81
"claire";"cried throughout the whole screening. beyond everything we know about palestine it’s just such a beautiful portrait of a place and a community that israel doesn’t want you to know exists. went into this sceptical about the israeli/palestinian friendship angle but it ended up being one of the most absorbing and complex elements of the film. the connection between the men is genuine but can friendship exist under conditions where one party can come and go as they please when… more";"16-06-2024";"No Other Land";"en";81
"laird";"Austin folks, this opens at South Lamar this weekend. If you can't make it, the documentary Five Broken Cameras which you can stream for free on Kanopy with your Austin Public Library account, shows a similar portrait of resilience and dignity in the midst of unfathomable oppression. It's over a decade old which goes to show just how unending the violent displacement of the Palestinian people is.";"05-02-2025";"No Other Land";"en";67
"Allan Arkush";"A documentary that puts us in the lives of Palestinians whos centuries old homes and land is destroyed by the Israeli Army, house by Home by school until there is nothing left but their connection to that land.";"03-02-2025";"No Other Land";"en";38
"Kyle Turner";"On the one hand, certainly a useful, human movie as much about one’s own commitment to home and to solidarity, in addition to the weight of legacy in the face of systematic and aggressive dispossession. ";"20-09-2024";"No Other Land";"en";35
"Kenzie Vanunu";"no other land is the most important film of the year. absolutely imperative this is seen by everyone. horrific yet intimate. hearing children identify what exists so they know it’s theirs and real just… ";"25-10-2024";"No Other Land";"en";34
"𝐧𝐚𝐜𝐡𝐨𝐥𝐚𝐬";"my heart ached from beginning to end; descriptions are unable to convey the horrific, depraved and inhumane acts of the state of Israel/IDF, towards the Palestinians.";"15-03-2025";"No Other Land";"en";26
"Ellie";"From the river to the sea, Palestine will be free. Fuck the IDF.";"19-02-2025";"No Other Land";"en";13
"thorfy";"‘I think people need to figure out how to make change’";"05-03-2025";"No Other Land";"en";11
"Dok";"A memory: When I was a kid during the early days of the Great War on Terror, I remember hearing a news report a terrorist attack on a discotheque in Afghanistan and being surprised that dancing was even legal there. I'm bringing this up not out of white guilt, which I think everything from Obama onwards has shown to be the least effective force ever, but to remind myself that there's a liberal counterpart to standard American racism where you… more";"07-02-2025";"No Other Land";"en";81
"✯ Miloš⑬ 🎃↯";"Imagine being born just to live a normal human life, only to have your home destroyed without reason, consent, or agreement, and you have no other land. It honestly, truly breaks my soul.";"22-04-2025";"No Other Land";"en";33
"frmn";"In an age where suffering flickers across our screens like fleeting content, and violence is reduced to numbers in a feed, No Other Land refuses to be passively consumed. It does not ask for empathy. It demands unease. There are no neat arcs of hope, no illusions of reconciliation. This is a work of witnessing — a stark, unflinching record of dispossession, traced across a land whose very existence is contested, and through lives denied not only shelter, but dignity.… more";"01-06-2025";"No Other Land";"en";81
"Kevin Y";"I have no quibbles with the descriptive markers lavished upon this film, be it ""important"" or ""harrowing"" or ""devastating"" - all of those are true and then some, because the footage depicted will and should shake you to your core. But I do think we're slightly reticent to critique the actual filmmaking here, which is a tad conventional and dry, footage without narrative, whose main ""hook"" per se (a tenuous friendship between the Palestinian and Israeli filmmakers) isn't fully probed and even occasionally feels artificially constructed. I think Basel's perspective and account is fully valuable, fascinating, and enriching on its own, so if you're going to introduce this dynamic, it needs to be purposeful and frankly more indicting, with takeaways beyond the observation that their conversations are awkward.";"24-10-2024";"No Other Land";"en";128
"Rendy Jones";"Fuck. I don’t know what else to say. Not only is this an expertly made and edited doc but possibly the most damning images that you’ll ever see. It’ll invoke rage and distress. Free Palestine man. Fuck.";"20-09-2024";"No Other Land";"en";37
"Drew Burnett Gregory";"There’s a naïve part of me that believes all it would take is for people to watch this film. But there’s a wiser part of me that understands, as Basel points out to Yuval, that this struggle has been going on for decades and while resistance is not quick, it is still essential.";"12-09-2024";"No Other Land";"en";53
"Drew";"About five hours before I sat down to view No Other Land at Film Forum, dozens of armed and masked settlers invaded Masafer Yatta to continue their campaign of terrorizing, violating, and intimidating the people who've staked claim to the land for 200 years. It is in these West Bank villages where Basel Adra was born and has been resisting the Israeli occupation for his entire life. No Other Land is his incredible first-hand account documenting life and resistance under this occupation between 2019 and 2023.";"03-02-2025";"No Other Land";"en";86
"Holly-Beth";"there's nothing i can say that hasn't already been said but how anyone can view the situation in Palestine as anything other than genocide is maddening. never stop recording.";"25-03-2025";"No Other Land";"en";29
"vuhlandes";"I left the theater barely able to speak or breathe. I was engulfed in sadness and anger after watching this. It’s hard for me to even sit here and give it 5 stars cause while it was an amazing documentary, I didn’t like what I witnessed but that’s the point. I’m supposed to have these emotions and this is how you know the filmmakers did their job.";"24-04-2025";"No Other Land";"en";67
"Eddie The Plankton";"A documentary so bleak and harrowing, it infuriates me so much I teared up more times than I can count on one hand. Knowing that this isn't mere fiction, that these are real people that are struggling even right now as I'm posting this review makes me physically sick and nauseous.";"09-02-2025";"No Other Land";"en";51
"Stephen Gillespie";"Part way through we hear the story (and see footage) of when Tony Blair visited a school in Palestine. The street he walked down was not bulldozed by Israel; the surrounding area was. As the film says, ‘this is a story about power’. ";"02-02-2025";"No Other Land";"en";43
"Matty";"The 2025 Oscar Race: Nominee #38 of 50 (Documentary Feature #4 of 5)";"29-01-2025";"No Other Land";"en";13
"Carlos Valladares";"It’s been 352 days since this film premiered at the Berlin Film Festival, and no U.S. distributor has picked it up for an official U.S. release. Film Forum in New York is running it anyway this week, major props to them.";"01-02-2025";"No Other Land";"en";41
"mennah";"You don't have to a Muslim to support Palestine, you have to be a human being Free Palestine 🇵🇸";"09-03-2025";"No Other Land";"en";19
"Josefina (Girl On The Shore)";"Exist in this circular progression where the landscape is contantly at odds with the placement and mundanity of the destruction it recovers from (The scene in the poster being one of the most clear examples of the entire film: in between the urgency of that axis cut and the reajustment of the body of Basel, the deformation of this land continues and disrupts even his dreams), where conceiving a future becomes an uncertainty less out of lack of commitment or… more";"08-02-2025";"No Other Land";"en";81
"julie";"“we have no other land. it’s our land, that’s why we suffer for it.” ";"09-02-2025";"No Other Land";"en";14
"Cobrainwater ✄";"I'm fucking speechless. I was so deeply disturbed and overwhelmed with all of the israels monstrosity acts of violence throughout this film, it truly was a tough watch.";"02-03-2025";"No Other Land";"en";28
"CinemaCollect";"What a strange position to be in when there is no U.S. distributor for this. I happened to come across it when going through my emails yesterday and wanted to watch it ASAP before it expired.";"02-01-2025";"No Other Land";"en";36
"Adam Putra";"What a sick world we live in! This is probably one of the scariest, disturbing, anger-inducing, intense, and heart wrenching documentaries I've seen. No Other Land is a work of appreciation for Basel, Yuval, and for any journalists who contributed as voices of human rights and fought life and death documenting Israel atrocities and crimes. I have expected anything that's come to this but still felt in disbelief and enormous rage to every action Israel did to Palestinian in Masafer… more";"08-03-2025";"No Other Land";"en";81
"nora";"made me feel nauseous and angry of course. best as a narrow document capturing only a small percentage of the human rights abuses israel inflicts on palestinians, the endurance required to have resisted for so long and to continue to want to resist. definitely aimed at an audience unfamiliar with the occupation and apartheid (it’s good that it is playing at NYFF) but maybe there’s something wrong here if i’m overhearing some old audience member go “it’s a complicated conflict”… more";"05-10-2024";"No Other Land";"en";81
"Xeremy Hall 🟠🟢🔵";"The common theme of the Oscars documentaries and shorts this year is clearly, to attempt to put those who view these films into the shoes of those who live them. No Other Land shows first hand the destruction going on in that part of the world and what it is like to live right in the middle of the Palenstinian-Israeli conflict. While there is so much heartbreak and horror in this film, there is also glimpses of hope toward resolution… more";"16-02-2025";"No Other Land";"en";81
"Ali";"maybe one of the most important documentaries of the century. the whole world has lately been confronted with the immense suffering Palestinians endure - pain that existed long before October 7. it's impossible to be blind to the barbarism of the IDF - and even though social media is filled with fragments of monstrous abuses each more painful to see than the last, there’s something so so uniquely and deeply affecting about this film. witnessing this story as full narrative,… more";"16-01-2025";"No Other Land";"en";81
"Dan";"Undoubtedly one of the most important and eye-opening documentaries of our time. A fearless testament to truth, humanity, and resistance. I am giving this 5 ⭐ simply because this documentary exist. Because I'm beyond glad that someone finally had the audacity to depict, without compromise, the ongoing atrocities in Palestine. The filmmakers, especially Basel Adra and his team, risked their lives to make this happen. It reminds us of what courage looks like when the costs are unimaginably high. And… more";"21-09-2025";"No Other Land";"en";81
"EvilMonkeyToes";"The problem started around 3200 BC when countries (Iran or Egypt, depending on which historians you believe) first declared their borders--this land is ours, it belongs to us. In the 13th Century in Scotland, individual land ownership became an idea that has since prevailed worldwide. The area of the West Bank has been in conflict since 1967.";"08-02-2025";"No Other Land";"en";57
"Cody";"It’s pretty revealing that Yuval learning Arabic was seemingly all it took for him to empathize with the Palestinian plight as an Israeli. The film shows the value and necessity of communication for people to come to a literal understanding - and the film itself, with its multiple languages and subtitles, is a powerful way of democratizing communication.";"10-01-2025";"No Other Land";"en";58
"Carlos Valladares";"Every U.S. film distributor is a coward for not picking this up and showing it in theaters, across the country, around the clock, among posters of Mikey Madison and Tom Hanks.";"01-11-2024";"No Other Land";"en";31
"Christian Ha";"No Other Land is a profoundly moving and harrowing documentary that offers an unflinching look at the daily realities faced by Palestinians under occupation. While I don't claim to have a complete grasp of every facet of the Israeli-Palestinian conflict, this film provides an urgent and deeply humanizing perspective on the suffering endured by innocent civilians. The injustices depicted are not just heartbreaking but utterly unconscionable, painting a picture of a people forced to navigate an existence defined by displacement, fear, and oppression.";"31-03-2025";"No Other Land";"en";83
"based gizmo";"The strength of the human spirit. The strength of the Palestinian spirit. You just cannot fathom the things you are seeing when you watch this. I felt a red hot fire in my stomach that made me feel nauseous for most of the runtime. Rating this with stars doesn’t feel appropriate. I think anyone who sees this and doesn’t come away shaken has no soul. There will be a free Palestine in our lifetime. There has to be.";"01-03-2025";"No Other Land";"en";78
"aliyah";"no other land stopped filming in october 2023. the cameras stopped rolling, but the film was not finished. and it never will be. until palestine is free, we MUST keep on watching. we must not look away. we must not lose ourselves in the quicksand of our discomfort, we must not grate our brains to sand through endless compartmentalisation, we must not familiarise ourselves with dead bodies stretching out into infinity on our screens. we must take our pain and our rage and our tears, and with those tears we must breathe life into the dead soil of our collective humanity. from this dead soil - from action and community - we must use every muscle in our hands and our hearts to build a new reality. liberation will come from the people. liberation will come FROM PALESTINE.";"08-07-2025";"No Other Land";"en";138
"Florian Weigl";"Wrote about the sole Palestinian film in the program. Want to note that this was also the only screening so far for which I saw four cops in the foyer of the cinema.";"18-02-2024";"No Other Land";"en";33
"KMeeks";"Overwhelming and emotional to share a room with Basel and Yuval. Q&A only slightly tainted by a woman with no self awareness doing the thoughts and prayers thing. Becomes an excellent documentary when it questions the complacency of people in the Western world who act much like that woman in the crowd.";"29-09-2024";"No Other Land";"en";52
"isaidwhatisaid";"I feel like not just as a minority but being a human being at my core it's my responsibility to speak up for all the minorities around the world regardless of whether or not they are tolerant of my existence,Also human rights aren't transactional they are intersectional, And queer Palestinians exists here are the stories of a few of them which brought tears in my eyes while I was writing them down:";"24-08-2025";"No Other Land";"en";72
"Riley";"There are no words to express the level of barbarity, complete lack of humanity, & cruelty that the overtly fascist state of Israel and its deep rooted moral rot has inflicted upon the Palestinian people over the past 17 months and decades prior. My heart has slowly sunk further seeing people in my life who I previously would’ve assumed held some kind of base level empathy turn into bloodthirsty warmongers in the name of upholding western influence. Palestine will be free.";"02-03-2025";"No Other Land";"en";81
"Joshua Dysart";"The most vital movie since 20 DAYS IN MARIUPOL, and the documentary the Trump administration doesn’t want you to see.";"04-03-2025";"No Other Land";"en";20
"elliotroberts";"How could anyone watch this film and still not believe that what is happening in Gaza and the West Bank is an all-out genocide? It’s not too late for life, for the living. Free Palestine.";"04-08-2025";"No Other Land";"en";35
"Ana V";"“Masafer Yatta exists due to one reason: people who cling to life.”";"24-02-2025";"No Other Land";"en";12
"Allison M. 🌱";"Very shocking footage of Palestinian homes, schools, and wells being destroyed by Israeli soldiers. It is very powerful to see this footage. The way humans are treated are despicable. Also it’s amazing that soldiers will deny people their humanity just because they were given orders. Sound familiar? The star of the film is Basel Adra, but it’s also co-directed by three others. This is definitely heart wrenching and gripping. I can’t believe this keeps happening.";"09-02-2025";"No Other Land";"en";75
"Matt Neglia";"NO OTHER LAND is an enraging, powerful & extremely empathetic documentary that shines a light on the destruction of Palestinian homes in the West Bank’s Masafer Yatta & the heartbreaking displacement of innocent lives. Basel Adra is a courageous hero. His tireless efforts demand recognition by ensuring this film reaches as many viewers as possible. It is essential viewing for those who need to witness & understand the inhuman atrocities currently unfolding in this region. Undoubtedly, one of the best documentaries of the year.";"20-09-2024";"No Other Land";"en";84
"Ale";"I just want to remind y'all that Palestinians have a right to resist occupation and to violently oppose their colonizer, apartheid and ethnic cleansing. Anyone condemning Hamas for the events of oct 7th or calling it a war crime is a pussy. Furthermore, following the Hannibal Directive, israel was responsible for most israeli deaths that day anyway, so if anyone so badly wants to condemn a terrorist organization, there you have one.";"07-10-2025";"No Other Land";"en";72
"Movie Good or Movie Bad?";"It’s impossible for me to draft a review of No Other Land, a film that documents the atrocities happening in the West Bank from 2019 to 2023 to the Palestinian people, without drawing attention to the amount of acclaim and attention this film has received and not a single distributor wants to take it. I see people attemping to alert the gaze of our beloved indie film distributors without a real critical look at why have they too been silent?";"07-10-2024";"No Other Land";"en";80
"shookone";"a bit shocked how conventional this is, considering its reputation now. it's purely the theme that moves the needle for the public image here. a 'DIY try to make use of the digital sphere' piece to raise the attention for the westbank - a place you know about the atrocities in detail if you're willing to follow up on it in political reportage. a film like No Other Land kind of offers to place you into an emotional/intellectual state for 90 minutes to deal with the topic, yet provides this small timeframe to look into it and go on with your life in the aftermath - a classic problem of documentaries that try to educate you for political realities.";"15-01-2025";"No Other Land";"en";119
"0live 🎥 (Free 🇵🇸🇸🇩) ⚢ 🐈🦌🐇";"I don't really know what I can say about this. It speaks for itself, or rather, it allows people to speak for themselves and show the world as it is for them. I hope those people are safe, and I hope they and their whole nation will be free.";"23-01-2025";"No Other Land";"en";49
"♢ 𝙷𝚊𝚛𝚕𝚎𝚢 𝚀𝚞𝚒𝚗𝚗 ×͜×";"I could only imagine how scary but hopeful, traumatic and painful yet smiling to be them. All that for basic rights to live like any. And I feel so irate, deeply disheartened and devastated to acknowledge the fact that we live in a sick, sickly monstrous world and to realize that this is happening somewhere on the other side of the world. 😔";"07-04-2025";"No Other Land";"en";63
"idris";"free palestine. fuck the idf. never stop recording. long live the resistance.";"21-01-2025";"No Other Land";"en";12
"Liam Kenny";"Lots that this liberal Zionist film does that is insulting to the subject, but I'll keep it brief because when one sees the film they are so thoroughly beaten with cliche and lack of learning that it grows tiresome.";"05-03-2025";"No Other Land";"en";39
"Zachary Ruane";"You can watch this in Australia on DocPlay: https://www.docplay.com/shows/no-other-land You can rent it online or organise a screening in North America here: www.nootherland.com You can watch in the UK here: https://www.channel4.com/programmes/no-other-land";"23-04-2025";"No Other Land";"en";31
"Darren Carver-Balsiger";"No Other Land is powerful and essential documentary filmmaking. The situation in Israel and Palestine is beyond horrific but so often discussed from people far away. No Other Land offers a perspective from those actually living there and it's hard to not be disturbed by it. Palestinian land is stolen from them and there is no denying the footage here which shows people forced out of their homes. The destruction of villages intentionally wipes out communities and their history. There… more";"31-12-2024";"No Other Land";"en";81
"Josh Larsen";"In spite of the clinical approach the filmmakers bring to No Other Land, the activist documentary nevertheless enrages. It boggles the mind (and moral compass) to watch ludicrously overarmed Israeli forces repeatedly destroy the homes, schools, and water-supply systems of Palestinian families who have lived on the land in question since before the establishment of the state of Israel. Aside from the video documentation of the demolitions—which includes, at one point, a soldier shooting an unarmed man over a struggle to keep his family’s generator—we get vignettes of everyday life for the villagers, in which quotidian observations carry an element of unspoken anguish. While being driven to school, a smiling girl looks out the window and starts a playful chant that doubles as a cry for dignity: “We have grass — it exists! We have a mountain — it exists! We have a chicken house – it exists! We have a house — it exists!” No Other Land exists to document that she knows what she’s talking about.";"12-02-2025";"No Other Land";"en";168
"Tuomas";"Even if a title card at the end didn't drop ""A secret Israeli state document reveals the training zone was created to block Arab villagers from expanding"", it is very obvious something like that was driving the actions of the Israeli soldiers and the West Bank settlers. The former use legality as a shield to bulldoze buildings or to cement a well of all things. It's nonsensical, but the letter of the law is a very efficient way of manufacturing consent because of what a long history there is of linking morality to laws even when there are none.";"04-08-2024";"No Other Land";"en";99
"Kevflix And Chill";"VIFF 2024 #14 Unflinching look at the plight of the families living under occupation along the West Bank in Palestine. Impossible not to be moved by the families watching their homes be reduced to rubble. Really glad I rearranged my schedule to fit this film in. An urgent watch. Sadly, I the gentleman in the seat next to me did not feel that same urgency as I had to shake him on three separate occasions to get him to stop fucking snoring. But he made absolute sure that he was the first person to stand up and start clapping when the film concluded. Just fucking go home dude. ";"01-10-2024";"No Other Land";"en";108
"Karl";"It's hard to put into words the effect of this very personal look at the dehumanization and murder of Palestinians. What makes ""No Other Land"" so powerful is how personal it is. It's made by two friends, one Palestinian and one Israeli. We are reminded the latter come and go where he pleases. He has a home to go home to, while his friend has to live in a cave. Since I watched this the same evening as homes were burning in Los Angeles, (rightly or wrongly) I couldn't help but to compare the two. Tragic as the fires of California are, the homes aren't being systematically destroyed by fellow human beings. Watching as the Israeli military heartlessly plow through homes as if they're trash is infuriating. Even more painful is seeing the people who live in these homes watching their destruction.";"09-01-2025";"No Other Land";"en";142
"Lexi Amoriello";"Not only is No Other Land infuriating to watch, but it’s also infuriating to find out that such an important and urgent documentary doesn’t have a distributor.";"19-11-2024";"No Other Land";"en";27
"Jordan Nakamura";"A story Palestinians have been telling for 76 years is told again, this time with the assistance of Israeli nationals. The forced displacement of families in Masafer Yatta spans generations, and Basel's family reveals they can trace their family's ancestry in the village back to the late 19th century, shortly before the first Zionist congress assembled (in the Swiss city also called Basel) in 1897. There, a group of Europeans led by Theodor Herzl, the ""father of political zionism,"" began… more";"10-10-2024";"No Other Land";"en";81
"Filipe Furtado";"Some very good first person reporting on living at an occupied state and the extent of the Israeli forces treatment of the people in the West Bank. The first person is essential because the relationship between the filmmakers serves less to shape the film as much as offer different approximations towards the land and the struggle to hold on to it.";"31-10-2024";"No Other Land";"en";61
"john semley";"The occasion of one of the filmmakers being abducted and beaten by the IDF proved the perfect kick-in-the-pants to finally drag my ass out and see this movie. I'm glad (if that's the right word) I did. Should be mandatory viewing for all people of conscience. And all Zionists, Democrats, Republicans, AIPAC donors, Canadian bank CEOS, Ivy League university provosts, and ""Uh, well actually it's more complicated"" scolds should be forced into that Clockwork Orange gizmo to watch it, uninterrupted and unblinkingly, lest their lying eyes continue to deceive them.";"25-03-2025";"No Other Land";"en";90
"André";"This wounds the soul deeply, stripping away any joy of living in this world. These crimes against humanity unfold daily, yet no one intervenes. Homes, schools — everything is reduced to rubble, leaving families without aid, forcing them to abandon all they have and seek refuge in caves, if they survive. Basel and Yuval risked their lives to document this, hoping someone — anyone! — would take notice. But those with the power to act are aware. They simply choose to do nothing.";"24-02-2025";"No Other Land";"en";83
"Lee Does Not Exist सब्बे सत्ता सुखी होन्तु";"A film that feels heavier than the universe, simply because it only documents the truth. Yuval’s presence is suitably questioned; he is reminded he is the settler, his brothers are demolishing the villages, his friendship with Basel, as well-meaning and touching as it is, will not end the violence. We are told the film was finished in October 2023. Obviously, it doesn’t end. The film cannot end. Not until the occupation ends. Not only until Palestine is free.";"28-11-2024";"No Other Land";"en";78
"Brian Formo";"Devastating, intimate, and a necessary watch for anyone with a heartbeat. Decades of handheld camerawork documenting the occupation of the West Bank of Palestine, centering primarily on the forced evictions and demolishment of homes, schools, and water wells by the Israeli Army. The film includes footage of Basel's father leading protests against the army occupation as a twentysomething and also Basel leading protests at the same age as his father. A sympathetic Israeli journalist, Yuval, adds to the documentation of the heartless destruction of property. The years covered, 2019-2023, cement what the world is seeing now, that the complete eradication of the Palestinian population is the goal; now it just has a reaction to an attack to speed up the government's desires. The conclusion of the film, added after they finished the initial edit in Winter 2023, lays this bare. Settlers coming with guns, not just the military. Water lines cut off.";"02-09-2024";"No Other Land";"en";152
"Marya E. Gates";"In a world where video footage as a tool to speak truth to power seems to have lost its efficacy, No Other Land exists more as a form of resistance. As a form of witness. As proof of the Palestinian people's unwavering endurance, and as a document of their very existence.";"03-07-2024";"No Other Land";"en";51
"Alexei Toliopoulos";"I implore you to see this film. In cinema or seek it out. Share it. Anyone and everyone from the ages of 12 and up should see it. ";"25-01-2025";"No Other Land";"en";28
"Robert Daniels";"The only Palestinian film programmed for Berlinale is from a collective composed of Palestinian filmmakers Basel Adra and Hamdan Ballal with Israeli colleagues Yuval Abraham and Rachel Szor. It captures the destruction of a West Bank community whose origins can be tracked to the 1830s. While the filming of “No Other Land” began during Summer 2019, when Israeli courts ruled in favor of the expulsion and demolition of Basel’s village, Masafer Yatta — the struggle it depicts began much earlier.… more";"22-02-2024";"No Other Land";"en";81
"coffee";"destroying homes, schools, farms, and playgrounds and leaving the rubble behind for broken families to sift through. the cruelty was always the point. what are you even supposed to say?";"20-02-2025";"No Other Land";"en";30
"claira curtis";"There’s this perpetual question presented here of whether documentation will bring relief for the Palestinian people under Israeli occupation. The lack of a definitive answer is devastating to take in, perhaps even more so now as we’ve seen the impact that thorough documentation of an ongoing genocide has had on US politicians (next to none). Thankful for Basel Adra’s dedication to shedding light on the horrific actions of Israel against his people despite how directly it puts his life in danger and his well being at risk, but I am also filled with an unending sense of rage that he has had to do so in the first place and for such a prolonged part of his life. Adra was documenting further attacks by armed settlers on Masafer Yatta as recently as February 3rd, 2025. 5 days ago. A ceasefire is not enough (nor was it ever going to be enough). Israel continues in its seemingly never-ending desire to eradicate the Palestinian people. I have to hope that No Other Land is playing a part in ensuring they do not succeed. The world sees what Israel is doing more and more with each passing day. Palestine will be free.";"08-02-2025";"No Other Land";"en";199
"Avalyn Wu";"There is a palpable tension caused by Yuval’s presence, an awkwardness that tinges every conversation he has with Basel. This collective film effort has made the deep rift between Palestinians and Israelis all the more apparent and unavoidable. There is no resolution to this outside of a single-state solution, that state of course being a Palestinian one.";"04-11-2024";"No Other Land";"en";57
"Hungkat";"""we have no other land."" ""it's our land."" ""that's why we suffer for it.""";"04-12-2024";"No Other Land";"en";14
"Taylor Williams";"A movie about witnessing genocide firsthand as directly as we possibly can from our position of comfort, but also a movie reckoning with its own usefulness. Basel calls Yuval out for his optimism that a few articles gaining traction will put a stop to apartheid, and in many ways the film itself is an extension of the journalistic endeavors it documents. It is already wary of the hearts and minds it is being shown to, the divide between the people who will watch this movie that don’t actually need it to motivate their support for Palestine (though witnessing as unflinchingly as we do here is necessary to avoid desensitization), and the people who will watch and refuse to change their perspective despite the persecution shown in empirical bluntness. The fact that its own Letterboxd page was briefly vandalized to describe it as terrorist propoganda is testament enough to the strength of the Zionist wool pulled over this latter group’s eyes, and I think the film does a good job staying self-aware wrt its activist potential.";"05-01-2025";"No Other Land";"en";175
"Jomari Bashin";"QCINEMA INTERNATIONAL FILM FESTIVAL #7 This is just a glimpse of what's happening in Palestine right now. Yes, the film is undeniably sad, and it’s incredibly important for people to watch. But you know what’s even sadder? A story about people being killed and torn to pieces every day and the whole world is watching. A story about a boy with Down syndrome being eaten alive by IDF soldier's dog and calling the dog ‘honey stop’ because he doesn't know what's happening—only for his family to return and find his body ripped apart. A story about a little boy wandering the ruins alone because he has no one left in this world waiting for his turn to come. A story of a father mourning his barely alive baby, the child’s bones show through the thin skin, a victim of severe malnutrition. But there is nothing the father can do—Israel has cut off all food supplies to Gaza. A story of a man calmly collecting the scattered body parts of his children, placing them in a bag, and walking away. A story of a boy carrying a bloodied backpack and saying, 'This is my brother I carry with me.’ I just can't write no more, my eyes are full of tears right now, but if I try to tell all the stories I'll never finish writing. Save Palestine, save Gaza 🇵🇸🇵🇸🇵🇸";"15-11-2024";"No Other Land";"en";230
"Thel";"This is a story about power. I’ve been hearing it since I was a child.";"15-02-2025";"No Other Land";"en";15
"Zarah Sultana";"A mandatory watch that powerfully documents the endurance of the Palestinian people resisting Israeli apartheid, ethnic cleansing and military occupation 🇵🇸";"27-02-2025";"No Other Land";"en";21
"Emily St. James";"This is such basic documentary 101 stuff, but the inclusion of these moments of utterly banal and basic life going on in the midst of the film's story -- a chicken scaling a pile of rubble, black balloons floating into the sky, children pointing out things they see on a car ride -- underscores the unnatural nature of the tanks, the soldiers, the equipment entering these villages and tearing everything down. There is a balance to life that has been violently disrupted, and the strength of this film is in how it keeps that balance in mind, even amid the disruption.";"14-02-2025";"No Other Land";"en";101
"fran hoepfner";"I found the ""Sundance labs"" style of the film quite frustrating – some of which is probably because I've just watched too much verité doc in the past two years and also because it presents, to me, a pretty sanitized version of a long-standing argument that requires (within the film, I mean) an outside character to come in, ask questions, etc. in general, I think the audience for the work is one that perhaps only just now starts to understand that the long-standing human rights abuses and occupation of Palestine goes back beyond 2023... or even 2019... or whatever... that something this straight-forward and eager to explicate as simply as possible lacks distribution ""for whatever reason"" speaks to, at best, willful continued ignorance, and at worst, violent biases. I think it's not crazy to say that this movie, in and of itself, is not very good at all.";"20-09-2024";"No Other Land";"en";148
"Gemma G";"So many things to say, but what keeps sticking in my brain and heart is the potency of these everyday fussing words from Basel’s mum:";"11-12-2024";"No Other Land";"en";25
"Öykü Sofuoğlu";"I finally watched No Other Land yesterday, and one thing that really struck me was how Basel and Yuval’s discussions were haunted by a palpable tension, full of silences and unspoken words that clearly reflected that these two people spoke from uneven, unequal grounds. No Other Land is less a film about camaraderie & solidarity between an Israeli and a Palestinian, but about the unbreachable gap separating two societies that would start to narrow, if and only if a free and independent Palestine is established, but never to be completely erased.";"30-03-2024";"No Other Land";"en";91
"demi adejuyigbe";"""We have grass, it exists. We have a mountain, it exists. We have a chicken house, it exists. We have a house, It exists.""";"01-06-2025";"No Other Land";"en";24
"mira";"I understand that to many this film will be revolutionary. They'll view it as evidence that 'Israelis' and Palestinians can live happily together as long as there are people like Basel and Yuval.";"22-09-2024";"No Other Land";"en";33
"Brother Bro";"This is an intimate yet overwhelming document of ethnic cleansing taking place before our eyes. It's impossible not to feel the rage, frustration, and devastation of the abused villagers in the West Bank. And of course, it's easy to see the connective tissue between these incidents and the broader siege of Gaza, which takes place just after this story concludes.";"20-09-2024";"No Other Land";"en";60
"zoë rose bryant";"simultaneously a harrowing and unsparing depiction of the obscene horrors of the israeli occupation in palestine - horrors that have existed long before october 7, 2023 - and also a tremendously tender-hearted tribute to the pure love the palestinian people have for both each other and their land - the only land they’ve ever known. undeniably a gut-wrenching watch, and essentially so, but one that beautifully finds the balance between portraying both palestinian pain and their incredible perseverance under unspeakably inhumane conditions. a miracle of a movie in every sense of the word.";"25-10-2024";"No Other Land";"en";93
"Brandon Streussnig";"Many will come away from this feeling angry, justifiably so, but parroting the ""it's complicated"" line that they've heard time and time again. But it's not. It never was. The line has been clear to me for most of my conscious life and it never wavers. Palestine will be free. It must be free.";"22-01-2025";"No Other Land";"en";54
"davidehrlich";"~ The Film Industry’s Cowardice on Palestine Threatens to Diminish the Value of Cinema Itself ~";"25-06-2025";"No Other Land";"en";16
"davidehrlich";"Basel Adra’s first memory is of Israeli soldiers raiding his house and arresting his father, a Palestinian activist who’s been fighting to preserve the small mountain community of Masafer Yatta since long before his son was born. Adra was only five years old at the time, but he can still remember the fear of that violation as if it only happened yesterday.";"23-02-2024";"No Other Land";"en";62
"Iman Vellani";"I wish my stomach would stop churning and I also wish every human being on this planet would make an effort to watch this film";"23-02-2025";"No Other Land";"en";25
"SporkSpagel";"I want to scream at every person who has told me that Israel-Palestine is just too complicated. That both sides have their reasons, and an outsider simply cannot understand or pick a side.";"14-04-2024";"No Other Land";"en";33
"KYK";"“Land you have to die for is yours, not land you have to kill for.” I left this film with my heart absolutely shattered again, and inflamed with anger.";"20-09-2024";"No Other Land";"en";29
"Isak";"Just an hour ago, I finished watching “Dune: Part Two,” and I’m still riding the high, with Hans Zimmer’s ethereal soundtrack playing as I gather my thoughts for this review. Normally, I might skip the in-depth post-film analysis, given the mental and temporal commitment it demands. However, this film compels me to make an exception, it deserves every ounce of reflection and praise. Sitting in the aftermath, through the credits, I was enveloped in silence, staring in pure appreciation. Never… more";"29-02-2024";"Dune: Part Two";"en";81
"Movie Diary";"Seize the means of (spice) production, hydrate in the distilled essence of your enemies, drink up some worm juice, and get yourself a hype man & a pissed-off band of insurgency. Congratulations! Now you are the (false) messiah. Girlfriend is temporary; the spice must flow!";"18-03-2024";"Dune: Part Two";"en";45
"NerdSoupAaron";"As long as this is in theaters, every second I’m not at the movies watching dune 2 will be a second wasted";"26-02-2024";"Dune: Part Two";"en";22
"alexa🪼🫧🪩";"he’s bald! he’s bald and he’s torturing people who have hair!";"26-12-2024";"Dune: Part Two";"en";11
"edgard713";"One of the very best movies to come out of mainstream cinema since the start of this decade.";"01-03-2024";"Dune: Part Two";"en";18
"VinnyVinesauce";"Albino Elvis stole the show. Some minor book differences bugged me, but even these changes were likely for the best. Nearly perfect. Bring on Dune Messiah.";"01-03-2024";"Dune: Part Two";"en";26
"Slig001";"The second part of Denis Villeneuve's majestic cinematic interpretation of Frank Herbert's Dune picks up immediately where the first one left off; following Paul Atreides' road into the desert. The film is absolutely striking - vast open swathes of sand, searing visuals and Hans Zimmer's booming operatic score powering a story made up of so many intricate pieces, but so effectively told by the talented director. It's slow paced but everything feels so measured and important. Returning characters are developed,… more";"03-03-2024";"Dune: Part Two";"en";81
"James";"A sequel that improves on just about everything from its predecessor.";"26-02-2024";"Dune: Part Two";"en";11
"mari";"this is cinema in its purest state of art. film like that make the meaning of the word cinema.";"01-03-2024";"Dune: Part Two";"en";19
"Gerry";"I just think it’s really awesome that young people with tiktok accounts who love Timothée Chalamet and Zendaya are going out to see this and getting bombarded with terminology like “Kwisatz Haderach” and “Sardaukar” in a story about a eugenics-bred pawn of multiple imperialist causes whose royal ascendency is the end result of colonial machinations leading to a holy war that will institute a totalitarian regime. ";"29-02-2024";"Dune: Part Two";"en";66
"Hamza";"I am Paul Muad'Dib Atreides, Duke of Arrakis. The Hand of God be my witness, I am the Voice from the Outer World! I will lead you to paradise!";"31-12-2024";"Dune: Part Two";"en";29
"Philbert Dy";"Two choices really stuck out to me. One is a shot of a knee, slowly unbending, as Paul rises in his final challenge to prove that he is becoming one with the Fremen. The other is a shot of a hand, Paul's as well, as he tries to explain what he sees of the future. Both take place inside big moments, with the hero of our tale becoming what he is to become within this epic tale of prophecy. But… more";"27-02-2024";"Dune: Part Two";"en";81
"Sean";"This is why we go see movies. This is why the theater exists. This is a blockbuster to end all blockbusters. There’s just so much that I want to say, but without spoilers, this is perfection. My expectations were on the moon and somehow it surpassed every single one of them. The characters, the world, the direction, everything here is firing on all cylinders and the arcs that the characters go on as well is some of the best I’ve… more";"25-02-2024";"Dune: Part Two";"en";81
"Evasive";"I wish I had something more intelligent to say besides “when sandy cheeks rode that alaskan bull worm I clapped”";"09-03-2024";"Dune: Part Two";"en";20
"Sage";"So glad everyone is having the best movie experience of their life… I had to pee so bad that every time the music would crescendo and rattle the theater I thought I was going to piss myself right there in that seat. At one point I even weighed the costs vs the benefits of peeing my pants. Luckily, I survived. I’ll have to see this movie again without a big cup of soda so I can actually watch it. Fuck my life";"26-02-2024";"Dune: Part Two";"en";82
"Ali";"The kind of movie where you feel compelled to text 12 people “YOOOOOOOO” in all caps right after. Like Woah… Walked out of the this theater feeling like that Ariana grande Got me Walking side to Side song. This was an almost religious experience. Was levitating for 2 hours. The operating word here being “almost” because there is shoutout Islam and all that . This movie rocked but I’m not gonna risk getting smited by Allah for treating it like a… more";"25-02-2024";"Dune: Part Two";"en";82
"kelci 🌸";"my life goes downhill from here this is the greatest thing that will ever happen to me";"25-02-2024";"Dune: Part Two";"en";17
"Den_of_geeks";"One of those rare, special cinematic experiences I know I will never forget. A technical triumph in every department.";"25-02-2024";"Dune: Part Two";"en";19
"movie_mania4k";"9/10. Denis Villeneuve delivers a visually stunning and epically immersive sci-fi sequel.";"01-03-2024";"Dune: Part Two";"en";12
"ilana";"“I love how they use the worms as their subway” -my mom";"06-03-2024";"Dune: Part Two";"en";12
"Deily";"I just stepped out of the theater after experiencing it in 4DX only for the sandworm riding scenes, and HELL YES I RODE THAT THING! Dune 2 delves deeper into this fantastic world and makes you feel part of it.";"02-03-2024";"Dune: Part Two";"en";40
"anna nomaly";"Was Mad Max: Fury Road the last time a major blockbuster left me feeling this thoroughly elated and satisfied? Most likely. Even more than the first film, Dune: Part Two plays like a Godfather moment for modern cinema, with an impeccable auteur making his permanent mark upon the culture and an old guard of certified movie stars and venerated character actors ushering in the new blood. The spectacle of it all follows suit, pummeling the audience with jaw-dropping wartime vistas,… more";"03-03-2024";"Dune: Part Two";"en";81
"omaarope";"another rewatch for Dune: Part Two ,Some movies talk loud, some whisper their greatness trying to be the decade's best (So far) , but this one already proved it. real cinema, no noise, just vision.";"12-10-2025";"Dune: Part Two";"en";35
"Classicminority";"Today I went to a private screening of Dune 2 with a Q&A with the director. The feelings I was left with were anger and hurt. The film is technically excellent , sound design and cinematography breathtaking. Plot wise tho meh. But that wasn’t what angered me. First of all; I don’t appreciate the lack of my cultures representation regarding cast and crew. The only thing represented were our costumes, face tattoos and the tamazigh letters on the walls and… more";"27-02-2024";"Dune: Part Two";"en";81
"vividswift";"The most spectacular and truest blockbuster experience I've had since Top Gun: Maverick, and I say this with the utmost sincerity as someone who appreciated the first one but wasn't quite as fond of as many on here. The scale of this is nothing short of extraordinary. The sound design, the visuals, the absolutely breathtaking cinematography by Greig Fraser, and the adrenaline-stirring score, all great. There are a few sluggish moments during its daunting 3-ish hours, but most scenes are fully absorbing. It amazes me how often it magically strikes the balance of ""cinematic spectacle"" and ""genuine storytelling"" for the sake of the audience.";"01-03-2024";"Dune: Part Two";"en";104
"ThisIsBigCat";"After being blown away by Blade Runner 2049, I was very excited about what Denis Villeneuve can do with ᑐ ᑌ ᑎ ᑕ. I really enjoyed Part One, but it was held back by only covering the book's first half. The way the film ended abruptly right in the middle of the story really bothered me. But in ᑐ ᑌ ᑎ ᑕ: Part Two, Villeneuve fully lives up to his potential. This is one of the most visually stunning and… more";"01-03-2024";"Dune: Part Two";"en";81
"☆ sophie ☆";"someone pls freeze me in time and then thaw me out when dune: messiah drops.";"01-03-2024";"Dune: Part Two";"en";15
"phil";"Watched it in IMAX and my whole body was shaking. Thank you Denis Villeneuve you did your best again";"28-02-2024";"Dune: Part Two";"en";19
"Gilby C. III";"“This is my father's ducal signet. I am Paul Muad'Dib Atreides, Duke of Arrakis! The Hand of God be my witness, I am the Voice from the Outer World! I will lead you to PARADISE!” One of the greatest films ever crafted in the history of CINEMA! ";"01-01-2025";"Dune: Part Two";"en";47
"Kyle Turner";"Villeneuve’s LAWRENCE OF ARABIA by way of AppleTV+ has the uncanny ability to flatten what few attempts at specificity & distinctiveness it reaches for, sapping it of epicness & merely rendering his Wayfair-esque vision of faith + war in space totally tedious.";"03-03-2024";"Dune: Part Two";"en";42
"jocey coffman";"chalamet is so back. technically stunning (dazzling images on a huge silver screen, sound i can feel, etc.). just feels massive. i think it’s amazing they’re giving denis villenueve the budget and the talent to bring his little mind dreams to this incredible scale. whole cast stuns in new picture.";"01-03-2024";"Dune: Part Two";"en";50
"Joshua Beck";"Austin Butler, you will be haunting my dreams for the foreseeable future";"02-03-2024";"Dune: Part Two";"en";12
"Xeremy Hall 🟠🟢🔵";"My first viewing of Dune 1, I didn't quite get it. I didn't understand the hype, but after a rewatch I started to believe that maybe it was a better film than I originally gave it credit for. Now I've finally seen part 2 and I can say without a doubt that all of the setup in part 1 was worth it. Dune got a thousand times more interesting after Paul joined the Freman which unfortunately for part 1, was… more";"10-04-2024";"Dune: Part Two";"en";81
"bre";"i do not know much about god but i do believe in denis villeneuve thank you for delivering the most perfect paulchani there could ever be i am quite literally losing my mind right now";"25-02-2024";"Dune: Part Two";"en";35
"DallasFrance";"One reason Denis Villeneuve is so good at making films like Dune: Part Two is that he understands scale. For a film like this to land with optimal force, it’s not enough to just have size. We need to understand the scale.";"05-03-2024";"Dune: Part Two";"en";42
"Keegan W 🎃";"“We must convert the non-believers one by one. We need to start with the weaker ones. The vulnerable ones. The ones who fear us.” An excerpt from Denis Villeneuve’s conversation with Steven Spielberg for the DGA podcast The Director’s Cut: ";"23-05-2024";"Dune: Part Two";"en";40
"MovieBoy";"Masterpiece. I enjoyed every second of this movie. I feel very lucky to be able to witness sci-fi/fantasy filmmaking at this high of a level in my lifetime. ";"29-02-2024";"Dune: Part Two";"en";28
"East Clintwood";"9.2 2024: I was there when Space Odyssey got replaced in terms of biggest cinematographic flex.";"29-02-2024";"Dune: Part Two";"en";16
"Marshall 🎃";"""There is no one in this room who can stand against me.""";"14-03-2024";"Dune: Part Two";"en";12
"moviemattk ✌🏻";"The sheer scale of this film is breathtaking, not only from a visual perspective with its massive sandswept battles and gorgeous cinematography highlighting the beauty of the desert. But in the feeling of weight and importance each moment holds in the world of Dune. I usually try to avoid hyperbole when writing as it comes off as disingenuous, but on my third rewatch I sincerely believe this will go down as one of the greatest science fiction films of all time. As someone who has read most of the mainline Dune books, this was a near perfect adaptation.";"05-02-2025";"Dune: Part Two";"en";98
"Jesse";"The moment when Paul stands atop the Shai-Hulud for the first time, riding the giant sandworm through the desert, is also the moment when all other science fiction, fantasy, and adventure film franchise’s died. ";"03-03-2024";"Dune: Part Two";"en";34
"Citizen Kris";"Dune: Part Two quite spectacularly raises the level from its predecessor.";"01-03-2024";"Dune: Part Two";"en";11
"JTA The Film Passionator";"“The easiest way to describe “Dune: Part Two” would be “absolutely epic!”";"06-04-2024";"Dune: Part Two";"en";12
"Harvey 🎉🎆 🎉";"Okay yeah I see the vision now they’re both fucking fantastic. ";"24-11-2024";"Dune: Part Two";"en";11
"owen";"The ugliest close-ups on the prettiest faces. Images on autopilot. Scared money don't make no money. I don’t have the strength to go lower.";"29-02-2024";"Dune: Part Two";"en";24
"corey👻";"reminiscing the good old days when this dropped in theatres earlier this year and changed lives. denis villeneuve the director that you are. only felt right to end the year with this colossal. hope everyone has a spicy new years, i love you all dearly, stay safe x";"31-12-2024";"Dune: Part Two";"en";48
"Ludovic Bagman";"Better than the first one. Outstanding production value. Excellent casting. Chamalet continues to prove he's that guy. Other standouts to me were Zendaya, Rebecca Ferguson, Austin Butler and Javier Bardem. Florence Pugh and Christopher Walken were also great in limited screen time. Wish the cameo wasn't spoiled beforehand, but it was still awesome! I'd be surprised if any 2024 movie tops this one..";"01-03-2024";"Dune: Part Two";"en";63
"cinemacl🎃wn";"A definite improvement over the already impressive first film, Dune: Part Two brings more action, bigger stakes, gripping character transformations and one jaw-dropping set piece after another to cement its spot amongst the most immersive, arresting & visually spellbinding big screen experiences to surface on screen in recent years. Destined to rank amongst the greatest sci-fi epics of our time, this follow-up chapter is an ambitious & audacious blockbuster with a scope & scale not seen since the days of the Middle Earth.… more";"01-03-2024";"Dune: Part Two";"en";84
"George Clark";"Dune: Part Two is a euphoric experience. An experience hitherto anything you have or will ever experienced on a cinema screen. It's a sweeping action epic that adapts the latter half of the book to perfection, channeling the powerful character moments and grand action sequences in a truly masterful way, constantly leaving my jaw on the floor and mind swirling with what could come next. ";"01-03-2024";"Dune: Part Two";"en";65
"Seth Zuch";"I continue to be in awe of the immensity of every single aspect of this film. Each and every person involved cooked. Chalamet gives a career defining performance. Butler is absolutely electric. Ferguson and Pugh are both perfect. Skarsgard is legendary. Bardem is hilarious and vital to the story. Brolin is a beast. Zendaya is impressive. Rampling is haunting. Walken is still Walken. Drax and Anya still here. Fraser gives us otherworldly sight. Zimmer gives us otherworldly sound. And Denis is the king that brings it together as a pure and unadulterated masterpiece.";"03-03-2024";"Dune: Part Two";"en";93
"pirateneckbeard";"All this dry material just washed over me. It's not that I wasn't aware of the beauty and intricate moving pieces in this clockwork mechanics that needed to hit in order to make this thing be pulled off I just felt time was ethereal to many of these moments of grandeur and honestly it is some beautiful grandeur. I feel something about CGI crowds that just feel phony and manipulative or maybe I suffer from PTSD from the Star Wars… more";"29-02-2024";"Dune: Part Two";"en";81
"Adi Cohen";"Paul riding that sandworm is clearly an allegory for the people who liked Part 1 riding Denis Villeneueve's dick.";"29-02-2024";"Dune: Part Two";"en";19
"Lucas";"Wow. Science fiction at its finest. If for some people this wasn't true before Dune: Part Two came out, Denis Villeneuve solidified himself as one of the best directors of this generation (for me, Top 3). I'm still processing it but for now, I'm just grateful for experiencing yet another masterpiece from this ridiculously talented director. To nobody’s surprise the cinematography, sound design and score are off the charts. The drama, action scenes and beautiful shots made me completely forget… more";"29-02-2024";"Dune: Part Two";"en";81
"Haris";"I could never have imagined this turning out to be as good as it is. As soon as I watched this for the first time, I knew i had to see it again. I needed to witness it, take it in, and cement my opinion that this is one of the greatest films ever made. There are certain projects that are more than just your standard films. Instead they are experiences, and this definitely comes under that category. Every scene… more";"07-03-2024";"Dune: Part Two";"en";81
"Cernan Mari";"Speechless! My jaw fell to the floor from start to finish! Screaming, sobbing, shaking, and kicking inside the cinema. I can't think clearly right now since my mind has just been blown. I just went immediately to Letterboxd and rated this 5/5. Thank you, Denis Villeneuve!";"28-02-2024";"Dune: Part Two";"en";46
"AndrewC 🎃👻";"About as visually stunning as any film I've seen in IMAX 70mm and a sublime accomplishment of filmmaking that is practically unrivaled in spectacle today. Denis Villeneuve doesn't just improve upon the first Dune here, but Dune: Part Two is one of those films that were just made for viewing on the biggest, best screen possible and is a virtuoso work in every department. Excels as both a work of science-fiction and as a grand story that clears almost every other big-budget blockbuster in recent memory and is the sort of exhilarating, god-tier epic we rarely get to experience.";"02-03-2024";"Dune: Part Two";"en";99
"Hiiron";"Commercial Denis being commercial Denis for almost 3 hours straight; Dune: Part Two is formally inflated, internally soulless & unsatisfying neither emotionally nor artistically; even enigmatic vibe, that characterizes the 1st part (which I consider to be one of Denis' best works), is not here. Villeneuve adores this bombastic monumentalism & minimalism too much; therefore even spectacular action sequences usually don't even have a chance to be thrilling; Dune: Part Two is smoke without fire. ";"01-03-2024";"Dune: Part Two";"en";75
"ben";"I’ve said it before and I’ll say it again, Denis the menace is my favourite modern director and is well on his way to becoming my favourite ever. Every film I’ve watched of his has left me in awe and blown away, this was unsurprisingly no different. First things first, visually stunning. Maybe on a technical level the best film of all time. The sand worms are still awesome, the world building is insane and the action scenes are mega.… more";"03-03-2024";"Dune: Part Two";"en";81
"TheMovieMob";"🏆 4.4 / 5 🏆 — Dune: Part Two is a cinematic marvel that demands to be seen on the biggest screen possible.";"01-03-2024";"Dune: Part Two";"en";23
"Felipe";"Dune: Part Two is not only fantastic (better than Part One in many ways), it is also kinda disturbing. I knew going in that this was a dark take on the ""chosen one"" narrative, but this was honestly terrifying. Prophecies are terrifying. I fucking loved this.";"01-03-2024";"Dune: Part Two";"en";46
"kayla";"I loved when they would come up out of the sand";"02-03-2024";"Dune: Part Two";"en";11
"Suzanna K";"I’m ngl I went into this very skeptical but it’s pretty fire for a nerd movie";"01-03-2024";"Dune: Part Two";"en";16
"esau";"i thought y’all were exaggerating, but holy fuck. this is the type of movie i’m going to think back on for years. timothée chalamet proves once again what a great acting talent he is. the whole cast in general. austin butler, dave bautista, florence pugh, zendaya, etc. my mind is amazed. i need dune: part three right now.";"09-03-2024";"Dune: Part Two";"en";58
"THErealBat";"At the beginning I missed a little bit the tension but the movie became so good. Every action scene 5/5 also the music is unique and awesome and a 5/5. also dke story is awesome, just the beginning was a little too loose for the 5 stars. Overall 4.5/5 ( Watch this movie at the cinema it is a great Experience)";"16-03-2024";"Dune: Part Two";"en";61
"Bailey Parkinson";"I'm not really sure how to articulate this yet but this movie feels genuinely revolutionary as an action film because Denis doesn't follow a single modern rule of 'good action'.";"02-03-2024";"Dune: Part Two";"en";30
"Kian Henderson-Cowley";"Dune Part Two’s the premium article of a primal perspicuity of directorial and adaptational vision, singing out its overwhelming anthem of corrupted purpose, like ruptured shooting stars sprinting towards every uninitiated corner of the known universe. Enlightening and tainting with their adamantium musculatures so damn yoked, you’re practically blinded by the unprecedented awesomeness of Denis Villeneuve’s opened door into a brand new form of majestic enormity and cinematic divinity. Lawrence Of Arabia’s sole competitor if ever there could be one.… more";"21-03-2024";"Dune: Part Two";"en";81
"shookone";"liar liar - pants on fire. ok, so i watched it again, but not out of free will. the tickets were bought, i kept my mouth shut that i’ve seen it already (and wasn’t a big fan) and went happily along.";"08-03-2024";"Dune: Part Two";"en";41
"One Godfella 侍";"Just as the sand-dunes, heaped one upon another, hide each the first, so in life the former deeds are quickly hidden by those that follow after.";"10-03-2024";"Dune: Part Two";"en";26
"caitlin";"hey paul, me + you = riding a sandworm into the sunset together?";"01-03-2024";"Dune: Part Two";"en";13
"Penny";"An epic in size only. Formally, trying to get pleasure from a Denis Villeneuve film is still like trying to get blood from a stone. Is this beauty? I fear sounding like a broken record, but luckily I don’t have to since Dune: Part Two would still piss me off even if I were a fan of the director’s fussy, mannered aesthetic. An epic in size only. The word “scope” should not be used. The film has about ten characters.… more";"12-03-2024";"Dune: Part Two";"en";81
"Seth Zuch";"I am simply in awe. This film takes every aspect from the first, and makes it exponentially better. It somehow looks and sounds better. Probably helps seeing it in a packed imax theater :)";"01-03-2024";"Dune: Part Two";"en";34
"Joel Hilke";"Dune Part Two is a different type of epic sci-fi than part 1. Part 1 ends at the exact right moment, right before Part 2's broader scope and slower pacing This is kind of evidenced by the 1984 Dune which basically goes into fast forward when it reaches the same point... skipping aggressively through time and breezing past character growth. So Part 2 expands all that hurry-up skip-to-the-end final act structure into a 2hr 45min epic that justifies its length.";"29-02-2024";"Dune: Part Two";"en";80
"Thel";"Maybe I’ll show you the way Early on Villeneuve feels a bit constrained by adherence to the broad structural outline of the much-mythologized “hero’s journey” story arc (which he played with with such grace in the first film), but traces of a more cerebral, spiritual work still permeate the first act (whose spectacle of course remains second to none). But once the scope of the narrative expands, and the nature of the colonial and theological conflicts at the heart of… more";"29-02-2024";"Dune: Part Two";"en";81
"corey👻";"remember when cartman can’t wait any longer for the wii console and attempts to freeze himself to get closer to release? that will be me with dune messiah";"02-03-2024";"Dune: Part Two";"en";28
"Cristiano Bertoni";"It’s not simple how to describe this moment. I’m feeling bad for all the cinema lovers who died before this masterpiece came out, I feel lucky to have the honor of not being one of them and at the same time, I feel like I don’t deserve to see such a work of art. I’m for real, when I say that this probably is my favorite movie of all time. It’s been 3 hours and I didn’t touch the phone once, I’ve been stuck to the screen with goosebumps and when it has finished I went on tears. I don’t even know why, if for the breathtaking final or for the fact that was actually finished. This is the representation of why I love cinema so much, the capacity of a movie to give you more than a fun watch, but the beauty of a memory and the adrenaline of a dangerous experience. This one has all of this. The script is beyond beautiful, so much that you feel part of the scene, the plot is outrageously good with a bloody story of revenge in it and to be honest, I don’t even care if someone doesn’t think it’s true, but this has probably the most stunning visual of modern cinema. The choose of colors, the slow motions, the sunsets in the desert, are able, together, to make a series of images better than an actual painting. Wow, my only question is, if this is the effect from a 10” IPad, what would it be in a IMAX experience?";"07-04-2024";"Dune: Part Two";"en";259
"Marianna Neal";"I'm not fucking ready for the awards to disrespect this masterpiece just because the release was moved to March and their attention spans don't go that far back.";"08-12-2024";"Dune: Part Two";"en";28
"earl12456";"DUNE PART TWO was phenomenal better than part 1 love the shots in IMAX VFX Effects are awesome Timothée Chalamet Zendaya chemistry was great Austin Butler performance was so good Florence Pugh Christopher walken also outstanding";"25-02-2024";"Dune: Part Two";"en";36
"Rajat Suresh";"*Feeling constipated from too much spice so I stick the nose thing in my ass like a suppository and take a shit on the sand*";"14-03-2024";"Dune: Part Two";"en";25
"The Greek Geek";"Go and see it now before everyone says that it's overrated";"03-03-2024";"Dune: Part Two";"en";11
"dhanush";"respectfully, my eyes and ears aren't enough. i need this movie right up my ass.";"01-03-2024";"Dune: Part Two";"en";15
"maiapog";"Hello. My name is Paul Muad’Dib Atreides. You killed my father. Prepare to die.";"13-03-2024";"Dune: Part Two";"en";14
"Mauricio Velazco";"Incredible. Better than the first, grateful I saw it on the biggest screen with the loudest speakers I could, partly cuz I could sneak some coughs when the flick got loud (was sick).";"03-03-2024";"Dune: Part Two";"en";33
"Paul";"So grand. Everytime I thought I’d drop my score the third act would do something incredible and make me think against it. A movie of all time honestly";"10-03-2024";"Dune: Part Two";"en";28
"Christian Ha";"I watched Dune: Part Two on about two hours of sleep due to my dog being injured last night, but despite my tiredness, I found it to be a significant improvement over the first movie in almost every aspect. While it leaves room for another installment, it feels more complete overall. Unlike my initial viewing of Dune, where I only emotionally connected with Paul in the final moments, this time I felt a deeper connection to his journey of revenge.… more";"03-03-2024";"Dune: Part Two";"en";81
"Sam ☀️";"For my own personal happiness, I’m choosing to compartmentalize and contextualize any issues I have with the story flow and character choices because:";"02-03-2024";"Dune: Part Two";"en";23
"Marshall 🎃";"Third viewing this week, I fear we've reached new levels of peak";"03-03-2024";"Dune: Part Two";"en";12
"TheSnuffles";"This was definitely worth the few months we had to wait after it got delayed due to the strikes. We’ve probably peaked this year, no more movies just give this the Oscar for Sound Design and we’ll be on our way. Hell I’m saying this as someone who wasn’t even that sold on the first movie, so I’ll definitely be looking forward to its future. ";"28-02-2024";"Dune: Part Two";"en";65
"oscar";"a masterpiece. this is an immersive, stunning, thrilling, action-packed, emotional, breathtaking, and spectacular sci-fi blockbuster epic. this surpasses its predecessor and is probably one of best sequels ever. the cinematography is magnificent, the score is entrancing and immersive, and the cast was stacked and all gave phenomenal performances. the screenplay and storytelling is amazing. the film is impressive, powerful, complex, and very much relevant. it transcends and goes beyond the sci-fi genre. it dives deep into conversations surrounding politics, power, religion, and society. it’s a spectacle that does all this in an entertaining way that makes you stay intrigued and engaged the whole journey. ";"01-03-2024";"Dune: Part Two";"en";104
"Nicholas Lindaman";"$500,000 or one oil bathe with the Baron??? Image all you could learn from him";"02-03-2024";"Dune: Part Two";"en";15
"coffee";"soon as i touch a little water of life this socialism shit is over!!!!!";"12-03-2024";"Dune: Part Two";"en";14
"Josefina (Girl On The Shore)";"Attack On Titan Marley Arc Half of this is Villeneuve at his most populist which means that once in a while there will be a concept so entertainingly idiosyncratic (I have to believe it comes from the book now in a toned down version) that is either genuinely moving and endearing (I really like the brief glances of romance in a Villeneuve movie!!! And Javier Bardem gives my fav performance in a Villeneuve film yet) or inherently funny against all the self seriousness at play (the fetus stuff, the Nazi Imagery, Austin Butler's Feyd-Rautha's try hard depravity that comes back to being actually intimidating in contrast/favor to all the sexual tension he shares with every single person on screen). Maybe IMAX and Greg Fraser are really bringing the best of him, despite that when it comes to edit around the coverage of these conversations it really fucks with the rhythm (guy has zero patience for anything in a movie that feels even more overpopulated than the first one) and I’m not convinced by most of the hand to hand action here (minus the ending which I quite enjoyed). The rest tho…";"01-03-2024";"Dune: Part Two";"en";191
"joe";"“you shall die. you may see. the beauty and the horror.”";"05-03-2024";"Dune: Part Two";"en";11
"Evan";"Dune: Part Two is a colossal cinematic achievement. It’s overwhelming in the best possible way. On several occasions the visuals and sound put me on my fucking ass. At one point I think my soul left my body. Denis Villeneuve is an absolute titan of filmmaking. ";"29-02-2024";"Dune: Part Two";"en";46
"Jake Alda Coffey";"I forgot to breathe for 2 hours 45 minutes. It’s a spicey extravagant epic on the grandest scale. Breathtaking the whole way through. Austin Butler as the psychotic Feyd-Rautha Harkkonen has instantly become one of my favorite movie villains. An instant classic, Denis Villeneuve had out-dune himself again. Absolutely stunning. ";"25-02-2024";"Dune: Part Two";"en";50
"Big Screen Junkie";"This started as more of a highlights watch but it ended up that I watched like two-thirds of it because it's all just a huge highlight of cinema.";"14-10-2025";"Dune: Part Two";"en";28
"Leah 🥀";"anya taylor-joy showed up, served fetus, and got the hell out of there";"03-03-2024";"Dune: Part Two";"en";13
"Justin LaLiberty";"legitimately awe inspiring while also feeling tailor made for a specific brand of reactionary worship where, rather than necessarily breaking the mold, Villeneuve is clearly showing reverence to the genre, his film’s source and the filmmakers that have come before him — time will tell if this is indeed his franchise’s Empire Strikes Back or Terminator 2 (et al.) but, for now, it’s the first bonafide sci-fi blockbuster in ages that hasn’t had to sacrifice sheer dorkiness to be palatable to the masses, which is a very good thing";"02-03-2024";"Dune: Part Two";"en";89
"Viren";"'Dune: Part Two' cements Denis Villeneuve’s status as the Sci-Fi genius! Only a handful of films have accomplished what 'Dune: Part Two' is poised to achieve: a masterpiece sequel. I had instants of goosebumps running through my body more times than I can count. Part Two surpasses its predecessor in every aspect—more characters, a more complex story, and an even more enriching experience.";"29-02-2024";"Dune: Part Two";"en";63
"mariano";"austin butler heard the elvis hate and got his ass back to work";"29-02-2024";"Dune: Part Two";"en";13
"Matt Singer";"Still annoyed IHOP didn’t do a Dune tie-in menu with French Toast Muad'dippers, Spiced Sandworm Sandwiches, and Water of Life Hot Chocolate. It was right there.";"30-11-2024";"Dune: Part Two";"en";26
"mikywee";"We are living through a time that the possibly greatest scifi from page to screen is ever to exist. The upgrade in technicalities from the first one to this just has me in awe. Getting to be able to experience in a big shaking theater is the best thing in my life. I love movies man. Just insanely rich with story and it’s just so beautiful it brings you to tears. Paul Atreides is so punchable, like the most punchable character ever created. I cant really put my thoughts into words right now I just sat through an event, like I won’t ever get to experience watching this for the first time again and that kind of breaks my heart. I am shaking like crazy I can feel this movie in my bones. DUNE NATION.";"25-02-2024";"Dune: Part Two";"en";135
"Stone";"I’ll always remember this day. I just witness something I shouldn’t have seen, something that shouldn’t have been possible. The story is too complex. The world is too big. There’s too many characters…but somehow Denis did it. He takes his time and expertly weaves excellence together. Every aspect of the filmmaking is top tier. This is a spectacle through and through.";"25-02-2024";"Dune: Part Two";"en";61
"lauren";"stilgar be like : ""if paul usal muad'dib and has a million fans, then i am one of them. if paul usal muad'dib has ten fans, then i am one of them. if paul usal muad'dib has only one fan then that is me. if paul usal muad'dib has no fans, then that means i am no longer on earth. if the world is against paul usal muad'dib, then I am against the world.""";"01-03-2024";"Dune: Part Two";"en";74
"WildAndCrazy";"Maturing is realizing Paul's prophecy was doomed to happen since the start..";"29-03-2024";"Dune: Part Two";"en";12
"Jeff 🇵🇸";"babe i snorted too much spice now i’m a space fascist";"25-02-2024";"Dune: Part Two";"en";11
"Benjigotfried";"This movie is still fire after rewatching it again! Denis Villeneuve directed this incredibly well! Timothée Chalamet is fantastic especially in that 3rd act! Austin Butler is absolutely incredible in every way and is still my favorite in this! I really hope he gets nominated for an Oscar, but I'm not counting on it. Paul Atreides vs Feyd-Rautha was truly an incredible fight to watch and was made perfectly well. Zendaya has been on a roll this year with this… more";"06-08-2024";"Dune: Part Two";"en";81
"Damo";"We all know this easily should’ve been the Best Picture winner… by far the best film from 2024. Dune: Part 2 is fucking incredible and it sucks that it’s not gonna get the award it truly deserves tomorrow. 💯";"01-03-2025";"Dune: Part Two";"en";39
"Sam B.";"so fucking goofy, full of baffling decisions on every front, all the critiques I leveled against the first film still stands, but this one has, no exaggeration, 400% more Sick Fucking Shit in it. idk I love to have fun and gasp and let my jaw drop. It’s not one of The Great Cinematic Epics but it is compelling and weird in the way those are at their best.";"04-03-2024";"Dune: Part Two";"en";69
"meyi☆";"I wanted a masterpiece and I certainly got that , it was honestly amazing and the performances were the cherry on the top , also very impressive by how a sequel can be so much better than the first.";"04-03-2024";"Dune: Part Two";"en";39
"Shreesh🎃";"When the end credits started rolling I was absolutely shocked by what I had just witnessed. It’s so rare to see a movie these days that handles both the storytelling and the action in a spectacular way, Denis has somehow managed to do the impossible!";"29-02-2024";"Dune: Part Two";"en";45
"Michel";"it personally pains me to disagree with my darling princess Emma Chantiri, but I can't stress just how aggressively Not My Vibe™ this is.";"02-03-2024";"Dune: Part Two";"en";24
"Cam Walsh";"Pretty cool that the best movie of all time came out this year, good fun for the history books! ";"08-07-2024";"Dune: Part Two";"en";19
"Filmento";"A masterful showcase of how to use power dynamics. At first we're super scared of Batista... but then someone else comes in to make a mockery of him. And now we're even more scared of that guy.";"18-03-2024";"Dune: Part Two";"en";37
"Jane";"If you're gonna go then go She said to me on the phone So tired of hearin' all your boy problems If you're gonna stay then stay He's not gonna change anyway So tired of hearin' all your boy problems And I know she's right And I should not be offended Yeah, I know what it looks like From the outside And I know she's right And I should not be offended Yeah, I know what it looks like From…";"07-03-2024";"Dune: Part Two";"en";80
"Hungkat";"Me and the boys shouting 'Lisan al Gaib' at every opportunity from now on!!!";"05-03-2024";"Dune: Part Two";"en";14
"Zach";"I don’t think it’s paced as well as the first but that second half was GODLY";"25-02-2024";"Dune: Part Two";"en";16
"cookie";"insant classic; title drop was ice cold, just positively timeless. the gravity suits + the soldiers emerging from beneath the sand, cmon !! plenty of wormage without ever being overkill if u ask me. javier bardem kept making me laugh. obsessed with the cinematography. dune 2 > tremors > dune 1";"06-03-2024";"Dune: Part Two";"en";51
"noma";"THE TRAGEDY OF PAUL MUAD’DIB ATREIDES, ACT 2: THE SPILLING OF SHARED BLOOD ";"29-02-2024";"Dune: Part Two";"en";13
"MarMar";"Auteur blockbuster filmmaking at its most monumental and breathtaking. The beauty, the horror, the erotic innuendo. Dare I say it, The Return Of The King of this generation.";"25-02-2024";"Dune: Part Two";"en";28
"rickyfonseca";"It was everything I wanted and more. Visually striking and the story just gets better as it goes. I still need to process what I just saw, it was just amazing. Also fuck you Paul Atreides.";"27-02-2024";"Dune: Part Two";"en";36
"The Saltburn Drainpipe";"There are moments in cinematic history where we have to take a step back and realise we’ve stepped up to the next level. This is one of them. ";"01-03-2024";"Dune: Part Two";"en";28
"kioravisakat";"How the hell did this have a lower budget than Black Widow";"08-03-2024";"Dune: Part Two";"en";12
"aliyah";"NEVER trust a man no matter HOW big his worm is";"03-04-2024";"Dune: Part Two";"en";11
"joshrowley";"Ambitious; cluttered; epic; fantastical; grand; humorless; incomplete; overlong; stunning; uncompelling; underdeveloped; weird; well-cast; well-crafted; well-scored.";"29-02-2024";"Dune: Part Two";"en";15
"moviemattk ✌🏻";"Movie ends, girlfriend barely gets the words out “I just didn’t understand that one part wher..” ";"04-03-2024";"Dune: Part Two";"en";16
"Gambinosburner";"Paul could take the stinkiest shit of all time and Stilgar would still bow down and praise him. Everybody needs legendary hype man like Stilgar in their lives";"04-03-2024";"Dune: Part Two";"en";28
"Zach Pope";"Dune Part Two solidified itself as one of the best movies ever made ";"25-02-2024";"Dune: Part Two";"en";13
"Samuel Ribeiro";"Honestly I think I don't know what to say about this movie... Not in a proper way I mean... like not in a way to form correct and cared sentences, so I'll just throw here the things that come to my mind right now...";"01-03-2024";"Dune: Part Two";"en";44
"Matt Singer";"Many gorgeous/bizarre/memorable images in this film, however my single favorite moment might be the scene where Timothée Chalamet tries to Dunesplain sandwalking to Zendaya. C’mon Timmy. What are you doing, dude?";"28-05-2024";"Dune: Part Two";"en";31
"marisa";"i mean…what else is there to say that hasn’t seemed to have already been said about how epic this is. timothée was so beyond great in *that scene* that everyone seems to be talking about (but also just the entire second half!). chills everywhere! didn’t think i could ever convincingly see him as a strong, formidable, and fearless leader (no matter how much i wanted to as a fan of his), but he has DONE it. definitely his most mature role to date. ";"02-03-2024";"Dune: Part Two";"en";83
"john semley";"Some scattered observations, in advance of maybe writing something more substantive later (or not, I don't really care that much):";"06-03-2024";"Dune: Part Two";"en";20
"shookone";"Villeneuve ballooning the brutalist behemoth, fueling the second engine. the designer's breed out of the digital powertrain. a synthetically euphoriant produced by the ghost within the machinery.";"06-03-2024";"Dune: Part Two";"en";27
"🎶 BHARGAV 🎬";"paul: “but i am the chosen one…” 🎬 Check out my 2024 movie rankings here!";"25-02-2024";"Dune: Part Two";"en";15
"Benjigotfried";"This movie just keeps getting better and better on each watch. Austin Butler is absolutely incredible, and I’m so happy he’s getting the love he deserves. ";"06-04-2024";"Dune: Part Two";"en";26
"𝐅𝐫𝐚𝐦𝐞𝐝";"“I am Paul Muad'Dib Atreides, Duke of Arrakis. The Hand of God be my witness, I am the Voice from the Outer World! I will lead you to PARADISE!”";"01-03-2024";"Dune: Part Two";"en";29
"Josh Larsen";"Even as my understanding of Fremen and Harkonnens and Bene Gesserit becomes increasingly confused—to say nothing of trying to keep track of the mounting pile of names for Paul Atreides (Timothee Chalamet)—the spell cast by Dune and now Dune: Part Two continues to hold me enthralled. Must be the spice. You’ll have to look for a spirited defense of the movie’s snowballing narrative, as well as the complicated character motivations driving it, elsewhere. I’m here to tell you to set much of that aside, breathe in the precious spice that has brought warring parties to the desert planet of Arrakis, and simply take the trip. It’s not Paul and his perplexing quest to lead the indigenous Fremen in a defense of their world that captivates me about Dune: Part Two. Instead, it’s the sounds of whirring machines in vast, hollow spaces; the textures of the fabrics and armor worn by the massive cast of characters; and the ever-shifting, sifting play of sand and light on a planet that seems to exist of only those two things. (In some ways cinematographer Greig Fraser is as much the auteur of this series as director Denis Villeneuve.) Like its predecessor, Dune: Part Two gets in your nostrils, employing the sensuousness of cinema to put you—bodily—in a wholly original time and place. Beyond that sand, Part Two also incisively incorporates the unexpected element of water, presented here as precious, even holy. As a religious narrative, Part Two is a bit unsteady—at turns provocative and diffuse—but its use of water is wholly engrossing. Sucked from the corpses of slain enemies so that others might live or preserved from the bodies of lost compatriots to be added to a sacred well, water in Dune: Part Two has both an intriguing spiritual import and an earthly materiality. Beneath those dusty nostrils, you can feel it on your lips. (With Zendaya, given more to do this time but largely stuck in a perfunctory romance; Javier Bardem, adding gravitas but also, on occasion, a blessedly light touch; and Austin Butler, channeling all his Elvis charisma into a new villain, essentially a nightclub Nosferatu who’s picky about his knives.)";"20-02-2024";"Dune: Part Two";"en";359
"Hungkat";"At the risk of being hyperbolic but going to the cinema for the first time in 3 months and catching this behemoth on the big screen is nothing short of a religious experience. Timothée gave the most ‘I’m Him’ performance of his career. Hans Zimmer freaked it.";"29-02-2024";"Dune: Part Two";"en";47
"Riley";"The kind of awe-inspiring & unwieldily epic not really seen since Lord of the Rings, continuing the dreamy brutalist texture of the first film and evolving it into an explosive death march. It was always a wise just to forgo the inner machinations of the books plotting-upon-plotting and schemes within schemes to focus on the sheer emotion and oppressive feeling of the novel in the first part, this feels despite simply being the back half of a book like any iconic… more";"28-02-2024";"Dune: Part Two";"en";82
"prezoh";"giving it one star cuz i want attention but it was rly good";"03-05-2024";"Dune: Part Two";"en";13
"Cam Walsh";"I need to stop watching this thing… it cannot be healthy for me ";"02-03-2024";"Dune: Part Two";"en";13
"Nathaniel Bee";"shit was mad boring. at least i got watch it with a girl i really like. then we had wild sex afterwards";"28-02-2024";"Dune: Part Two";"en";22
"Justin Decloux";"It is undeniably impressive, especially in IMAX, and every piece cleverly works in synch, but I can't help but feel a distance from DUNE: PART 2 the more I ponder the film. Maybe it's because it's so finely engineered, that it pulls away the more I try to grasp it? It's a weird feeling!";"01-03-2024";"Dune: Part Two";"en";54
"Netscape Negro";"I wanna say that some of the changes from the move (particularly the chani stuff) bothered me as a purist, but when you’re in there in the moment oh man is it just perfect. I never thought I’d see spectacle like that in my life my jaw was on the floor.";"07-03-2024";"Dune: Part Two";"en";51
"˗ˏˋ suspirliam ˊˎ˗";"completely obsessed with the fact that this film is essentially driven and carried by its glorious ensemble of dynamic, complex and extremely well dressed female characters";"14-09-2024";"Dune: Part Two";"en";26
"Roséanne Park";"Dune: Part Two is a stunning sequel, taking a solid step from the previous film without losing pace. Paul Atreides and Lady Jessica continue their adventures on Arrakis, joining the Fremen, and facing threats from Baron Harkonnen.";"28-02-2024";"Dune: Part Two";"en";37
"SupremeLemon (지존레몬)";"Dune: Part Two is endowed with a certain quality of fascination, but it is an extraordinary quality of a compelling failure. To elaborate on this fascination requires an elaboration on the constituent elements of the aesthetic and dramatic architecture it has cultivated.";"29-02-2024";"Dune: Part Two";"en";42
"A.";"From the very first seconds, it’s clear you are about to witness a true masterpiece, visually stunning to the fullest extent, where every frame feels like a carefully composed piece of art. And as always, Hans Zimmer’s score brings life to every moment. Denis Villeneuve is an absolute genius, he doesn’t just make films, he builds worlds.";"03-07-2025";"Dune: Part Two";"en";57
"Brian Tallerico";"The word that will likely be used most often to describe Denis Villeneuve’s “Dune: Part Two” is “massive.” Expect a whole lot of variations on the words “epic” and “spectacle” too. Whatever big words you apply to the result, Villeneuve undeniably did not approach Frank Herbert’s beloved sci-fi novel with modest aspirations, and it’s his ambition, along with the top tier of behind-the-scenes craftspeople with whom he collaborated, that have paid off in this superior follow-up to the Oscar-winning 2021 film. While that beloved blockbuster often felt like half a film, “Dune: Part Two” locates significantly higher stakes on Arrakis, while injecting just enough humor and nuanced themes about power and fanaticism to flavor the old-fashioned storytelling. More than a simple savior or chosen one story, “Dune: Part Two” is a robust piece of filmmaking, a reminder that this kind of broad-scale blockbuster can be done with artistry and flair.";"20-02-2024";"Dune: Part Two";"en";150
"Bob Goochman";"An unforgettable and incomparable movie going experience. Truly defies what it means to be a modern blockbuster. The amount of care and attention put into nailing every nuance is almost overwhelming at points. Feel absolutely blessed to have been able to see this in IMAX 70mm (s/o Lincoln Square) and I hope everyone can see this on the biggest screen possible.";"25-02-2024";"Dune: Part Two";"en";61
"oleff";"look up the word epic in the dictionary and trust me! you’ll find that it contains quite the cool flick!";"04-03-2024";"Dune: Part Two";"en";20
"Emma 🔆";"So glad that Denis understands when you only have Léa Seydoux in your film for 5 minutes that each solitary second is precious and should be treated as such";"25-02-2024";"Dune: Part Two";"en";29
"Sophie Holsinger";"This film print is among the most stunning experiences I have ever had. Having a hard time articulating just how great I think this is! Wow!";"29-02-2024";"Dune: Part Two";"en";26
"EvilMonkeyToes";"Dune is not really in my wheelhouse--the epic, dystopian film is just not on the top of my favorite type of film list. However, even though I am not the real intended audience of the Dune movies, I can see and appreciate their greatness. Dune: Part Two continues the story started in the first film. This film is meticulous in its world building. Every detail is attended to and the result is simply spectacular. Credit must go to director Denis… more";"16-05-2024";"Dune: Part Two";"en";81
"owen";"On October 21, 2021, I was in Sedona, Arizona, over 2,000 miles away from home. It was week 6 of my 8-week road trip across the states that I took during my gap year after high school. It was also the opening night of Denis Villeneuve’s sci-fi epic Dune, starring Timothée Chalamet. To save money on the trip, Me and my friend lived in his van and slept wherever we could park. Two days after we saw Dune in theaters,… more";"25-02-2024";"Dune: Part Two";"en";81
"mathew";"Paul and Chani really went like: ""I'm not arguing with a woman that has beautiful blue eyes, whatever you say gorgeous"" to Lady Jessica like the (reverend) mother that she is.";"28-02-2024";"Dune: Part Two";"en";31
"cine_matic 💢";"It doesn’t get much better than this. About as epic as epic can get. It was nothing short of a spiritual awakening in IMAX. Say “welcome back” to THE sci-fi masterpiece, everyone.";"25-02-2024";"Dune: Part Two";"en";32
"emanuelbulija";"Dune 2' is an epic masterpiece. Denis Villeneuve made one of the best sequels ever and one of the best movies in the sci-fi genre. Timothée Chalamet and Zendaya are amazing, but Austin Butler steals the show, portraying one of the better-written villains I've seen in recent years. Florence Pugh is a nice addition, and I hope to see more from her character. Hans Zimmer keeps giving me chills. Definitely a must-watch.";"29-02-2024";"Dune: Part Two";"en";72
"Zach Pope";"One of the greatest SCI FI FANTASY FILMS EVER CREATED Dune Part 2 left me speechless. A powerhouse epic masterpiece that becomes the TWO TOWERS of this decade. A special type of movie that only comes around every so often & will make you believe in what the magic of filmmaking can create. Denis Villeneuve out does himself once again.";"21-02-2024";"Dune: Part Two";"en";60
"KMeeks";"How does one describe Dune: Part Two? It’s like if you had never seen a movie before and someone showed you the best movie ever as your first. Like having your first kiss as a nervous teenager. Like the sleep you get after hitting snooze on your alarm and spending 10 more minutes in bed. Like locking eyes with your soulmate for the first time. Like if every one of your remaining days was spent exactly how you dreamed. Like… more";"25-02-2024";"Dune: Part Two";"en";81
"aksel";"truth is…yes….it lives up to the hype. I had to resist fist bumping at the screen, shouting “YESS!!! WE ARE SO BACK”. Just so much to admire.. outside of my bladder almost exploding i was so immersed i forgot to breathe at times. ";"14-03-2024";"Dune: Part Two";"en";43
"Robert Daniels";"I can’t believe this is what constitutes contemporary epic filmmaking. I have a general issue with Denis Villeneuve’s visual approach to these films that begin with the first “Dune.” It’s all so self-serious, so drab and lacking any vitality. I have to squint at the screen to tell which shade of beige is any given character. It doesn’t help that I also find Timothée Chalamet and Zendaya equally forgettable. Every note they hit feels false. To a point, that is, of course intended. These are two young warriors who are projecting more than they are internalizing. And yet, when someone like Austin Butler pops up, someone who is aware of how silly this all is and is willing to at least play with that tone—even if his attempts are swallowed whole by the overbaked surroundings—both Chalamet and Zendaya are revealed to be distinctly underwhelming. ";"08-10-2024";"Dune: Part Two";"en";144
"cinema excelsior";"boomers say what’s keeping young people from buying a house is grabbing specialty coffee a couple times a week, but it's actually rewatching denis villeneuve films in the cinema.";"06-03-2024";"Dune: Part Two";"en";29
"maddie";"i have you for one day but i love you more than my life.";"29-02-2024";"Dune: Part Two";"en";14
"lo";"* TLDR: austin butler most definitely has the sauce, villeneuve most definitely does not - actually he hasn’t had it since maelstrom (his best movie! not a joke like im so serious)";"16-03-2024";"Dune: Part Two";"en";32
"Xfaxe";"I wouldn’t be shocked if it turned out that “Dune: Part Two” is the best movie of the whole 2020s";"01-02-2025";"Dune: Part Two";"en";20
"Haris";"What. An. Experience. Denis Villeneuve continues to cement his legacy as one of the best directors of his time with this film — a transcendent sci-fi epic that succeeds in every department it needed to. I had a couple of issues with the first film, but I always reserved judgement until Part Two arrived to further the story. Films that boast the scale the way this does are rare, and yet Denis remains oh-so patient with his direction. Witnessing this in full 70mm IMAX was a jaw dropping experience, and one I will always remember. Such a fun time and a film everyone should go out and support.";"01-03-2024";"Dune: Part Two";"en";108
"Bobby Wagner";"was flirting with jumping on the “furiosa is better than dune 2” bandwagon (for the art of the take). alas, I am glad I did not. but they’re closer than most people would have you believe. ";"26-11-2024";"Dune: Part Two";"en";36
"i_z";"I could write an entire essay about my issues with Villeneuve as a réalisateur of big sci-fi worlds — a job to which he is fascinatingly ill-suited, even though it seems to be his lifelong dream — but the fact is we have an unapologetically Muslim-coded, deeply Quebecois space epic with a decent chance of grossing a billion dollars at the exact moment that Hollywood studios are desperately searching for the template of a post-Marvel blockbuster. I consider this a glass 4.5 fifths full situation!!!";"29-02-2024";"Dune: Part Two";"en";85
"𝐉";"The scene where Paul walks in and tells everyone to “shut the fuck up im HIM” was fucking awesome";"31-07-2025";"Dune: Part Two";"en";19
"mudd nelson";"okay...so imagine everything that they did right in the first movie, without (most of) the flaws. it has a bigger and better cast, with a better lead performance by chalamet. the continuation of the story gets much juicier, making it far more interesting. upping the epicness, in every way. it builds towards the next movie, but it still has the legs to stand on its own. the pacing issues are still there, but the slow parts aren't boring. obviously, it looks great and yada yada. i'm so excited to see what they do next, i think it has potential to be the greatest space-opera ever.";"13-03-2025";"Dune: Part Two";"en";105
"nickusen";"Absolutely loved this, I wanted to bask in the world like the Baron’s vat of goo. Yeah you’re going to zone out for a little bit during the middle but that’s fine, that happens when reading a gigantic sci-fi tome with a frayed cover, just sit back and enjoy the spice. My two favorite aspects of this are easily:";"11-03-2024";"Dune: Part Two";"en";59
"haley";"just walked out of the theater and already, i am impatiently waiting for someone to invent a way for me to erase my memory just so that i can experience this for the first time again. i can't even find the words to describe how amazing this film made me feel.";"01-03-2024";"Dune: Part Two";"en";51
"Daniel's Productions";"Forget everything I thought about the chosen one narrative in the first movie";"03-03-2024";"Dune: Part Two";"en";13
"harvi";"I had been waiting for this for two years. I can't believe I've finally seen this and I can confidently say that DUNE: PART TWO is a masterpiece. goosebumps after goosebumps... epic!";"05-03-2024";"Dune: Part Two";"en";32
"Adam Putra";"The beauty and the horror. Here again a review comes from the person who haven't read the book/original version. Dune: Part 2 is a tour-de-force cinema and surpassed EVERYTHING from the predecessor and has EVERYTHING you want that you didn't get in the first one. Lots of people said, ""a sequel will ruin everything"", and well, Denis Villeneuve delightfully destroy that spell for you. Speaking about technical aspects, literally every aspects, all marvelous. This is a 166-mins of massive spectacle, rich with eye-popping visuals alongside stunning cinematography, excellent piece of storytelling, wonderful cast, and spectacular music scoring from Hanz Zimmer. Probably shouldn't talk this much and let you people witness it on the biggest screen as possible yourself. An overall jaw-dropping experience.";"28-02-2024";"Dune: Part Two";"en";122
"jackednerd";"Dune has officially saved cinema. Dune part 2 Is gonna go down as the greatest thing I have ever experienced in my entire life. Every ounce of hype going around about this film is 1million Percent warranted. This might be the best thing to ever happen to me. Denis Villeneuve is the greatest director of my life time and the best to ever do it for me personally. That was the fastest three hours I have ever spent watching a… more";"29-02-2024";"Dune: Part Two";"en";81
"alexcolemann";"Crazy we all just witnessed the greatest sequel of all time lol";"01-03-2024";"Dune: Part Two";"en";12
"B E R T";"He didn’t cum in a peach, I was very disappointed by that actually. Besides that omission, I thought the movie was really good. Entertaining and loud and visually magnificent. WOW!";"01-03-2024";"Dune: Part Two";"en";30
"Kit Lazer";"I can intellectualize a film as much as I want—and I try, and you should; dig into the balance of the act structure, themes and tone, special effects and blocking, crane shots and close-ups—but that’s not the start. ";"20-10-2024";"Dune: Part Two";"en";38
"🌻 lindsay 🌻";"I think all political leaders should be determined by who can ride the biggest worm";"02-03-2024";"Dune: Part Two";"en";15
"Matthew Kelly";"I don't think I'm ever gonna see Christopher Walken in something and not immediately think Hey look it's the actor Christopher Walken.";"04-03-2024";"Dune: Part Two";"en";22
"joereid";"Soooo much domming and subbing going on in the known universe!";"25-02-2024";"Dune: Part Two";"en";11
"Josiah Cooper";"Dune: Part Two is a visual spectacle with some out of this world sound design. Where the first Dune built the world perfectly, this has a new feel with a gripping, action packed and more character driven story. Some great performances especially from Chalamet and Butler. The stakes were higher, the emotion was greater and the pacing is exceptional. This is all rounded off with an incredible final act. I personally hold this higher than the original and has already become one of my favourites this decade and don’t know what will top it this year. Can’t wait to watch it again!! I’m in awe";"21-02-2024";"Dune: Part Two";"en";105
"Paul";"When your central criticism of a movie is that it should be longer, it feels nitpicky. The scope of this thing is incredible, and it just…flows. So many things thoroughly shocked me, even if they were in trailers. It was an experience, to say the least, especially in IMAX.";"03-03-2024";"Dune: Part Two";"en";49
"Will Sloan";"Here’s the thing. The Fremen/Arrakis debate is so complicated and has been going on since Biblical times, and furthermore, Paul Atreides has rejected every ceasefire proposal he’s been offered. So who’s to say what’s right?";"13-03-2024";"Dune: Part Two";"en";35
"jeaba";"i’m honestly just really glad that austin butler got stuck in character for elvis instead of getting stuck in character for this";"01-03-2024";"Dune: Part Two";"en";22
"Benjigotfried";"2 AM VIBES FOR DUNE PART 2 HIT DIFFERENT!!!! This movie is so god damn good man wow. This movie is stunning in every way.";"02-03-2024";"Dune: Part Two";"en";25
"Brian Formo";"More than overcomes a convoluted start and finds the proper sandwalk rhythm to become both a stirring standalone film and a setup for a third installment. I missed the warmth that Jason Momoa and Oscar Isaac brought to the (otherwise chilly) first film, but Part Two grows to become better overall.";"21-02-2024";"Dune: Part Two";"en";51
"ace";"i just know baron harkonnen wouldn’t play around about a diet coke";"05-03-2024";"Dune: Part Two";"en";12
"DavidNeedToKnow";"From now on I won't call an Uber anymore, but a giant sandworm.";"28-02-2024";"Dune: Part Two";"en";13
"SuperBardiBros";"I love sci-fi, it offers the highest ratio of “here’s a bunch of shit you’ve never seen before”— giant sandworms, monochromatic gladiator fights, dragonfly helicopters, nuclear shield explosions… Dune 2 is spectacular, the type of film you end up seeing in your dreams, breeding with artistry and creativity that will inspire the next-generation of filmmakers.";"02-03-2024";"Dune: Part Two";"en";55
"Miguel Felix";"I left the movie theater wanting to scream: “This is cinema”";"29-02-2024";"Dune: Part Two";"en";11
"Sally Jane Black";"Insufferably dull in hue and content; a film that thinks spectacle is computer-generated crowds of faceless people (tiredly miming Nazi propaganda) rather than the wondrous fauna of alien worlds. Yes, I am still salty about the fact that these films aren't wall-to-wall sandworms. Even the worms we get are underused and undershown. The first ride is frustratingly minimal, a lot of murky shots full of swirling sands and implications that come off as lazy in a film with a budget… more";"05-07-2024";"Dune: Part Two";"en";81
"Kit Lazer";"I missed the big, happy crowd and the IMAX screen this time. See it as big and soon as you can, trust me.";"03-03-2024";"Dune: Part Two";"en";23
"H. Coley";"i don’t even know how to talk about this yet. it feels like an ethereal dream that i’m still trying to wrap my brain around since i’ve woken up—and i think it’s a miracle that we have a blockbuster with the guts to be this weird and unsatisfying. teenagers everywhere are going to witness a scene where a baby sandworm is drowned in a ceremonial pool and its blue stomach bile is extracted and mixed into a trippy drug potion to transcend space and time. i think that’s beautiful.";"03-03-2024";"Dune: Part Two";"en";89
"🪐˚.⋆🌌⋆⁺₊ ☄️";"You'll never lose me, Paul Atreides. Not as long as you stay who you are.";"08-03-2025";"Dune: Part Two";"en";15
"Alex Vlahov";"could’ve gone my whole life without seeing that sandworm flap lifted";"01-03-2024";"Dune: Part Two";"en";11
"alexcolemann";"Theater is wondering who’s chanting LONG LIVE THE FIGHTERS in Chakobsa at 3am (it’s me)";"04-03-2024";"Dune: Part Two";"en";15
"Hamad";"There is no one in this room who can stand against me. Your mothers warned you about my coming. ";"01-03-2024";"Dune: Part Two";"en";19
"☆ sophie ☆";"i’m fucking speechless. denis villenueve - thank you. hans zimmer has somehow outdone himself AGAIN.";"25-02-2024";"Dune: Part Two";"en";15
"Ford H";"Dune Part II is the best of the two, but it did not quite win me over. The cinematography, sound and production design are undeniably astonishing and the film’s biggest accomplishments. The lore behind the Reverend Mother and Water of Life was endlessly fascinating. I think the sandworm sequences were pretty great, and the black & white arena scene was beautiful. There are so many moments of top-notch action that will still be remembered 50 years from now. The story, however,… more";"25-02-2024";"Dune: Part Two";"en";82
"júlia";"i also think timothée is my saviour you fremen are not special";"01-03-2024";"Dune: Part Two";"en";12
"Benjigotfried";"This truly is incredible. This is even better on rewatch. The score bangs in every way. The cinematography is stunning. The third act reminds me of Lord of the Rings: The Two Towers in the best way possible.";"26-02-2024";"Dune: Part Two";"en";38
"alexcolemann";"Genuinely a life changing experience. A point in cinematic history that will have a lasting impact on the way I view film. The grandest of epics executed to perfection. When we start calling this the greatest sequel ever, what then? LONG LIVE THE FIGHTERS!";"29-02-2024";"Dune: Part Two";"en";44
"André";"There's no satisfaction like seeing one the best literary works of all time adapted into a masterpiece of epic proportions. While the first Dune focuses on establishing this universe very faithfully to the source material, Part 2 has free path to show the most exciting events of the book — and also drastically change others. These changes seem frustrating at first, but we soon realize that Dennis Villeneuve's reinterpretation is perfect and we fully embark on it. Austin Butler's psychopathic Feyd-Rautha is something worthy of cinema's greatest villains. The arena fight scene is so sick and I want to rewatch it over and over again.";"01-03-2024";"Dune: Part Two";"en";105
"lubchansky";"i don’t get why i’m having all these weird dreams. i AM going to sleep every night face-first in a big pile of drugs";"05-03-2024";"Dune: Part Two";"en";24
"Darren Carver-Balsiger";"""Who will our next oppressors be?"" - Chani, Dune: Part One";"03-03-2024";"Dune: Part Two";"en";11
"H. Coley";"my friend after Dune Part Two: wow I didn't expect that cameo! can't believe they kept her under wraps for that long!";"04-03-2024";"Dune: Part Two";"en";22
"Joel Haver";"I liked it much more than the first, it’s still by no means emotionally resonant for me but it got enough of the exposition out of the way that I was able to just get lost in the spectacle. Both Timothee and Paul are better here, he’s still a little one note and he turns on a dime when change does come. Feels like a blockbuster allowed by modern technology in exciting ways, the scale/vision of this simply wasn’t as achievable… more";"26-03-2024";"Dune: Part Two";"en";82
"Jamelle Bouie";"If “Dune: Part I” was a film about the dread that comes from the realization that you are a pawn in someone else’s plan, “Dune: Part II” is a film about the dread of bringing that plan to fruition, and the powerlessness of knowing you can do nothing to stop it.";"02-03-2024";"Dune: Part Two";"en";51
"alexcolemann";"I get seriously horny when the screen becomes black and white on Giedi Prime and Feyd-Rautha starts laughing with a knife in his face.";"02-03-2024";"Dune: Part Two";"en";24
"alexcolemann";"The level of locked the fuck in I get when Paul pounds his chest and screams “I AM THE LISAN AL GAIB” is unreal";"19-03-2024";"Dune: Part Two";"en";24
"TheFreshBeef";"6 hours after the movie and I can still find sand in my underwear, that's how good Dune: Part Two is";"29-02-2024";"Dune: Part Two";"en";21
"Geesuss";"While a lot can be said about this film, I will try to keep it short and sharp: Believe the hype! It’s not Villeneuve’s best for me yet it’s a stunning, immersive and suspenseful spectacle that demands to be experienced more than simply enjoyed. This is what the modern Star Wars should have been and accomplished. Its first half is already great, but from the coliseum scene onwards its cinematic values never ceases to amaze. Its plot and character development broadens and makes you feel in awe. The ensemble cast makes a home run and Zimmer never disappoints with the music. Dark, beautiful and compelling: ‘Dune: Part Two’ is a superior sequel that manages to stand on its own.";"29-02-2024";"Dune: Part Two";"en";119
"Olivia Craighead";"austin butler is, for the most part, nailing his stellan skaarsgaard voice — but sometimes a little elvis sneaks in and you just have to laugh";"01-03-2024";"Dune: Part Two";"en";26
"Rendy Jones";"Can’t believe one of the most intense and thoroughly orchestrated hand-to-hand fight sequences I’ve ever seen put to a studio blockbuster film involves two of Hollywood’s IT white boys duking it out. ";"20-02-2024";"Dune: Part Two";"en";32
"Austin Burke";"💯100% 2024 list - Click HERE Full review - Click HERE";"20-02-2024";"Dune: Part Two";"en";11
"EvanAC";"Denis Villeneuve recently said that dialogues aren’t something important for him, and we clearly see it in Dune: Part Two, the biggest strength of the film is its cinematography and its sound design";"29-02-2024";"Dune: Part Two";"en";33
"Kevflix And Chill";"Exceeded every expectation. Christopher Nolan dodged a massive bullet when this got delayed. Read my Full Review. ";"25-02-2024";"Dune: Part Two";"en";17
"Ted Nivison";"willy wonka takes on evil caillou utilizing the power of giant tapeworms and ayahuasca infused blue raspberry soda. i loved every second of it.";"21-03-2024";"Dune: Part Two";"en";24
"H. Coley";"on the first viewing, I felt kinda conflicted about the hammy comedic turns of Javier Bardem’s performance here—especially in contrast to his markedly stern and capable demeanor in part one. on the rewatch, though, I think the comedy early on serves the greater tragedy of this character: he comes across like your amusingly conspiratorial (but still loveable) boomer uncle for so long, until you glimpse the sheer violent madness in his eyes and realize uncle richie has been fully prepared… more";"08-03-2024";"Dune: Part Two";"en";81
"comrade_yui";"the vision arrives at last; to see now that so much of part one was table-setting for this -- frankly, i wonder if just making a single four-hour film would have solved my problems, but of course we were never going to receive that...";"05-03-2024";"Dune: Part Two";"en";44
"Marianna Neal";"Nolan said this is The Empire Strikes Back of the Dune franchise, but I propose a slightly different comparison: it's The Two Towers (which will mean different things to different people, yes). The two films definitely work best together, as a whole, but if epic action is what was missing for you in Dune: Part One - get ready to be blown away. Denis continues to impress, sign me up for Dune: Messiah ASAP.";"20-02-2024";"Dune: Part Two";"en";74
"Justy";"It’s movies like this that make all the suffering of life totally worth it";"25-02-2024";"Dune: Part Two";"en";14
"lauren";"at the beginning paul starts to mansplain sand walking to chani and i can't think of a better way to begin women's history month";"29-02-2024";"Dune: Part Two";"en";24
"Thomas Flight";"I cut part 1 and 2 together into a single film with a 5 hour and 4 minute running time and watched it in one sitting. Great for a rainy afternoon.";"06-05-2024";"Dune: Part Two";"en";31
"kevintporter";"In the cut I saw, Austin Butler sings this over the credits:";"29-02-2024";"Dune: Part Two";"en";12
"Ella Kemp";"Actually have no words for how much of a beast Austin Butler (Skarsgård?) is in this";"03-03-2024";"Dune: Part Two";"en";16
"Regal";"At least you can bring our popcorn bucket home to meet mom";"01-03-2024";"Dune: Part Two";"en";12
"Wes";"you’re laughing. the lisan al gaib is about to lead us all into paradise and you’re laughing.";"01-03-2024";"Dune: Part Two";"en";17
"mikesmic";"Does anyone do scale like Villeneuve? Saw this in 1570 IMAX (of course) and it was absolutely STUNNING. I saw a friend's review saying that a couple of times while watching she had this feeling of ""will I ever be able to make something like this"" (heyyyy Trin) and I have to second that - this film is just so technically impressive that it almost made me upset 😭😭😭😭 I recently saw Blade Runner 2049 (also in 1570 IMAX) and I feel like a lot of the Dune P2 technical/visual praise I'm seeing I felt when I watched BR2049 - so to me that feels like confirmation that it's not JUST the source material that makes this movie excellent, I don't think anyone else could have achieved what Villeneuve has achieved.... Side note: Lady Jessica....this diva.... need her to release an album Second side note: Austin Butler gagged me a bit... I wasn't necessarily a Butlernator before but now I get it. Imagine giving an Oscar-winning eyebrow acting performance with no eyebrows?";"14-03-2024";"Dune: Part Two";"en";172
"George Carmi";"perfect scene after perfect scene. movie of the year. movie of my lifetime.";"31-12-2024";"Dune: Part Two";"en";13
"eddyburback";"denis has yet again made an entry into my “movies that I’ll never shut the fuck up about” list";"29-02-2024";"Dune: Part Two";"en";19
"George Carmi";"the hand of god be my witness. this is #1. my favorite movie. it led me to paradise.";"11-09-2024";"Dune: Part Two";"en";18
"joão vitor";"the chemistry between austin butler and léa seydoux ARE YOU FUCKING KIDDING ME";"29-02-2024";"Dune: Part Two";"en";13
"Austin Burke";"2024 list - Click HERE Full video review - Click HERE First Letterboxd Review & Score - Click HERE";"25-02-2024";"Dune: Part Two";"en";19
"Gambinosburner";"Not to be dramatic or anything but seeing this in the cinema was one of the greatest fucking experiences I’ve ever had in my life.";"29-02-2024";"Dune: Part Two";"en";25
"comrade_yui";"really this is just a wonderful story of faustian civilization -- you have to play the role that fate sets out for you while remaining conscious of the arbitrary exercise of power, yet once you are the messiah, you lose the ability to be a man and to enjoy the private life of mortals, so you become something non-human in order to cope with the sheer excess of your power. i didn't know denis had something this naive and reckless in his bones -- it more than earns its comparisons to lawrence of arabia and once upon a time in the west, but really it's a tale told about the cyclical churn of history, of the tragedy of liberators who become conquerors not by corruption, but by logical necessity -- the future of humanity is the heady desert dreamscape of a post-AI dark age -- the world needs a hero, and unfortunately, it will receive a master.";"14-03-2024";"Dune: Part Two";"en";157
"Will Menaker";"Dennis Villanova's done it again folks! Following up his sci fi masterpiece about doing drugs with your mom, with a sequel about doing newer, even more powerful drugs with your mom.";"13-03-2024";"Dune: Part Two";"en";31
"cerys";"austin butler swapped out the elvis voice for that fuck ass tom hanks colonel voice";"01-03-2024";"Dune: Part Two";"en";15
"Mary Sun";"HE’S BALD HE’S BALD AND HE’S TORTURING PEOPLE WHO HAVE HAIR";"27-02-2024";"Dune: Part Two";"en";11
"aaron";"what if i logged onto uber and rated the sandworms 5 stars";"01-03-2024";"Dune: Part Two";"en";12
"Patrick Willems";"Exactly what I wanted from part 2: more beautiful movie stars wearing weird costumes doing weird voices in weird sets, way more sand, people getting high on worm juice. Also in general just extremely big.";"04-03-2024";"Dune: Part Two";"en";35
"George Carmi";"An absolute behemoth of a film. My goodness. The entire third act is some of the most goosebump-inducing filmmaking I’ve ever seen. I can’t stress enough the intensity of the emotions I feel while watching this. It’s truly an experience I’ll cherish forever.";"11-03-2024";"Dune: Part Two";"en";43
"George Carmi";"I don’t mean to be hyperbolic but this is the greatest movie ever made.";"29-05-2024";"Dune: Part Two";"en";14
"˗ˏˋ suspirliam ˊˎ˗";"denis was born to make these movies it was written!!!!!! feel so blessed to be living at this moment in cinema history";"02-03-2024";"Dune: Part Two";"en";22
"trin";"coming back to right a full review when my mind returns to unblown state";"29-02-2024";"Dune: Part Two";"en";14
"thatmartinkid";"watched this in 4D and got flung out of my seat during the timothée and zendaya sex scene";"01-03-2024";"Dune: Part Two";"en";18
"daniel goldhaber";"Interesting. It seems the movie is arguing that the sabotage of energy infrastructure is an effective way to destabilize a techno fascist empire.";"06-03-2024";"Dune: Part Two";"en";23
"Angelica Jade Bastién🪼🌷";"I think in a bit, collectively, we’re going to look back on Villeneuve’s career and be like damn there ain’t much of anything here. Shares all the issues I have with the first and then some. Beige as fuck. Thinly drawn characters. I can see a lot of money has been spent but not well. Big, empty spaces whether outside or in that lack grandeur and detail. Acting that confuses glowering for conveying a prickly emotional reality and complexity. Timothee is very much go girl give us nothing energy. Austin Butler is y’all’s king? The writing undermines what the movie goes for and I have such a poor sense of these worlds/cultures. I was bored as hell, to be sure.";"03-03-2024";"Dune: Part Two";"en";120
"LeSchroeck";"First impression - Dune: Part Two absorbed me even more. Amazement, tears, questions, goosebumps. Different in its Messiah theme, even more beautiful in analog, more extensive and more balanced in action & content despite longer rest phases. Villeneuve cultivates his full desert power, star power, Zimmer power into pure cinema power. I was so into it. I was flowing with the spice. And wanting so much more. Oversized cinema. ______________________________________________";"23-02-2024";"Dune: Part Two";"en";70
"stevie";"How are we supposed to believe the sand planet is the most awe-inspiring place in the universe after venturing into the Austin Butler Gimp Dungeon?";"25-02-2024";"Dune: Part Two";"en";25
"corey👻";"next watch i need someone to dump buckets of sand into a fan aimed at my face for the true experience";"01-03-2024";"Dune: Part Two";"en";21
"JBird";"Many Fremen might just see a ""dweeb"", Then call him the one Muad'Dib. He doesn't squirm, When riding a worm, Even as he’s been raised as a plebe.";"25-02-2024";"Dune: Part Two";"en";28
"Joe A";"The first movie I had the itch to rewatch post-Oscars. Easy to forget its grandeur, but still a marvel to experience. ";"03-03-2025";"Dune: Part Two";"en";21
"Ana V";"“Dearest brother, I have seen the future of our lineage. It will break your heart.”";"22-02-2024";"Dune: Part Two";"en";15
"George Carmi";"Will forever be in awe at the sheer scale and scope Denis and Greig Fraser were able to capture. It’s unprecedented. The size of this film is insane. The more I watch this film the more Timmy’s performance stands out to me as being something truly powerful and impactful. I can’t help but think no one else on this planet could’ve embodied Paul better than he has. This film, simply put, is something earth-shattering. Something awe-inspiring. Something generational that we may not see for quite some time. It’s a cluster of breathtaking sequences that make my body shiver. It is the latest love of my life.";"03-03-2024";"Dune: Part Two";"en";106
"Cris Parker";"I think we underestimate how unbelievable it is that Denis Villeneuve made the world of Dune work on the big screen. F%#kable popcorn buckets just feel normal in a universe like this.";"25-02-2024";"Dune: Part Two";"en";32
"Bailey Parkinson";"we're literally seeing a Lord Of The Rings-level cinematic feat being achieved right in front of us for the first time in over two decades.";"29-02-2024";"Dune: Part Two";"en";25
"Josh Lewis";"With all the effective medieval political intrigue and Greek tragedy table-setting of the first movie out of the way, Denis is free to make the muscular, military space opera Lawrence of Arabia meets The Last Temptation of Christ he was clearly itching to make—where Paul is both a naïve crazy ass white boy who falls in love with/learns the ways of the desert and becomes a guerilla revolutionary fighter against his own oppressive political class, but also a tortured messiah figure who has visions of a painful, inevitable destiny he learns to stop doubting/resisting and accept. The key to Herbert’s eco-horror, anti-imperialist fable that Villeneuve rightfully hones in on is that all the sympathy garnered by briefly experiencing what it might feel like to be the victim of a merciless political trap is weaponized into getting you swept up in the momentum of righteous revenge against those who orchestrated it (namely the grotesque Baron and his gluttonous, brutal quest for power) and furthermore desire to see everyone equally if not even moreso under their cruel rule (the Fremen) cathartically liberated from it. But the precise method available to Paul in order to seize this control and vengefully right this wrong is a double-edged sword that involves the crafting and manipulation of religious myth and fervor as a violent political tool that has rippling consequences and leads to uncontrollable horrors. Coming soon to an IMAX screen near you!";"29-02-2024";"Dune: Part Two";"en";237
"demi adejuyigbe";"a visual and aural spectacle relaying a story that does nothing for me. a calligraphed limerick. dune just isn’t my thing; might be its unfair status as a modern adaptation of a highly influential classic, but all i see on the screen is archetypes. no characters i care much about or really “buy”, least of all paul. stilgar rules though. don’t get me started on the disparity between its arabic influences and casting, i don’t wanna lock these comments. get said taghmaoui in part three dammit. by the way, we are not all talking enough about chalamet’s holly hunter voice";"17-03-2024";"Dune: Part Two";"en";100
"Avalyn Wu";"Retains all of the same problems I had with the first film, somehow making them worse with the promise of something greater, bleaker, more interesting. But Villeneuve seems to only know how to play one note, to keep making things big and to keep dragging the dread on, but not in a way that’s dynamic or really even perverse enough to make it stick. We’ve had an entire previous film to know these characters and magically I now feel like I know them less, their pain and their struggles and their greed for power a completely distant object to my gaze and my heart. Not entirely boring but once again shockingly inessential.";"29-02-2024";"Dune: Part Two";"en";112
"james💫";"THIS SHIT HAD ME BOWING DOWN TO PAUL ATREIDES IN THE DAMN THEATER!!!";"25-02-2024";"Dune: Part Two";"en";13
"zoë rose bryant";"the scene where chani is running to paul as the harkonnen ship she just shot down crashes into the sand beside her and the score swells is literally what movies were made for";"24-03-2024";"Dune: Part Two";"en";33
"noen";"Every tiny detail is breathtaking, the scenery, the sound, the angles, the movement, what Villeneuve does in this film is far beyond what anyone expects, we are witnessing the birth of an inevitable masterpiece in the future history of cinema.";"28-02-2024";"Dune: Part Two";"en";40
"Sethsreviews";"A direct sequel that matches the impact of a monumental first film is rare, yet Denis Villeneuve succeeded in topping it. An overwhelming sensory masterpiece. Drenched in tragedy and intricately structured mystique. As with the first film, this never fails to deliver awe-inspiring visual sequences one after another, as well as a mounting sense of devastation and fear concerning the paths of several characters. I genuinely believe that this is an instant classic, and I don't say that without seriousness. Definitely a one-of-a-kind event to remember. A complete, generation-spanning sci-fi epic about fate and sacrifice. What else can I say? A fucking unbelievable experience that surpassed my already incredibly-high expectations after loving the first one. Everything I wanted, and more. I’m so happy.";"01-03-2024";"Dune: Part Two";"en";123
"Amanda the Jedi";"I thought it might take a bit more than worm piss to corrupt the boy but that’s fine";"06-03-2024";"Dune: Part Two";"en";18
"alexcolemann";"This is why we fucking make movies. I’m grateful I was able to stay alive long enough to witness this masterpiece. Masterpiece somehow being an understatement, this is a project that shouldn’t be possible but Denis and the crew — with their God given talents — made dreams come true. It’s a truly grand experience and maybe the greatest thing I’ve ever seen. The performances (Timmy, Rebecca, Zendaya, Austin and Javier Bardem specifically) are all worthy of Oscar praise and moved me to my core. There’s multiple Paul monologues that got me nearly crying — not because they were sad per se— because I didn’t know how else to respond to something this perfect. Same can be said for a multitude of visuals, character moments, plot points etc. I’m still shaking after, this is now the greatest film this decade for me. Dune agenda, Desert Power enthusiasts, film lovers alike… WE FUCKING WONNNNNNNNN. MAY ALL YOUR KNIVES CHIP AND SHATTER VAMOS.";"25-02-2024";"Dune: Part Two";"en";161
"cob";"i am not the same person i was a movie ago";"25-02-2024";"Dune: Part Two";"en";11
"Matt!";"Christopher Nolan owes Denis Villeneuve some serious head action for graciously delaying this movie till after Oppenheimer’s Oscar campaign had already locked up all the awards. Or, if not the sloppiest of toppies, then at the very least a nice Edible Arrangement or something, because this shit was off the absolute chizzle. Bewildering spectacle, unreal sound design, deeply thought-provoking messianic complexities, and enough giant sandworm battles to make Burt Gummer cream his cargo pants. Easily one of the most impressive sci-fi epics of all time. I won’t lie though, Feyd-Rautha calling Paul “lil mama” mid fight scene came off as a bit unexpected, but I also haven’t read the book, so maybe that was on brand?";"26-02-2024";"Dune: Part Two";"en";116
"Thomas Flight";"An absolutely gorgeous, austere piece of film. Denis is serving up some of the most majestic of scientific fiction images we've seen on the 21st century cinema screen.";"29-02-2024";"Dune: Part Two";"en";28
"George Carmi";"Monumental. Colossal. Herculean. Transcendent. An experience. An event. A moment. Our Empire Strikes Back. but better (?).";"29-02-2024";"Dune: Part Two";"en";17
"siobhan";"i just know stilgar is running that paul atreides update account (@TheRealLisanAlGaib) on the side";"29-02-2024";"Dune: Part Two";"en";15
"JoshuaPictures";"I'm a simple man. So before I die, I'll tell the priest I want to play the soundtrack for this film. So when my funeral comes, I can finally rest in peace";"03-03-2024";"Dune: Part Two";"en";32
"ValTheMovieGuy";"Find someone who loves you as much as Stilgar loves Paul";"28-02-2024";"Dune: Part Two";"en";11
"Cam Walsh";"This is truly the cinematic event of our generation… don’t take it for granted";"25-02-2024";"Dune: Part Two";"en";14
"Lucy";"me from this day forward any time i go to grab the blue gatorade from a 7-eleven freezer: THE WATER OF LIFE";"03-03-2024";"Dune: Part Two";"en";22
"davidehrlich";"Denis Villeneuve has insisted that “Dune: Part Two” would be a direct continuation of its predecessor rather than a sequel, and the man has absolutely made good on that promise: Not only does this new movie pick up exactly where the last one left off, it also carries over the strengths and weaknesses that made the previous chapter so astonishing to look at but stultifying to watch.";"21-02-2024";"Dune: Part Two";"en";67
"justinwuah";"the end credits were rolling and i was just seated there with my dune popcorn bucket wondering what are we";"23-02-2024";"Dune: Part Two";"en";20
"noen";"When I die, please play a hans zimmer soundtrack so that I can finally rest in peace, thank you";"29-02-2024";"Dune: Part Two";"en";19
"Jay";"I don’t think it was such a good idea to give the messiah the nuclear launch codes";"03-03-2024";"Dune: Part Two";"en";17
"James (Schaffrillas)";"Hey man, I get it, I don't really want to visit the South either";"01-03-2024";"Dune: Part Two";"en";14
"Framesofnick";"9 BLINKERS IN AND I THOUGHT THAT FETUS WAS TALKING TO ME DIRECTLY";"04-03-2024";"Dune: Part Two";"en";13
"Joe A";"Found myself consistently stunned, not so much by the enormity of the physical, but by its ability to amplify the intimate. There’s a moment in the movie, where a switch is flipped and Paul begins to embrace the fanaticism and that’s when I knew I was watching something special. Also the sandworm scene.";"25-02-2024";"Dune: Part Two";"en";53
"Hannah Strong";"I hope Austin Butler gets trapped doing his Fayd-Rautha voice like he did with Elvis";"21-02-2024";"Dune: Part Two";"en";15
"zoë rose bryant";"a cautionary tale for mothers who tell their sons they’re special";"08-03-2024";"Dune: Part Two";"en";11
"jonathan fujii";"Watching this in IMAX while fisting the dune popcorn bucket is the correct way to watch";"20-02-2024";"Dune: Part Two";"en";16
"Gav Murphy";"Loved seeing the freaky little box again. Extra Star cause I think that bald fella stuck his dick in it.";"22-02-2024";"Dune: Part Two";"en";20
"George Carmi";"Nothing short of a monumental achievement in science-fiction filmmaking. Sensory overload and one of the most immersive cinematic experiences ever crafted. Denis Villeneuve is operating on another level. A level of ambition and audacity we rarely see within the art form. Dune: Part Two elevates itself to transcendent heights, among the pantheon of greats. It has cemented its name alongside the immortals in film history as one of the greatest sequels ever made.";"25-02-2024";"Dune: Part Two";"en";73
"Karsten";"one of those moviegoing experiences i’ll cherish for the rest of my life";"25-02-2024";"Dune: Part Two";"en";13
"maria";"austin butler is so bald. i've never seen anyone be so bald in my life. so moisturised and bald. he was glowing more than edward in twilight. what's your megamind head skin care routine, elvis boy";"03-03-2024";"Dune: Part Two";"en";36
"Bryan Espitia 🎃";"Need a friend like Stilgar to hype me up all the time";"25-02-2024";"Dune: Part Two";"en";12
"Rafi";"Every second of this felt handcrafted and straight-up impressive. I knew I’d absolutely love it before it even started.";"01-07-2025";"Spider-Man: Across the Spider-Verse";"en";19
"kj";"every frame a painting. feels like i should’ve paid more for what i just saw. premium stuff right there";"31-05-2023";"Spider-Man: Across the Spider-Verse";"en";19
"DOOMBLAZER";"If i could give it 6 stars I would do it. This sequel managed to do the impossible and was better than Into The SpiderVerse in every way. This film had a $100M budget, yet it’s the best looking animated film of all time. Just like it’s predecessor, this movie sets a new bar for Hollywood Animation & Comic Book Movies overall. This movie is the best Spider-Man Movie, the best Multiverse Movie, it’s my new favorite animated movie and The… more";"01-06-2023";"Spider-Man: Across the Spider-Verse";"en";82
"Drew";"Across the Spider-Verse takes what was good about the first Spider-Verse movie and presses the multiply button with unrelenting force. The massive scale of this picture was a bit overwhelming in comparison to the character development that these filmmakers are so expertly able to create, which didn’t serve as a benefit to the overall product.";"03-06-2023";"Spider-Man: Across the Spider-Verse";"en";55
"Ludovic Bagman";"A little bit better than the 1st one. Sets up the 3rd one very well. I will be seated next spring.";"05-06-2023";"Spider-Man: Across the Spider-Verse";"en";21
"HAL";"It will never be the first movie, but what it always will be is a reminder that animated films AND superhero films still can be fun and exciting. It reminds me that despite the multiverse trend being (ironically enough) stale and limited, that doesn’t mean there aren’t exceptions. The cynic in me believes beyond won’t live up to expectations (heck there’s even a crackpot side of that cynic that kinda believes it may never happen, who knows though, anything’s possible)… more";"07-01-2024";"Spider-Man: Across the Spider-Verse";"en";81
"𝐅𝐫𝐚𝐦𝐞𝐝";"“Let's do things differently this time. Like, so differently. His name is Miles Morales. He was bitten by a radioactive spider, and he's not the only one.”";"24-04-2024";"Spider-Man: Across the Spider-Verse";"en";27
"Ethan";"You have a choice between saving one person and saving every world.";"02-06-2023";"Spider-Man: Across the Spider-Verse";"en";12
"elena";"The movie really spells out its message: Cops are superheroes and superheroes are cops.";"03-06-2023";"Spider-Man: Across the Spider-Verse";"en";14
"Kay";"banal agitcopaganda/commercialized multiverse fare poorly disguised as a superhero movie that is (not) Different, Actually: vapid examinations of identity crises, needlessly intricate easter eggs successively stacked upon one another, momentum-halting quips and more now coming to a theater near you for only $20 and a little piece of your soul probably";"27-06-2023";"Spider-Man: Across the Spider-Verse";"en";51
"amber ᱬ";"this 🤝 everything everywhere all at once don't trust the bagels";"31-05-2023";"Spider-Man: Across the Spider-Verse";"en";11
"🎃Carson Christensen🍂";"Well, are we sure that wasn’t the most emotionally overwhelming movie to ever release? I can’t imagine a movie that makes me more tense.";"01-06-2023";"Spider-Man: Across the Spider-Verse";"en";24
"stephen_sajdak";"It's a big, beautiful, exciting movie that ...doesnt' adhere to a three act structure at all. So, if you know that going in, you'll be doing gangbusters, if you don't you'll likely find this a bit frustrating. Aside from the dazzling visuals and neat reveals what makes both of these movies work is that this Miles Morales is the most likable Spider-Man ever put to screen, full stop. Shameik Moore gives an incredibly charming vocal performance that gives this whole enterprise life. Really dug it.";"02-06-2023";"Spider-Man: Across the Spider-Verse";"en";85
"EccyReviews";"MY FIRST PREMIERE WAS THIS!!! This has to be the best film of the year 100%. Watching this with a bunch of marvel/spiderman fans was the best part and the suprises along the way was unbelievable. This was 100% better than the first film and I loved every part. The animation is the best we’ve ever seen with every scene more beautiful than the last. This is 100% a must watch and definitely one of the best experiences I’ve had at the cinema👏👏";"01-06-2023";"Spider-Man: Across the Spider-Verse";"en";83
"rach";"not even being slightly hyperbolic when i say that is one of the best films i’ve seen in my entire life.";"02-06-2023";"Spider-Man: Across the Spider-Verse";"en";21
"Chris Wade";"Still one of the most visually inventive, wild and exciting things going in Hollywood right now, when it’s cooking in action sequences just thrilling, and the use of mixed styles to represent different universes is very compelling.";"08-06-2023";"Spider-Man: Across the Spider-Verse";"en";37
"MovieFella";"""Everyone keeps telling me how my story is supposed to go. Nah, I'm-a do my own thing""";"13-06-2025";"Spider-Man: Across the Spider-Verse";"en";17
"🎥K";"Greatest animation in a movie ever ✅ I can’t even think of what to write. Simply amazing.";"01-06-2023";"Spider-Man: Across the Spider-Verse";"en";17
"𝐅𝐫𝐚𝐦𝐞𝐝";"“Let's do things differently this time. Like, so differently. His name is Miles Morales. He was bitten by a radioactive spider, and he's not the only one. He hasn't always had it easy, and he's not the only one. And now he's on his own, and he's not the only one. You think you know the rest. You don't. I thought knew the rest, but I didn't. I didn't wanna hurt him, but I did. And... he's not the only…";"28-01-2024";"Spider-Man: Across the Spider-Verse";"en";80
"Islam Albhloli";"I believe that making an animation movie is easier than the genuine one. Even games, nowadays, tend to be close to reality, when nothing feels more natural and not as captivating as the real one. I mean how can you distinguish good performances with animated characters and mere human-like feelings while It's all made with graphics. That's way I don't personally prefer such types of films. However , while shortly blending some real footage and LEGO theme with the animation… more";"26-06-2024";"Spider-Man: Across the Spider-Verse";"en";81
"DOOMBLAZER";"It sucks how we have no idea when we’ll see how this all ends";"28-08-2024";"Spider-Man: Across the Spider-Verse";"en";14
"evilbjork";"The animated Spider-Man have somehow become better than the live action ones, and that's mostly due to the animation. This is some of the most gorgeous animation I've ever seen. It's the first time in a decade that I've felt like I'm seeing a step forward in the art of animation. It's beautiful, engaging, and helps the story. The story fairly straight forward and is mainly a set up for the next movie, but at least there's more beautiful animation to look forward to.";"06-06-2023";"Spider-Man: Across the Spider-Verse";"en";84
"Daniel's Productions";"I haven't often seen a movie more than once in cinemas, but Across the Spider-verse is a movie that I wanted to rewatch. I am upgrading my score to 5 stars, it's on the lower end but that score is how I feel about this movie. I still think the first is slightly overrated and this properly takes it to a new level and is far better. It's been great to see how successful and well acclaimed this movie is.… more";"25-06-2023";"Spider-Man: Across the Spider-Verse";"en";81
"cinemacl🎃wn";"Bigger, better & breathtaking in ways most sequels neither dream of nor dare to, Spider-Man: Across the Spider-Verse is an ambitious & audacious follow-up that takes what was refreshing & original about its predecessor and builds upon it in a manner that catapults its universe to unscaled heights and delivers the expected greatness without sacrificing any of the emotional beats that ground its story & characters.";"03-06-2023";"Spider-Man: Across the Spider-Verse";"en";66
"Riley";"Nice to know they’re occasionally letting people who actually like comic books make these";"01-06-2023";"Spider-Man: Across the Spider-Verse";"en";14
"ToonrificTariq";">downloaded this on Netflix to watch on the plane tonight >watched it immediately after downloading instead of watching it on the plane tonight >will probably still watch it on the plane tonight";"10-11-2023";"Spider-Man: Across the Spider-Verse";"en";32
"◟✦ 𝓐ubs !";"just absolutely perfect, i enjoyed this one 10x more than the original, it didn’t feel long or dragged on to me, it was so much fun to watch and i am stoked for the third film! but seriously fuck off with that cliffhanger cause?!(829;&;$";"25-11-2023";"Spider-Man: Across the Spider-Verse";"en";44
"THErealBat";"(I haven't seen the movie today, just haven't done a review yet)";"24-06-2023";"Spider-Man: Across the Spider-Verse";"en";12
"✿";"I’m not even gonna lie, a yearly rewatch might save me cause it just gets better and better each time. 🙂‍↕️";"03-12-2024";"Spider-Man: Across the Spider-Verse";"en";21
"SeanChandler";"A groundbreaking animated film. The film constantly push a the boundary of what it you can do with animation. Likewise it explores the spider-man lore in a way which only works in this format. But it’s only half of a story. My opinion on the film could change a great deal when we see the rest of the story.";"02-06-2023";"Spider-Man: Across the Spider-Verse";"en";59
"Joshua Beck";"I thought I wasn’t going to enjoy it as much on a 2nd watch";"14-06-2023";"Spider-Man: Across the Spider-Verse";"en";14
"alex";"yeah so idk why i rewatched these because now i'm ITCHING for beyond like HOW IS IT STILL NOT OUT YET I'M LITERALLY FUCKING SHAKING";"10-08-2025";"Spider-Man: Across the Spider-Verse";"en";25
"Joel";"RAHHHH I LOVE THE SPIDER-VERSE MOVIES. If Sony doesn’t give me a release date for Beyond soon I’m gonna have to step in.";"28-11-2024";"Spider-Man: Across the Spider-Verse";"en";23
"TheMuddyDragon";"Everyone keeps telling me how my story’s supposed to go. Nah. Imma do my own thing.. ";"02-06-2023";"Spider-Man: Across the Spider-Verse";"en";16
"VitaminC";"the fact that letterboxd changed the way they calculate the average ratings because of how mad the filmbro's were is so funny";"20-06-2023";"Spider-Man: Across the Spider-Verse";"en";22
"cine_matic 💢";"Just bought the 4K and decided to rewatch this animated masterpiece and give it the review it deserves. With my initial viewing, I just wrote out a few sentences and left it at that. My thoughts on Across still remain the same. It’s a groundbreaking achievement in pretty much every way. They took everything that made Into special and kicked it up a thousand notches. The cold open (if you want to call it that) is incredible. It had high and emotional stakes, insanely stunning animation and beautifully scored music. And the rest of the film builds on all of those things perfectly and then some. ";"12-09-2023";"Spider-Man: Across the Spider-Verse";"en";106
"YI JIAN";"Genuinely moved to tears here a good soundtrack really does heighten a movie by at least tenfold and this is already an incredible, incredible, hydrogen bomb of a movie even when muted. I needed it to go on forever it's like crack fuck me, elem klimov could never.";"13-06-2023";"Spider-Man: Across the Spider-Verse";"en";48
"joão vitor";"the last thirty minutes of this film is cinema at it’s finest i’m so serious";"10-08-2023";"Spider-Man: Across the Spider-Verse";"en";15
"gilly 🎸";"“i never found the right band to join, so i started my own with a few of my friends, you want in ?”";"20-02-2025";"Spider-Man: Across the Spider-Verse";"en";23
"Raphael Georg Klopper";"Arriving way too late for the conversation wavelength of accolades and praises this one got so passionately, and not the least surprising, very deservingly so! So I’ll be just repeating some of the usual: this is an INCREDIBLE sequel front and back! The kind that many claim comes one in a lifetime or decade, but the dynamic and apparently infallible duo of Phil Lord and Chris Miller proves that just with handcrafted passion and committed creative, running independent of cheap… more";"08-08-2023";"Spider-Man: Across the Spider-Verse";"en";81
"Haaniyah Awale Angus";"I feel like this is definitely less precise than the first which is probably bc it’s a two parter but my god I was on the edge of my seat";"01-06-2023";"Spider-Man: Across the Spider-Verse";"en";30
"𝗧𝗵𝗲 𝗙𝗶𝗹𝗺 𝗪𝗼𝗼𝗸";"Every so often a movie comes around that leaves me utterly speechless. I can’t form the words to describe what I’ve witnessed and thought processes cease to exist on a conscious level because there isn't enough vocabulary in the English language to express my feelings in a coherent manner. Spider-Man: Across the Spider-Verse has completely flipped my expectations as to what I should and could experience from the wonderful world of animation. It’s not just a comic book brought to… more";"01-06-2023";"Spider-Man: Across the Spider-Verse";"en";81
"EvilMonkeyToes";"There are SO many reviews from expert Letterboxd viewers who know way more than me about animation and Spiderman and Marvel, so I will keep this review to a few observations.";"08-08-2023";"Spider-Man: Across the Spider-Verse";"en";31
"movie_mania4k";"10/10. Bold, visually striking, amazing, epic in scope, action packed, funny, and full of heart. Wow, I’m completely blown away. It’s actually better than the first one. Spider-Man knows how to make good sequels. Seriously, this is the best movie I’ve seen since Avengers: Endgame back in 2019; and Spidey was in that one too. This ranks up with amazing superhero sequels along with Spider-Man 2 and The Dark Knight. The animation is mind melding, fantastic to look at,… more";"01-06-2023";"Spider-Man: Across the Spider-Verse";"en";80
"Karl";"KARL, CLOSE YOUR MOUTH! I had to remind myself to do so throughout the further adventures of Miles Morales aka Spider-Man. His second outing in the suit is a staggering work of art that uses all facets of filmmaking to deliver a pure cinematic experience. It propels what an animated film can do into the stratosphere. Am I being hyperbolic? I think not. It’s truly a work of artistic genius. ";"01-06-2023";"Spider-Man: Across the Spider-Verse";"en";70
"Riley";"The Matrix Reloaded of comic book movies, a film that builds upon the practically flawless foundation of its original work to make something far less airtight but takes that structure into a pure, unfiltered assault of experimentation and expression to create something wholly new out of a tired genre. I wouldn’t fully put it past anyone feeling mildly unsatisfied at this essentially being half a story, it ends right at a such a high of escalating momentum right before ripping… more";"02-06-2023";"Spider-Man: Across the Spider-Verse";"en";81
"Jesse";"At this point, Sony should stop lending Spider-Man to the MCU and make a series of animated films in the vein of Spider-Verse, because they will quickly surpass Marvel Studios. What they are doing is nothing short of remarkable, transcendent filmmaking. We are witnessing something that is once in a lifetime. ";"04-06-2023";"Spider-Man: Across the Spider-Verse";"en";51
"Harrison Cordle";"One week away now and I’m literary shaking ever 2 hours in the day waiting for this flick. ";"25-05-2023";"Spider-Man: Across the Spider-Verse";"en";18
"mel ⋆𐙚 ̊.";"a masterpiece. 11/10. i have no words. worst part was that it ended";"05-06-2023";"Spider-Man: Across the Spider-Verse";"en";13
"jessica🐾";"My new motto after watching this movie: My holes will take me anywhere ";"01-06-2023";"Spider-Man: Across the Spider-Verse";"en";13
"Ian Curran";"As vibrant and visually complex as Into The Spiderverse. In some ways Across The Spiderverse inproved on the orginals visuals by adding a more impressionistic tone, particularly in Gwen’s world.";"01-06-2023";"Spider-Man: Across the Spider-Verse";"en";30
"Benjamin Copelin";"I rewatched this movie and, yup, still a Masterpiece! Here's some random things that I want to highlight:";"23-09-2023";"Spider-Man: Across the Spider-Verse";"en";18
"Ryan Conde";"I don't even know where to begin with this. I think I just saw the best Spider-Man movie ever made. Yes, I loved Spider-Man: No Way Home and Into the Spider-Verse, but this one manages to surpass what was already done so masterfully in those two films. If you couldn't already tell, Spider-Man: Across the Spider-Verse is fucking amazing and it might even be perfect. I was seriously fearing that this movie wouldn't meet the same standards as its predecessor,… more";"01-06-2023";"Spider-Man: Across the Spider-Verse";"en";81
"Syaoran";"My expectations were already so high but this still blew me away. This was an emotional roller coaster. I was honestly at a loss for words. The kind of film that sticks with you right after you left the cinema all the way to your ride home.";"02-06-2023";"Spider-Man: Across the Spider-Verse";"en";47
"Gambinosburner";"If perfection had a picture both of the spider verse films would be in it. I mean seriously they have to be some of the most likable movies ever right??? Anyways here’s a 10 page essay on how I believe Donald glover can still play live action miles morales:";"24-02-2024";"Spider-Man: Across the Spider-Verse";"en";49
"owen";"VANELLOPE VON SHWEETZ MAN WRECK IT RALPH YOU TRYNA TELL ME HE AINT THE GLITCH?????? ITS IN HIS CODE??? VIDEO GAME MOVIE!!!!";"03-06-2023";"Spider-Man: Across the Spider-Verse";"en";22
"slim";"Miles’ parents standing in front of the window at the end like Luke and Leia, insane The Empire Strikes Back homage.";"27-12-2023";"Spider-Man: Across the Spider-Verse";"en";21
"Jayden 🕺";"“My name is Miles Morales. I was bitten by a radioactive spider. And I’m pretty sure you know the rest, jerk!”";"01-04-2025";"Spider-Man: Across the Spider-Verse";"en";21
"Lobster20000";"first 45 minutes or so, when they're doing normal Spider-Man stuff, is terrific. if anything even more stylish and kinetic than its predecessor, and likewise honed in on the heart of the character(s). but as i feared, it loses a step once the multiverse stuff gets going and never really recovers - still orders of magnitude more exciting and gorgeous than most any superhero movie coming out these days, but bogged down in sci-fi exposition and increasingly messy emotional stakes.… more";"03-06-2023";"Spider-Man: Across the Spider-Verse";"en";81
"Darren";"the only ""flaw"" this masterpiece has is that it ends. i mean this was the best 2 hours of my life and you're just going to go away and tell me to come back for the next movie? nooooooooo! will absolutely be seated for that though!";"03-06-2023";"Spider-Man: Across the Spider-Verse";"en";46
"alexcolemann";"Maybe if Miles wasn’t such a milkman this wouldn’t have happened (I am so grateful for this movie it’s so great).";"10-06-2023";"Spider-Man: Across the Spider-Verse";"en";21
"Filip Pešić";"For years, I've been taking care of this little boy. Making sure he is loved. That he feels like he belongs wherever he wants to be. He wants to go on to the world and do great big things. And what I worry about most. It's just they won't look out for you like us...";"01-06-2023";"Spider-Man: Across the Spider-Verse";"en";55
"kinoparker";"The fact that so many letterboxd users still name Spider-Man: Across the Spider-Verse as ""the greatest or most significant or most influential"" film ever only tells you how far cinema still is from becoming a serious art";"06-06-2023";"Spider-Man: Across the Spider-Verse";"en";37
"Cam Walsh";"Put me on a desert island with just a laptop and this movie";"27-08-2024";"Spider-Man: Across the Spider-Verse";"en";13
"tuur";"My vocabulary doesn’t even contain the right superlatives that could possibly do justice to these 140 minutes of PURE ART";"02-06-2023";"Spider-Man: Across the Spider-Verse";"en";20
"powndcake";"After seeing the first movie again it’s wild that this is what follows it";"24-05-2023";"Spider-Man: Across the Spider-Verse";"en";14
"Dan McCoy";"Occasionally a film comes along that reveals that the borders we place on certain genres or mediums (I.e. comic book movie / animation) are not true limitations but arbitrary boundaries born either from a lack of thought/creativity, a disrespect for the genre/medium, an excess of ""safe"" choices from risk-averse studios, or option D: all of the above.";"04-06-2023";"Spider-Man: Across the Spider-Verse";"en";57
"ScreeningNotes";"While I was visiting my sister, I got to rewatch this at her favorite theater, which is like a miniature Alamo Drafthouse type situation where you can get food and alcohol (I got a BBQ chicken pizza) and where they play classics and cult films and all that sort of thing, which was a pleasure above and beyond just rewatching the movie itself. My sister and her partner and my friend all loved the movie, which also heightened the experience.… more";"17-06-2023";"Spider-Man: Across the Spider-Verse";"en";81
"Ana V";"“Bad things are gonna happen. It makes us who we are.”";"01-06-2023";"Spider-Man: Across the Spider-Verse";"en";11
"Blake Bergman ""Various Spaghetti""";"Honestly, I could just sit here and write a continuous narrative on this film and how it hit it out of the park, or I could simply give it the ""Holy Shit"" in full phraseology encapsulation that it is worth. ""Spider-Man: Across the Spider-Verse"" is fully imaginative in every source of the word. Some small things first, systematically from the ground up it is a well written film full on in design. Multiverse narrative can be a topical casserole that… more";"07-06-2023";"Spider-Man: Across the Spider-Verse";"en";81
"molly";"oh great, a whole new set of spider-people to fall in love with (jessica drew i am specifically talking about you)";"02-06-2023";"Spider-Man: Across the Spider-Verse";"en";21
"Zachary";"Story: 10/10 Acting: 10/10 Direction: 10/10 Pacing: 10/10 Visuals: 10/10 Target Audience: 10/10 Resonate: 10/10 Entertainment and Emotional Value: 30/30";"01-06-2023";"Spider-Man: Across the Spider-Verse";"en";20
"Acoucalancha";"Without a doubt a visual masterpiece, what I really love is the change in animation style between spider-verses, it's flawless and brings another dimension to the story. Miles and Gwen get so much more development my favorite scene was them sitting upside down on the tower it was perfection. I was definitely afraid of heights in that one while momentarily feeling emotional for what's happening—a weird, but welcome mix! Spider-Punk is my favorite character addition. Awesome voice cast. So much… more";"01-06-2023";"Spider-Man: Across the Spider-Verse";"en";81
"MarMar";"Illustrates itself like a beautiful poem that has the best written verses you'll ever witness. The animation isn't beautiful just to look beautiful, it's beautiful because it works beautifully.";"30-05-2023";"Spider-Man: Across the Spider-Verse";"en";29
"Brian Tallerico";"“Spider-Man: Across the Spider-Verse” explodes onto screens this week, building on the foundation of the masterful “Spider-Man: Into the Spider-Verse” with stunning animation, unforgettable characters, and complex themes. The first note I took after seeing it was “so much movie.” Like the work of a young artist who refuses to be restrained by the borders of the frame, “Across the Spider-Verse” is loaded with incredible imagery and fascinating ideas. It is a smart, thrilling piece of work that reminded me of other great part twos like “The Dark Knight” and “The Empire Strikes Back.” Like those films, it leaves viewers anxiously anticipating the next chapter (which will come in March 2024), and it earns its cliffhangers by grounding them in a story of young people refusing to submit to a concept of what a hero’s arc needs to be.";"30-05-2023";"Spider-Man: Across the Spider-Verse";"en";139
"ty";"We need to go back in time and add Across the Spider-Verse in its entirety to the Babylon ending montage scene because this was nothing but pure cinema!!!! A breathtaking masterpiece!!";"01-06-2023";"Spider-Man: Across the Spider-Verse";"en";31
"One Less Helper";"The only thing I have to say about this film is that I want the third film to come out right now! Also I want Peter B Parker to be my dad.";"01-06-2023";"Spider-Man: Across the Spider-Verse";"en";32
"B E R T";"Very cute. Great entertainment value. Stunning animation, I loved how it kept changing. That 2 hour 20 minute runtime killed me, damn, that 3rd act could’ve used some tightening up. Fun movie overall though.";"11-06-2023";"Spider-Man: Across the Spider-Verse";"en";34
"Olivia Craighead";"gorgeous! funny! entirely lacking the tight pacing and narrative structure that made the first one really sing! whatever!";"14-06-2023";"Spider-Man: Across the Spider-Verse";"en";18
"justclaudiaa";"this movie felt like a really pretty powerpoint with trust issues";"29-06-2025";"Spider-Man: Across the Spider-Verse";"en";11
"Alexei Toliopoulos";"Unparalleled spectacle. A kaleidoscopic marvel and a testament to the cinematic marriage of sound and vision that pushes the medium of animation even further than its predecessor. ";"31-05-2023";"Spider-Man: Across the Spider-Verse";"en";27
"dhanush";"this movie is a testament to what you can do with animation when it's done right. take even when you take away the characters and the story, the animation alone is worth the price of admission and then you threw in a great story, with real characters that you care for, with real conflict, and you get one of the best superhero movies ever made. and i really hope they stick the landing well with beyond the spiderverse (else i'll kill myself) because it would definitively be the greatest spidey trilogy of all time.";"01-06-2023";"Spider-Man: Across the Spider-Verse";"en";94
"Joe Lynch";"Sounds so pretentious but that was so overwhelming a cinematic experience - not just the groundbreaking and almost hallucinatory animation but the complex storytelling and wonderfully dense character development - I need to sit it with a bit and see again before truly weighing in. It’s a stunning work of art, that’s for sure. Just a LOT to take in this first time. ";"04-06-2023";"Spider-Man: Across the Spider-Verse";"en";63
"🎃Carson Christensen🍂";"Can we take a moment to realize that one of the canon events is definitely the guy played by Post Malone saying “Yeah I think it’s a banksy”";"02-06-2023";"Spider-Man: Across the Spider-Verse";"en";28
"Cam Walsh";"Wait holy shit this is the best movie of all time as well";"25-08-2024";"Spider-Man: Across the Spider-Verse";"en";13
"Philbert Dy";"I feel like there are colors in here that I've never seen before. That somehow, the filmmakers found a whole new spectrum to play with in order to fully do justice of their vision of this multiverse. Perhaps they, too, blew up a super collider to gain access to a whole new realm of color and movement, to give us a film that makes every single frame a unique visual treat.";"31-05-2023";"Spider-Man: Across the Spider-Verse";"en";71
"MarMar";"It's the biggest piece of cinema I've ever laid my eyes on. In the words of Chani ""It's only the beginning""";"01-06-2023";"Spider-Man: Across the Spider-Verse";"en";21
"jo";"they’ve fucking done it. they made another movie whereas the sequel succeeds even more than the first. It’s pure madness especially with the sprinkle of the animation and storytelling, it just cranks it up another notch and I love it so much. ";"30-05-2023";"Spider-Man: Across the Spider-Verse";"en";42
"AndrewC 🎃👻";"Of new films I've seen recently, there aren't many that I think I've gone into with higher expectations than Spider-Man: Across the Spider-Verse given its rave reviews and the quality of its predecessor but even with those expectations, I was blown away by how impressive this sequel is – though it's also not a film that's without some hiccups. First off, I must admit that I don't think this one is quite on the same level as its predecessor was… more";"02-06-2023";"Spider-Man: Across the Spider-Verse";"en";81
"Rendy Jones";"Miguel O’ Hara/Tobey Maguire/Andrew Garfield: To be a Spider-Man, you have to go through the death of a relative. It’s in our rubric. Abide by it. Tom Holland: okay 🥺 Miles Morales: dafuq?";"01-06-2023";"Spider-Man: Across the Spider-Verse";"en";33
"Cyrus";"Animation, Cinematography, and Fight Scenes are SO MUCH better than Into the Spiderverse, but besides that, Into was slightly better in every other aspect. The one big negative that basically made this a 4.5/5 was that the side characters don’t really add as much to the plot or to Miles’ character development than the side characters in Into and I’m pretty sure there’s something wrong with the audio in the first half of the movie. Not sure if it was the… more";"02-06-2023";"Spider-Man: Across the Spider-Verse";"en";82
"Bailey Parkinson";"Again, we are gonna go on and on about the creativity and technique on display in the visuals forever, but it's the soundtrack for me, man. Utter masterpiece in a musical sense (just wish it was all mixed better!)";"10-06-2023";"Spider-Man: Across the Spider-Verse";"en";39
"renee";"what a fucking flick!! to see a movie that has this much love and hard work so visibly put into it, its such a treat. such a delight. absolutely so unlike everything else, and actively inspiring other filmmakers to push boundaries and get creative with their animation (TMNT im looking at uuuu hiiiii). to be able to see this movie is an honor. wowza. and that james blake needledrop made me TEAR UP!!! i absolutely love that guy!!!";"03-06-2023";"Spider-Man: Across the Spider-Verse";"en";78
"Keegan W 🎃";"I'm not particularly partial to the following: animated films, superhero movies, franchise sequels, Gen Z projects.";"24-08-2023";"Spider-Man: Across the Spider-Verse";"en";16
"One Godfella 侍";"Normal is an illusion. What is normal for the spider is chaos for the fly.";"01-09-2023";"Spider-Man: Across the Spider-Verse";"en";15
"Joel Hilke";"Wow... Spider-Man: Across the Spider-Verse is the most movie I think I've ever seen. It's a wildly over-stimulated, hyperactive, visually stunning, hyper-kinetic, full-tilt boogie, dazzling, chaotic pieces of pop art sensory overload. And it somehow works perfectly. It could have - and probably should have - flown off the rails at any point and yet it maintained focus. It's amazing... you could even say spectacular.";"02-06-2023";"Spider-Man: Across the Spider-Verse";"en";65
"Cellspex";"The ways this film series celebrates animation by incorporating and blending so many different styles while weaving in an incredibly soundtrack will predictably be praised to the end of time, but just as important is to introduce to the world everyone's new favorite character...";"01-06-2023";"Spider-Man: Across the Spider-Verse";"en";44
"Cris Parker";"Across The Spider-Verse is my FAVORITE movie of the year so far. Mesmerizing animation with equally elevating music. It’s truly astonishing how they not only push the boundaries of animation, but also what a Spider-Man story should be. This is a brilliant exploration of Spider-Man stories & tropes taking what fans know and love about the character and sort of braking that mold. I truly enjoyed how much more serious this film was. It really took the time to develop Miles and… more";"01-06-2023";"Spider-Man: Across the Spider-Verse";"en";83
"🏈👻🍂NotAnnaFaris🍂👻🏈";"""MUSTACHE"" ...No matter how amazing you expect Spider-Man: Across the Spider-Verse to be, it's better than that. DEVACHAN, but like, without the DEATH part.";"01-06-2023";"Spider-Man: Across the Spider-Verse";"en";24
"Zach Pope";"One of those films that you instantly throw in your top 5 of all time ❤️ FULL NO SPOILER REVIEW CLICK HERE";"31-05-2023";"Spider-Man: Across the Spider-Verse";"en";22
"Dave G";"Had to give this a second watch in theaters, it's just so jammed packed full of personality, style, and beautiful visuals. One of my biggest takeaways this time around though is how much I love the added focus on Gwen in this. I mentioned in my initial review that she might just be my favorite character in this soon to be trilogy so far, and yeah, I can confirm that is most definitely the case now (🏳️‍⚧️ 💜). Having her story and Miles' story get a bit more similar screentime was a great choice. These Spider-Verse films just understand the heart of these characters and is able to express their stories in a way that is both compelling and sincere.";"09-06-2023";"Spider-Man: Across the Spider-Verse";"en";120
"Bobby Wagner";"massive story bloat and borderline illegible plot details for a casual like me, but the performances, look, and effervescence to these movies are undeniable. anyway, spider-Gwen’s dad come on the bulking pod";"14-01-2024";"Spider-Man: Across the Spider-Verse";"en";32
"Benjigotfried";"This movie is always so god damn magical to watch!!This is one of the most beautiful movies I have ever seen! This is one of the greatest animation movies ever created! I need Beyond the Spider-Verse as soon as possible!! I truly adore this movie!!!";"07-03-2025";"Spider-Man: Across the Spider-Verse";"en";45
"ToonrificTariq";"Way easier to process the second time lol. Every frame of this thing is perfection. I don’t have a single critique, I have nothing of analysis to add, just awe. It’s a different kind of feeling to sit in a movie theater and watch history happen before your very eyes. We won’t get something this world shattering for a long long time. Or at least until the next one comes out. Third time’s the charm. “Nah. I’mma do my own thing.”";"11-06-2023";"Spider-Man: Across the Spider-Verse";"en";81
"james💫";"at this point phil lord & chris miller should be the only people making animated films";"01-06-2023";"Spider-Man: Across the Spider-Verse";"en";16
"Christian Di Leo";"Truly spectacular and just as superb as the first one. A beautiful & emotive display of art from beginning to end, especially the brooding Miguel O'Hara a.k.a. Spider-Man 2099 because holy hell what a gorgeous piece of animated man candy he is. Spider-Ladies and Spider-Gentlemen, a perfect trilogy is on it's way!";"01-06-2023";"Spider-Man: Across the Spider-Verse";"en";52
"SuperBardiBros";"I had to confirm 'masterpiece' status by taking one more trip to the Spiderverse while it's still in theaters... I was sure of it as soon as the glitchy production company logos kick in — this film just oozes confidence.";"30-06-2023";"Spider-Man: Across the Spider-Verse";"en";40
"Alan Sepinwall";"That was so fantastic and absorbing that I literally forgot it was the first half of a two-parted and was stunned and excited when we got to The To Be Continued moment. ";"02-06-2023";"Spider-Man: Across the Spider-Verse";"en";32
"siobhan";"i fear i will be hanging from this cliff for a while! but if the next movie is as good as this one i don't care how many years they take to make it! i will happily dangle here!";"01-06-2023";"Spider-Man: Across the Spider-Verse";"en";39
"H. Coley";"seeing this with a live orchestra was CRAZY. I felt like I was *living* the very concept that I would describe if someone asked me my ""dream evening scenario""";"02-09-2024";"Spider-Man: Across the Spider-Verse";"en";29
"Sloaner 🦕";"i didnt think they could top the first one, but LORD was i wrong.";"02-06-2023";"Spider-Man: Across the Spider-Verse";"en";14
"Zach Shevich";"Just don't understand why anyone would want a live action superhero film after seeing something as beautifully rendered, emotionally cogent, and wall-to-wall exhilarating as this movie. Breathtakingly gorgeous, love that the filmmakers' big takeaway from the last Spider-Verse was to lean even further into abstracted, color-splash backgrounds that underscore how the characters are feeling. Every frame a painting and whatnot. Think they could have easily wrapped up at least one of the main stories in order to give this movie its own arc, but even if it's only half a movie, it's half of a really, really excellent movie.";"02-06-2023";"Spider-Man: Across the Spider-Verse";"en";99
"CinemaVoid 🏴‍☠️";"When Pokémon doesn't give you seizures like it once did, you know it’s time to move on to harder stuff like Spiderverse.";"12-08-2023";"Spider-Man: Across the Spider-Verse";"en";22
"ValTheMovieGuy";"Won't be surprised if later this film will shift the number 1 position on IMDb and Letterboxd Top 250";"05-06-2023";"Spider-Man: Across the Spider-Verse";"en";19
"H. Coley";"watched the blu-ray on the TV in my new apartment last night right after moving in. just gorgeous! and perfect!";"10-04-2024";"Spider-Man: Across the Spider-Verse";"en";20
"Evan";"It’s great, but for me it’s not quite as good as it’s predecessor. The animation on display is astounding. In a way it reminded me of Speed Racer, there’s so many colors and styles being thrown at you. It’s overwhelming in the best way possible.";"01-06-2023";"Spider-Man: Across the Spider-Verse";"en";45
"Adam Kempenaar";"Fine, I'll say it: I should probably be giving this an extra half star.";"02-06-2023";"Spider-Man: Across the Spider-Verse";"en";14
"kevintporter";"I wanna give big ups to the woman next to me, a seat-mate stranger who became a trailblazer, a one-woman revolution of what's possible to achieve in a movie theater.";"01-06-2023";"Spider-Man: Across the Spider-Verse";"en";30
"alexcolemann";"It really somehow got better on rewatch. Time to blast this Metro album for the next week.";"03-06-2023";"Spider-Man: Across the Spider-Verse";"en";17
"Benjigotfried";"Got to watch this for a fifth time and I can confirm that this is better than ITSV but at the same time it can also be interchangeable. I can’t wait for BTSV. I can’t wait to come back to this again soon. If you have yet to watch this what the hell are you doing please watch this incredible masterpiece.";"10-08-2023";"Spider-Man: Across the Spider-Verse";"en";61
"Benjigotfried";"Got to rewatch this in theaters today and it was a lot of fun. I have another q&a coming up with one of the greatest actors of all time incoming any guesses?";"13-01-2024";"Spider-Man: Across the Spider-Verse";"en";32
"Den_of_geeks";"When it cut to black, a guy in the back of the theater shouted out “are you on god?!?”";"03-06-2023";"Spider-Man: Across the Spider-Verse";"en";19
"Corvinii";"Oh my god, my life was changed again by a couple of spider-people!";"03-06-2023";"Spider-Man: Across the Spider-Verse";"en";13
"Sam Van Hallgren";"This is just a placeholder for what I hope will be a better experience with the movie down the line. Spent two hours admiring and occasionally in awe of what I was looking at, but found much of the rest talky, exposition-heavy, and just less fun than the original. I guess I'm in the minority that I found the canon-event stuff more interesting in theory than in practice. Thematically clever; narratively inert. Felt like we finally got a real movie only in the last few minutes, but that of course was only setting up the sequel.";"14-06-2023";"Spider-Man: Across the Spider-Verse";"en";96
"alor";"This better receive a Best Picture nomination or i swear to god..";"10-06-2023";"Spider-Man: Across the Spider-Verse";"en";12
"Edgar Cochran ✝️";"Animated art surpassed, not necessarily at its expressive peak of comic-book structuralism manifestation, yet fully embracing all possible alternative means of audiovisual expression to convey a plethora of gimmicks out of this world. All neon colors, juxtapositions, transitions and jokes interacting in what is, ultimately, an audiovisual style of storytelling rather than just depending fully on a narrative or expressionistic/impressionistic form, Spider-Man: Across the Spiderverse raises the bar on the possibility of the multiverse concept, properly applying effective humor throughout… more";"10-06-2023";"Spider-Man: Across the Spider-Verse";"en";81
"Tyler Whitmore";"Easily the most immaculate piece of animated work that has ever been developed accompanied by a banging score and boomin soundtrack (pun absolutely intended). ";"02-06-2023";"Spider-Man: Across the Spider-Verse";"en";24
"joe";"everything everywhere all at once & spiderman across the spiderverse officially being tied for being the best multiverse films & having to do with a bagel in some way? I LOVEE IT. Yeah… I love into the spiderverse but across the spiderverse really tops it all… giving its one of the best spiderman films (to me). The animation being so bright and vibrant a comic book truly brought to life & giving each universe a different color palette and style was such a… more";"06-06-2023";"Spider-Man: Across the Spider-Verse";"en";84
"Joe Cronin";"Just been seein back to back bangers lately this just the crown jewel. It’s also crazy when you can feel a movie actively inspiring you while you’re watching it they gotta get a word for that.";"19-06-2023";"Spider-Man: Across the Spider-Verse";"en";36
"Jaime Rebanal 🇵🇸";"If you asked me to rank all the films that could tentatively be called ""Spider-Man 2"" in their own series, this would very well be the second best one.";"01-06-2023";"Spider-Man: Across the Spider-Verse";"en";29
"claira curtis";"More than proves Into the Spider-Verse was not a mere case of lightning in a bottle. The trilogy that is unfolding before us is on par with the trilogy behemoths of the past. The next generations’ Lord of the Rings. Fantasy pushed to the extremes of scale and scope. A refinement of craft that we can’t get anywhere else right now, not at this quality. ";"01-06-2023";"Spider-Man: Across the Spider-Verse";"en";65
"shookone";"right at the pulse of time, with all the consequences it comes with. i see how this is an antidote easily outperforming the recent exhausting Marvel/DC escapades. a whirlwind of creativity compared to them, obviously speaking the language of the youth.";"18-07-2023";"Spider-Man: Across the Spider-Verse";"en";41
"HAL";"Didn’t think they could top the prowler theme from the first movie, holy crap. Anyway imagine releasing another animated movie this year after this, I almost feel bad for the studios that will try.";"03-06-2023";"Spider-Man: Across the Spider-Verse";"en";34
"Fugi456";"“And... oh, I got to tell you, it was perfect. Perfect. Everything, down to the last minute details.”- Homelander";"01-06-2023";"Spider-Man: Across the Spider-Verse";"en";19
"Tasha Robinson";"Loved it. The sequel to Into the Spider-Verse is visually busy and overwhelming and at the point where there's so much going on that you know you're missing a lot in every frame as your brain tries to catch up, but it's gloriously dense and ambitious and imaginative and wild. And while it's only half a movie (with part two coming in 2024), the themes that at least start to be presented here are knotty and interesting ones that'll give Spider-Man fans and superhero fans a lot to talk about.";"30-05-2023";"Spider-Man: Across the Spider-Verse";"en";90
"Hungkat";"Remember how good Into the Spider-Verse was? This is miles better. I feel so lightheaded leaving the cinema. The whole thing is so sensorially sumptuous and tactile, visually and auditorily inventive, that the entire time watching, you might feel as if the colors are percolating through the screen, bleeding out into the real world and slowly drenching you in it, making you a part of its world. No wonder they took almost 5 years to make this, and it shows… more";"01-06-2023";"Spider-Man: Across the Spider-Verse";"en";81
"Adam シ";"i’m in disbelief over how perfect this is. i’ve been revitalised, currently on a whole new plane of existence.";"01-06-2023";"Spider-Man: Across the Spider-Verse";"en";19
"Kaijuman";"They really looked at the first film and said “pretty cool, but could use more animation you know?”";"05-06-2023";"Spider-Man: Across the Spider-Verse";"en";18
"Engwari";"Across the Spider-Verse, could have easily made a completely new story from the first film and it probably would've been great but instead the plot manages to seamlessly thread the first & second film together that genuinely has me wondering if they wrote the whole trilogy at once. This just fucking rules y'all, animation is once again pushed past our imaginations, I can't believe the worlds and characters achieved in this, it's maximalism at its best. Some people may hate the… more";"01-06-2023";"Spider-Man: Across the Spider-Verse";"en";82
"AngierCorleone";"And we now continue with a rewatch, and yeah this was still as breathtaking as the last time. I'm still unsure wether it's better than the first one though, I think Into the Spiderverse still has the edge for me. ";"06-06-2023";"Spider-Man: Across the Spider-Verse";"en";40
"prezoh";"I brought a water bottle full of beer to the theatre and i opened it during a silent part of the movie and it made the loudest TSSSSS noise ever and stunk up the whole room. so i just stashed it and didn't drink any of it. either way i didn't need it the movie was really good excited for what's to come next on their awesome adventure";"15-06-2023";"Spider-Man: Across the Spider-Verse";"en";68
"HAL";"Probably the closest I’ve seen to an “empire strikes back” for this generation and it ACTUALLY feel like an “empire strikes back” for this generation.";"22-06-2023";"Spider-Man: Across the Spider-Verse";"en";25
"Sammy";"Watching this live in concert nearly made me overdose on chills 🥶 ";"21-10-2024";"Spider-Man: Across the Spider-Verse";"en";12
"Dave G";"Between this and the first film it seems the team behind these films has figured out how to make the perfect Spider-Man films. There is just such a strong understanding of the character shown in the first film and maybe showcased even stronger here. Again the animation and different styles are a visual treat that are unique yet familiar, allowing for so much personality and character to be infused to every scene. The performances are great, the story fantastic, and… more";"03-06-2023";"Spider-Man: Across the Spider-Verse";"en";81
"joão vitor";"this is like the best ending to a film ever and i’m not even kidding";"05-06-2023";"Spider-Man: Across the Spider-Verse";"en";15
"mary";"What a wonderful experience! There was such a strong emotional backbone to this story and I absolutely loved it. Everything popped and felt intense. The music amplified so many scenes that were already visually dense to give you sensory overload in the best of ways. I can't wait for beyond the spider verse.";"05-01-2024";"Spider-Man: Across the Spider-Verse";"en";53
"Fugi456";"“Everyone keeps telling me how my story is supposed to go. Nah, I’ma do my own thing.“";"04-06-2023";"Spider-Man: Across the Spider-Verse";"en";17
"🎃Kyler🎃";"Oh great, now this film just got banned in the Middle East Countries just because there was a Trans flag sign at Gwen’s house. really? Did you have to go that far? ";"16-06-2023";"Spider-Man: Across the Spider-Verse";"en";32
"Ray";"If the first one was as good as it was, this one is a million times better, the animation, the characters, the special appearances, everything is fantastic.";"02-06-2023";"Spider-Man: Across the Spider-Verse";"en";27
"Ty Laird";"My 100th Review on Letterboxd so sorry in advance about the length";"03-06-2023";"Spider-Man: Across the Spider-Verse";"en";12
"anna nomaly";"The way this movie humanizes the concept of “canon” is incredible, articulating a truth I’ve only just begun to clue in on. Those patterns you fall into and believe you’ll never break out of? That’s canon. Other people’s opinions of who you are and what you do? That’s canon. Obsessing over past misfortunes, scrolling through an ex’s profile, simply seeing acquaintances from decades ago splattered across the web? Canon, canon, canon. And it doesn’t help us one bit. Miles is… more";"09-06-2023";"Spider-Man: Across the Spider-Verse";"en";81
"Abby Russell";"Dude I’m pissed. Why are all of my friends seeing this multiple times in theaters?? I genuinely don’t get it. I was having a fun enough time but the movie doesn’t conclude. It ends in a CLIFFHANGER and not even a satisfying one. I don’t think I would mind the cliffhanger if it didn’t feel like so much of this movie was just chaff. It truly didn’t feel like the movie got started and the real plot began until an… more";"13-06-2023";"Spider-Man: Across the Spider-Verse";"en";81
"wokoshi 워코시";"The Best Animated Movie I've Ever Watched In My Entire Life";"08-06-2023";"Spider-Man: Across the Spider-Verse";"en";11
"Michael James";"It is genuinely one of the best sequel to be made. Simply overwhelming yet thrilling. The visuals are once again damn creative, dazzling and vibrant, this time tacking a wide range of animation styles along with utmost detailing and perfection. Mumbattan was fun, but the final 40 mins was just bonkers overdrive. Along with the emotional story, countless easter eggs, kickass music and epic cliffhanger, it makes up for an exhilarating spectacle.";"14-08-2023";"Spider-Man: Across the Spider-Verse";"en";72
"AdamAB";"I would love to go against the grain and say Across the Spider-Verse is an overly hyped symbol of mediocrity. However, I was completely hypnotised by the incredible amount of detail in each painstakingly designed frame. The varying worlds are visually distinct, and this isn’t a case of beautiful but stilted imagery; this is a wildly kinetic and propulsive cinematic experience. It is certainly a more unwieldy beast than its predecessor, a common feature for a sequel, and its lack of finality may prove grating to some. Still, this feels like a significant landmark in animation and in the wider superhero genre as a whole.";"04-06-2023";"Spider-Man: Across the Spider-Verse";"en";105
"Jim Film";"Easily the greatest film about doing everything you can to avoid school ever.";"02-06-2023";"Spider-Man: Across the Spider-Verse";"en";13
"Eddie The Plankton";"Every time Miguel O'Hara pops up on screen, I audibly moaned.";"05-06-2023";"Spider-Man: Across the Spider-Verse";"en";11
"Taylor Williams";"I’m glad this was able to match and at times surpass the first one’s formal stamina and punchy writing, and I think general audiences were due a good cocktease. As overstimulating as it is, there’s surprising room to breathe which I appreciated, but I think this major strength is related to the film’s ultimate weakness. It’s the same thing people criticized about EEAAO and Multiverse of Madness, that the maximalist veneer of a multiverse actually covers up the shallow and… more";"09-06-2023";"Spider-Man: Across the Spider-Verse";"en";81
"George Clark";"Spider-Man: Across the Spider-Verse is the definition of a MASTERPIECE. The story is emotional, characters (and all the countless Easter eggs) utterly brilliant and honestly it’s the best animation I’ve ever seen, it’s jaw-droopingly gorgeous throughout. Miles is once again a brilliant character and the addition of Spider-Gwen (who is again a stand out), Spider-Punk, Spider-India, Peter B Parker and the many MANY more ‘Spider people’ we meet, is exhilarating…but it’s the addition of Spider-Man 2099 that I adore most… more";"01-06-2023";"Spider-Man: Across the Spider-Verse";"en";81
"gilly 🎸";"it’s genuinely so hard for me to put into words about how excited i am for beyond the spider-verse.. like this legitimately could be one of the greatest trilogies of all time. it’s actually crazy to think that sony develops masterpieces like this and into the spider-verse, but also make some of the worst comic book movies— seriously such a head scratcher, but this film is still developing miles and gwen as characters and they still flesh them both out so… more";"15-12-2024";"Spider-Man: Across the Spider-Verse";"en";82
"riks";"Less a movie and more a statement of cinematic ambition. If the first film was a Big Bang for western animation, this one is something that expands the multiverse of animation and the aesthetic possibilities in it to the absolute limit (until the next one comes along and flies past this unachievable barrier down too).";"31-05-2023";"Spider-Man: Across the Spider-Verse";"en";55
"Robert E. Acuña";"'Into the Spider-Verse (2018)' told a beautiful story about being unique & defying expectations. In a multiverse filled with infinite amounts of Spider-people and a regular world full of judgment, the best way to live a happy life is to truly be yourself.";"01-06-2023";"Spider-Man: Across the Spider-Verse";"en";43
"joão vitor";"ONLY SPIDER MAN FILMS HAVE THE POWER TO HAVE ME SCREAMING AND CRYING IN A MOVIE THEATER!! BELIEVE THE HYPE THIS FILM IS SO FUCKING AMAZING";"03-06-2023";"Spider-Man: Across the Spider-Verse";"en";26
"Damo";"I’ll keep this short because yeah… Easiest 5 stars I’ve ever given before. Honestly irritated how long we have to wait for the third film. Shoutout Imri Malka once again. Straight banger recommendations so I appreciate it lmaoo.";"24-07-2024";"Spider-Man: Across the Spider-Verse";"en";38
"Shreesh🎃";"I don’t even know where to begin. I expected this to be amazing but it somehow even exceeded those expectations. Easily one of the best sequels ever and probably the best animated movie in a long time. ";"01-06-2023";"Spider-Man: Across the Spider-Verse";"en";37
"0live 🎥 (Free 🇵🇸🇸🇩) ⚢ 🐈🦌🐇";"A glimpse into the alternate universe where Speed Racer was the most emulated film of 2008 instead of Iron Man.";"07-06-2023";"Spider-Man: Across the Spider-Verse";"en";20
"TheSnuffles";"I mean are we really that shocked that this fucking rules in nearly every aspect?";"01-06-2023";"Spider-Man: Across the Spider-Verse";"en";15
"👻 Leighton Trent 👻";"""Everyone keeps telling me how my story is supposed to go... Nah, I'm-a do my own thing.""";"03-06-2023";"Spider-Man: Across the Spider-Verse";"en";17
"Kevin Y";"An admirable effort for what it is essentially a half formed product, the bones of its characters and emotional arcs very clear but ultimately somewhat directionless within the confines of the film. The story swings haphazardly from conflict to conflict, its focus changing on a whim as it recalls other threads that need to be pulled upon. The best middle child films tell a complete story while serving their transitional roles in the background, so when your sequel is nearly… more";"03-06-2023";"Spider-Man: Across the Spider-Verse";"en";81
"dylan troesken";"HOW THE FUCK DID THEY MAKE THIS ONE BETTER THAN THE FIRST. HOW. HOWWWWWW.";"03-06-2023";"Spider-Man: Across the Spider-Verse";"en";14
"Tyler Whitmore";"Been terrified to post this review ever since I finished watching, but this just didn't hit nearly as hard the second time and watching it directly after Into the Spider-Verse really highlights the glaring gap in quality. Animation innocent! A gorgeous film beautifully scored, but narratively this suffers.";"24-08-2024";"Spider-Man: Across the Spider-Verse";"en";48
"alor";"if i die before the third one drops i’m gonna be so mad";"23-08-2025";"Spider-Man: Across the Spider-Verse";"en";13
"🌻 lindsay 🌻";"literally didn’t want to look away for even a second of this movie because every frame was so beautiful. this really is the most spider-man movie ever and not just because there’s so many spider-men but they really dug into what makes a spider-man story a spider-man story and where do we go from here. I can’t wait to watch this again and I can’t wait for the 3rd movie. fuck. I love spider-man!!!!";"02-06-2023";"Spider-Man: Across the Spider-Verse";"en";74
"CriticalLemon97";"Thank you to @Kinglemand for recommending this rewatch. I watched this twice in 2023, once in theaters and once in college, and each time it gets better and better. It’s been almost exactly 2 years since seeing it on the big screen.";"24-06-2025";"Spider-Man: Across the Spider-Verse";"en";42
"Pablo Honey ✨ ₊˚ ☾. ⋅ 💫🌌";"If God hates Marvel fans, THEN WHY DO WE KEEP WINNING EVERY FUCKING TIME?";"03-06-2023";"Spider-Man: Across the Spider-Verse";"en";14
"Benjigotfried";"This movie is masterclass at its finest!! I always love rewatching these movies! Shameik Moore as Miles Morales & Hailee Steinfeld as Gwen Stacy are so god damn fantastic in both Spider-Verse movies!! Jake Johnson, Brian Tyree Henry, Oscar Issac, Jason Schwartzman, Daniel Kaluuya, Issa Rae, Luna Lauren Velez, Karan Soni, Shea Whigham, and Mahershala Ali are all really good!! The animation is truly extraordinary in every way! Chris Miller & Phil Lord have done a masterclass job writing these movies and… more";"05-09-2024";"Spider-Man: Across the Spider-Verse";"en";83
"maiapog";"Literally no review that I write for this is going to adequately sum up how in awe I was of this movie the entire time. Within 5 minutes I was brought to tears by how overwhelmingly stunning and busy the visuals were, and throughout the rest of the viewing I began to cry many more times.";"02-06-2023";"Spider-Man: Across the Spider-Verse";"en";56
"Benjigotfried";"HOLY FUCKING SHIT. FUCKING INCREDIBLE GIVE THIS MOVIE A BEST PICTURE NOMINATION PLEASE.";"30-05-2023";"Spider-Man: Across the Spider-Verse";"en";13
"harvi";"Wow... just WOW! one of the best animated films ever made. a film that was well worth my money and time. the final act was just incredible, I was on the edge of my seat the entire time. I want to go back and watch this again and again fr. I can't wait to see what happens next! this was a wild ride.";"03-06-2023";"Spider-Man: Across the Spider-Verse";"en";63
"Bryan Espitia 🎃";"Obsessed with the watercolor art style in Gwen’s world. The way the colors change and bleed into each other to match the mood of the characters as they talk is sublime. I just wanna stare at this movie forever, absolute visual feast.";"01-06-2023";"Spider-Man: Across the Spider-Verse";"en";42
"George Clark";"I’ve always been an unashamed Marvel nerd. These characters, first the movies and now the comics that inspired them, have brought so much joy into my life over the years that it is hard not to have a bias against anything that depicts them. That being said, when the first film, Spider-Man: Into the Spider-Verse, came out, I had no idea what it was. Without seeing a trailer, or any advertising for it, I went to the cinema with a… more";"02-06-2023";"Spider-Man: Across the Spider-Verse";"en";81
"H. Coley";"chills! so many chills! looks great on home release. only problem is that half of the visual speech-bubble jokes are unreadable when you're not watching on a movie screen! theaters stay winning i guess";"15-09-2023";"Spider-Man: Across the Spider-Verse";"en";34
"Matt Singer";"Watched the 4K filmmaker commentary track, which is light and fun but does have some really granular details that I had not noticed (some of the specific choices around what is lit and what is dark onscreen, and how changes between the two are often associated with characters coming together or breaking apart) or would never know otherwise (like the extremely collaborative process of developing the Pavitr Prabhakar character, who is fairly different from the one in the comics).";"04-01-2024";"Spider-Man: Across the Spider-Verse";"en";79
"Sam B.";"loved this. A whole movie about being excited to make images, pull inspiration from every part of the world around you, every image you see. what it means to be excited to tell your story, to canonize your trauma, to destroy your life with fantasy, to draw the people you love, to watch them die. funny, then, that this is so lived in it’s buzzing. Between the cop shit, the bizarrely coy trans allegory, the broadness of the Mumbai section,… more";"02-06-2023";"Spider-Man: Across the Spider-Verse";"en";81
"SupremeLemon (지존레몬)";"I had extensive conversations with friends about the recent changes on Letterboxd, and they helped further formulate my thoughts on the Spider-Verse movie(s). It's understandable to address and appropriately handle the orchestrated, inflammatory ratings that were driven by fandoms or reactionary sentiments, but it appears that the changes aim to reconfigure the top films list into a film canon that replicates and caters closer, although marginally, to the general consensus of those who possess cinephilic sensibilities. It reinforces the homogenized… more";"25-06-2023";"Spider-Man: Across the Spider-Verse";"en";81
"Theyo Theyo";"this movie takes you on a ride you dont want to step out from. wow im speechless rn";"31-05-2023";"Spider-Man: Across the Spider-Verse";"en";18
"Hesse";"Good! My main complaint is that I want some gore. I want these spider men tearing each other apart. Needs more teeth, I was biting my lip towards the end just to taste blood";"01-01-2024";"Spider-Man: Across the Spider-Verse";"en";34
"Kylo";"The hype is real. Quite a step up from the first movie which was already pretty great. This one raised the stakes. So much action. So much colour. The pace did not slow down at all. The visuals were jaw-dropping. It was funny but also had plenty emotional depth. Amazing work with another Spider-Man outing.";"06-06-2023";"Spider-Man: Across the Spider-Verse";"en";55
"hunter strawberry";"of all the countless universes, there has to be one in which Miles and Gwen just do laundry and taxes together.";"14-07-2023";"Spider-Man: Across the Spider-Verse";"en";21
"Jade talks too much🎅🏻🎄";"This was fun and beautifully animated🤩 but like the first one a little overrated to me.";"24-09-2023";"Spider-Man: Across the Spider-Verse";"en";16
"Booligan 🛸";"Miles: ""I love chai tea."" Spider-Man India: ""What did you just say? Chai tea? Chai means ""tea"", bro! You are saying ""tea tea""! Would I ask you for a ""coffee coffee"" with room for ""cream cream""?""";"25-08-2023";"Spider-Man: Across the Spider-Verse";"en";36
"Matthew Lewis";"The stuff with Gwen Stacy at the beginning of the film led me to believe that I was about to watch the greatest animated film of all time. Gwen's world is objectively incredible with its watercolour-like hues that drip and morph in reaction to Gwen and her emotions. Her very emotions and turmoil felt literally adapted to the scenery behind them; with how the world fades when Gwen is conversing with her father. It's some of the greatest bit of… more";"03-06-2023";"Spider-Man: Across the Spider-Verse";"en";81
"Joel";"The “to be continued” popped up the second my plane hit the ground. Felt like the Lisan Al Gaib.";"08-04-2025";"Spider-Man: Across the Spider-Verse";"en";19
"Jack";"The craft on display here is undeniably awe-inspiring but this is a whole bunch of hectic nothingness stripped of the wit and soul of the first film. More a bloated advertisement for the next one without any pay-off or rich emotional stakes and plenty of cameos and terminally online in-jokes than it is a fresh, invigorating spin on the already tired multiverse gimmick. Desperately wanted to love this but it ultimately just feels like painstakingly designed but exhausting eye candy.";"01-06-2023";"Spider-Man: Across the Spider-Verse";"en";80
"aliyah";"OUT: pretending to be santa claus or the easter bunny or the tooth fairy ";"02-06-2023";"Spider-Man: Across the Spider-Verse";"en";14
"𝐏𝐚𝐫𝐚";"let's do things a little different, eh? for all the praise the animation gets, there's surprisingly little investigation into what it's in service of. animation doesn't exist in a vacuum and the dazzling spectacle it can wrap you in doesn't have value-neutral meaning. the emotional currents the waves of brightly coloured, swift and fluid animation ride on aren't all they're cracked up to be under scrunity. here are a few reasons why.";"09-06-2023";"Spider-Man: Across the Spider-Verse";"en";72
"George Clark";"There must come a point when seeing the same film three times in three days is too much…but that could never be Across the Spider-Verse. This film is a masterpiece and I can’t wait to go back and see it time and time again on the big screen! It is literally a work of art and deserves all the acclaim it can get! Easily the best film of the year!";"03-06-2023";"Spider-Man: Across the Spider-Verse";"en";70
"Cam Walsh";"“You can’t watch this movie on its own” “I would love this if it weren’t half a movie” ";"05-04-2025";"Spider-Man: Across the Spider-Verse";"en";18
"Kung Fu Panda Fanboy";"really good movie, anyone who disagrees should stub their toe on the corner of something";"26-05-2023";"Spider-Man: Across the Spider-Verse";"en";15
"Bailey Parkinson";"No idea how to articulate this but there was an accumulated feeling across Across The Spider-Verse where I started out wowed, just absolutely fucking stunned and giddy over where it could all possibly be going, and by the end I was, well... I guess almost numb?";"02-06-2023";"Spider-Man: Across the Spider-Verse";"en";46
"casey";"second time watching, i really see where the movie loses itself and where the flow breaks, but the third and fourth act made up for what i did not like. my first time walking out of the theater, i was at a loss for words. part two will definitely be worthwhile. believe me, part two will be the best of the three.";"25-05-2023";"Spider-Man: Across the Spider-Verse";"en";62
"Jake Cole";"So much of the demand to treat comics and comic-book films as Art has been entirely focused on matters of narrative and theme, pushing material into ever more serious realms while still deferring to the medium's child-targeted roots. But the truth is that comics were taken seriously decades before Frank Miller and Alan Moore; it just so happened to be the actual art and not the prose. Jack Kirby's wild, psychedelic, pop-Bleakean vision was extensively feted in the 1960s; ditto… more";"03-06-2023";"Spider-Man: Across the Spider-Verse";"en";81
"jourdain searles";"it’s a banger—a funny, beautifully animated and thoughtful piece of work.";"01-06-2023";"Spider-Man: Across the Spider-Verse";"en";11
"ash";"It’s really refreshing to see a film that’s mostly sequel set-up actually use that to its advantage; rather than jumping from one action set piece to another, it takes its time with quieter moments of true emotional stakes, abandoning most traditional blockbuster pacing for something more careful, deliberate, and just as daring as the animation itself. This is also one of very few film series we currently have that I do not doubt is absolutely going to stick the landing. ";"02-06-2023";"Spider-Man: Across the Spider-Verse";"en";80
"Evan Romano";"overwhelmingly incredible visual and audio experience with consistently well-rounded characters who make realistic and relatable choices ";"23-05-2023";"Spider-Man: Across the Spider-Verse";"en";16
"JackH07";"I loved this film. It is truly phenomenal. I have always been a Spiderman fan ever since I was a kid, and these spiderverse films are just amazing for the fans. They both have a beautiful story, and this film is an amazing sequel. This was my most anticipated film of the year, and it exceeded my expectations. The first spiderverse film was one of my favourite films of all time. It was my comfort movie and now this film… more";"02-06-2023";"Spider-Man: Across the Spider-Verse";"en";81
"Robert Daniels";"I liked, but did not love “Spider-Man: Across the Spider-Verse.” Visually resplendent and abundantly hilarious, yet extremely overstuffed with one subplot that landed very uncomfortably with odes of copaganda.";"31-05-2023";"Spider-Man: Across the Spider-Verse";"en";29
"Hungkat";"See what happens when people are given full creative control and see it through to the end? Isn’t this what superhero movies are supposed to look and feel like? Shouldn’t they be bursting with colors and filled to the brim with genuine creativity and passion? If so, how did we ever let the MCU conveyor belt convince us otherwise, that being overly stylized is bad, with most of their movies looking like dishwater?";"05-06-2023";"Spider-Man: Across the Spider-Verse";"en";73
"ScreeningNotes";"""Everyone keeps telling me how my story is supposed to go. Nah. I'm-a do my own thing.""";"05-06-2023";"Spider-Man: Across the Spider-Verse";"en";17
"alexcolemann";"The vibes when this released were unmatched. Honestly take me back, this movie brings me immense joy. No matter the circumstances of my mentals.";"07-11-2023";"Spider-Man: Across the Spider-Verse";"en";24
"Robbie Cooper";"The phrase ""This is X's Empire Strikes Back"" gets thrown around a lot when talking about a popular film's sequel. Spider-Man: Across The Spider-Verse does what every great sequel does so well that people will soon stop saying ""It's X's Empire Strikes Back"" and start saying ""This is X's Across The Spider-Verse.""";"02-06-2023";"Spider-Man: Across the Spider-Verse";"en";52
"gregs1999";"There’s no way the film ends like that. Come on man. I can’t wait for the next one, I need it now. We need a DC version of this, then I’ll be complete. Saw articles saying Oppenheimer was emotionally draining, nah boy, this wrecks you. The different animation styles were spectacular, and the score hit so hard. The music was the only bad thing.";"12-08-2023";"Spider-Man: Across the Spider-Verse";"en";64
"Cam Walsh";"Truly the most visually stunning piece of media I have ever laid my eyes on";"01-06-2023";"Spider-Man: Across the Spider-Verse";"en";15
"alexcolemann";"This is a landmark in cinematic history. The generations to come will be defined by this very movie right here. It’s perfect in every way, the animation is so amazing, I have no clue how they did it. I’m so very thankful I got to witness this work of art, Miles Morales I love you.";"01-06-2023";"Spider-Man: Across the Spider-Verse";"en";55
"Jay 👽";"We love a big budget studio movie that bites the hand, and does it in a clever, subtextual way, not in a way that makes me want to cringe my face off (I'm looking at you, Dial of Destiny trailer).";"28-06-2023";"Spider-Man: Across the Spider-Verse";"en";40
"𝐉";"Idk why but I laughed for far too long at the T-Rex spiderman shooting a web and the action words being T-WHIP";"27-07-2025";"Spider-Man: Across the Spider-Verse";"en";22
"ram<3";"THIS IS THE GREATEST SUPERHERO MOVIE I'VE EVER SEEN IN MY ENTIRE FUCKING MISERABLE LIFE";"31-05-2023";"Spider-Man: Across the Spider-Verse";"en";15
"Finsen";"Yet another month, another Marvel movie masterpiece. With a combination of bombastic animation and electric music selection. Across the spider-verse, manages to exceed on every level.";"24-05-2023";"Spider-Man: Across the Spider-Verse";"en";26
"H. Coley";"""That's your story! Now you just have to stick to the script.""";"10-06-2023";"Spider-Man: Across the Spider-Verse";"en";12
"coffee";"a kaleidoscope of color and sound and uncompromising character, it’s rare to get a project of this ambition made and it’s even rarer to see it through to its total and utter fullest potential. how anybody could watch this and still be fine settling for the MCU or w/e is totally beyond me";"01-06-2023";"Spider-Man: Across the Spider-Verse";"en";53
"Para";"probably the most reactionary spider-man story i’ve ever seen, even counting this week’s amazing #26. i disobeyed every impulse guiding me away from watching this, against my better judgement, and was thoroughly disappointed. i didn’t think it was possible for anything under the sun to cheapen my opinion of the first spider-verse but this more than did it. only the depth of my respect for the audio/visual craft (which i won’t waste any more space elaborating on) that went into… more";"03-06-2023";"Spider-Man: Across the Spider-Verse";"en";81
"Darren Carver-Balsiger";"A pop culture symphony. Spider-Man: Across the Spider-Verse is a staggering achievement, a work of mainstream iconography splattered across two hours of breathtaking cinema and examined, loved, and treated with maturity and respect. This is art at its most creative, filled with wit and heart and totally expressive. Two minutes in it is clear Across the Spider-Verse will be great and at no point is that ever in doubt.";"03-06-2023";"Spider-Man: Across the Spider-Verse";"en";69
"Ella Kemp";"Into it! Across it! What a joy for something this cool to go down so well. Good things happen (even if we have to wait years for the kinda cliffhangers usually handed on a plate in a week's time – love these, and many other, big swings)";"08-06-2023";"Spider-Man: Across the Spider-Verse";"en";47
"kait 𐚁₊⊹";"My name is Miles Morales. I was bitten by a radioactive spider. I am the one and only Spider-Man.";"02-06-2023";"Spider-Man: Across the Spider-Verse";"en";19
"👽 Zara 👽";"YEAH ID LIKE TO REPORT A MISSING PERSON YEAH HIS NAME IS SPIDER-MAN: TURN OFF THE DARK PETER PARKER (EARTH-11714) IF YOU HAVE SEEN HIM PLEASE PLEASEEEE CONTACT ME EXPEDITIOUSLY ITS URGENT THANK YOU";"01-06-2023";"Spider-Man: Across the Spider-Verse";"en";34
"George Carmi";"When a movie I love finally comes out on digital, I'll rewatch it endlessly. This is a problem I have that I am not even remotely upset about.";"10-08-2023";"Spider-Man: Across the Spider-Verse";"en";28
"Paul Scheer";"Every frame is just bursting with life. It’s kinetic without being frenetic. I left excited and Inspire do";"31-05-2023";"Spider-Man: Across the Spider-Verse";"en";18
"☆ sophie ☆";"i like how gwen’s world was more water color and you could see it start to drip and bleed into other colors during the talk with her dad as her superhero and civilian identity were blending together. good shit.";"04-06-2023";"Spider-Man: Across the Spider-Verse";"en";39
"jonathan fujii";"ARE WE SURE THIS ISNT THE BEST MOVIE OF THE YEAR ARE WE POSITIVE";"08-11-2023";"Spider-Man: Across the Spider-Verse";"en";14
"alor";"yeah this might just be the most visually beautiful film I've ever laid my eyes on";"04-06-2023";"Spider-Man: Across the Spider-Verse";"en";16
"H. Coley";"it's pretty astounding that after years of the same beloved Spider-Man imagery repeated again and again, from upside-down kisses to the t-pose ""holding something together with webs"" shot, this movie finally manages to invent new iconography that feels equally quintessential. the sequence with Miles and Gwen hanging and looking at the city upside down? that's instant Spider-Man required reading. unforgettable.";"14-06-2023";"Spider-Man: Across the Spider-Verse";"en";60
"Ash";"dude…. what did i watch ????? sat in silence as the credits rolled just to finally start shouting at “miles morales will return” BITCH WHAT IF I DONT!?! i might sit down for the next movie and just pass away before it even starts";"13-11-2023";"Spider-Man: Across the Spider-Verse";"en";44
"ToonrificTariq";"I haven’t blinked since I left the theater. I can’t see straight. I can’t form proper sentences out loud. I am a mess. Wtf was this. This Letterboxd shit is broken. Ain’t enough stars in the world. Wtf.";"01-06-2023";"Spider-Man: Across the Spider-Verse";"en";38
"Matthew Kelly";"Yeah sure it's really beautiful and stuff BUT ALSO it's very funny. I don't see enough reviews talking about how funny so much of it was.";"31-05-2023";"Spider-Man: Across the Spider-Verse";"en";26
"Justin Decloux";"I went into this vibrating with excitement. I loved the first one so much, and the trailers for ACROSS were so vague (focusing mostly on one chase), that I was certain they were only hinting at all the imagination that the rest of the 140 minutes contained.";"01-06-2023";"Spider-Man: Across the Spider-Verse";"en";47
"Kevin Tarazi.";"Across the Spider-Verse is the movie that animation needed to show the beauty of this medium.";"31-05-2023";"Spider-Man: Across the Spider-Verse";"en";16
"Snoozy";"Word is out that this is the best spider-man film ever made and surpasses the first. So let's just be clear, ITSV has 4.4, I think that's enough said to understand how hard it will be to surpass the first. Likely impossible. But I hope it does. I want something revolutionary";"25-05-2023";"Spider-Man: Across the Spider-Verse";"en";51
"Jessica Wessica";"I wanna inject this movie’s art style directly into my veins";"06-06-2023";"Spider-Man: Across the Spider-Verse";"en";11
"Filmento";"A movie so good it kinda pissed me off when it ended. I would've been down for another third act instead of having to wait another year.";"04-06-2023";"Spider-Man: Across the Spider-Verse";"en";27
"David Chen";"Didn’t know the first 10 minutes of a movie could make me cry more than UP but here we are. ";"01-06-2023";"Spider-Man: Across the Spider-Verse";"en";20
"George Carmi";"I'm packing my suitcase and I just threw this on cause I wasn't in the mood to look for anything else. Not even mad I've watched it twice today.";"10-08-2023";"Spider-Man: Across the Spider-Verse";"en";29
"H. Coley";"Some have said that this feels like half of a movie, and I understand where they're coming from, but especially on the rewatch I totally disagree. the plot is not resolved, but there is a full arc for everyone here in really satisfying ways - even if it's an arc toward failure. I guarantee when this trilogy is complete, like Empire, this will be the one we come back and appreciate most. it's a meditation on Spider-Man as a character… more";"03-06-2023";"Spider-Man: Across the Spider-Verse";"en";81
"Austin Burke";"🏆98% 2023 list - Click HERE YouTube video review - Click HERE New Spider-Man Ranking video coming🔜";"01-06-2023";"Spider-Man: Across the Spider-Verse";"en";17
"dumbsville";"Yeah no the first movie is dogshit now. This was peak.";"02-06-2023";"Spider-Man: Across the Spider-Verse";"en";11
"jeaba";"do not try to contact me until the next spiderverse movie comes out. i will be hibernating";"01-06-2023";"Spider-Man: Across the Spider-Verse";"en";17
"George Carmi";"Still hits incredibly well on second watch but it also confirmed that my attachement and love for ITSV outweighs ATSV. This truly is a stunning work in animation. Every frame more stunning than the last. At its core, the character of Spider-man is a deeply troubled young man who struggles balancing his personal life with the life of his alter ego. ATSV dives into that better than any live action Spider-man film has. You feel for Miles, you feel for… more";"08-08-2023";"Spider-Man: Across the Spider-Verse";"en";81
"Kevflix And Chill";"Stunned. Exceeded expectations in every way imaginable and some I never would have imagined. I would go out on a limb and say that this will be my sons favorite movie, forever, except I know there’s another Spider-Verse movie coming eventually....and I have zero reason to doubt this creative team anymore. Definitely not the last time I’ll be seeing this in the theater. ";"31-05-2023";"Spider-Man: Across the Spider-Verse";"en";63
"6odus";"i just came out of the theatre as a changed woman. this movie is going to be my entire personality now";"03-06-2023";"Spider-Man: Across the Spider-Verse";"en";21
"Matt Neglia";"Wow! Even for a Part One, SPIDER-MAN: ACROSS THE SPIDER-VERSE exceeded all of my expectations. More emotional & thrilling than the first with a vibing soundtrack & dazzling animation. The creative forces behind this sequel really outdid themselves here with the storytelling, sound (the score adds so much to overall tone) & visuals. In a pool of talented voice performances Oscar Isaac was the MVP for me. A highly ambitious but satisfying set up for what’s to come.";"30-05-2023";"Spider-Man: Across the Spider-Verse";"en";78
"jeaba";"i just rewatched this entire movie on a tiktok livestream where the top half was across the spiderverse and the bottom half was fortnite gameplay. has society gone too far? has it not gone far enough? is this what god intended for us? was the industrial revolution a mistake?";"07-06-2023";"Spider-Man: Across the Spider-Verse";"en";49
"Zach";"can't wait for the next one where there's another solid 60 mins of compelling comic book family drama supplemented by 80 more mins of Rick and Morty shit and just when we think Miles and the gang are cornered Tom Holland is like ""guys, you're gonna wanna see this"" and it pans over a bunch of IPs we've never seen before but when it zooms out it looks like a spider symbol and there's a story going around about how many animators died getting Spider-Whopper's nose hairs just right";"09-06-2023";"Spider-Man: Across the Spider-Verse";"en";89
"Rafael ""Mister Movie"" Jovine";"Haven’t checked the box office but something tells me this sequel to the “groundbreaking” original Miles Morales lead spiderman film is going to score very high. My whole theater was pretty much crowded and while it wasn’t as packed as in “Super Mario Bros Movies”, there were some big lines when I left. About hundreds more than those that were back when I first watched the first one.";"04-06-2023";"Spider-Man: Across the Spider-Verse";"en";68
"Filipe Furtado";"This might be good if it ditched any pretense of narrative, but of course it can’t, so it ends looking like a 2-hour plus showreel for multiple animation styles that are mostly rendered weightless by how busy everything is without committing to anything. It makes sense that it has no ending, as it is in some ways even more an advertisement for itself than some current movies that get far more crap for it.";"04-11-2023";"Spider-Man: Across the Spider-Verse";"en";74
"George Carmi";"A movie so good and so electric it makes me want to say some cringe shit like ""inject this into my veins."" This film excels in a lot, and its stunning to watch, yet its the toned-down and sincere moments that really get me. Beautiful moments between Miles and his mom, Gwen and her dad, and Miles and Gwen that truly humanize this film and help better its connection with its audience. It's so easy to look at this film… more";"02-03-2024";"Spider-Man: Across the Spider-Verse";"en";81
"Will Sloan";"""It is easier to imagine the end of the world than the end of [Spider-Man]."" - Mark Fisher";"16-06-2023";"Spider-Man: Across the Spider-Verse";"en";18
"Adam Nayman";"The subject of this series is genuinely vital and contemporary: it’s about occupying, renovating and subdividing intellectual property. Sony and Marvel’s biter corporate compromise has yielded two enjoyably self-aware films that simultaneously satirize and celebrate the ready abundance of Spider-Man related content; this one pivots on the possibility that messing with the canon is not only possible but liberating. Deep pocketed technical mastery yoked to exuberant, expressive conceptual impulses - plus more good visual, verbal, and contextual jokes than strictly necessary - equals a very good time at the movies, and the cliffhanger is fine by me, not least of all because the film is already too long as it is.";"09-06-2023";"Spider-Man: Across the Spider-Verse";"en";111
"Chantelle";"Dare I say.. This was better than the first Spider-Verse film. SO much fun from beginning to end, the bar is set so high it ain’t even in the atmosphere anymore.";"26-05-2023";"Spider-Man: Across the Spider-Verse";"en";31
"Tyler Tompkins";"I’m a Raimi defender 4 life, but this is the closest any of the spidey movies have come to topping the OG trilogy. Remarkable.";"26-05-2023";"Spider-Man: Across the Spider-Verse";"en";24
"Matt!";"Well, here we are again. For the second time in my life, an animated, non-mainstream Spider-Man movie—from a franchise that follows mostly webslingers NOT named Peter Parker, tracks its sequels not in numbers but in prepositions, and is visually reminiscent of old school dubstep music videos—has made me feel like the “LOOK WHAT JESUS DID” guy from Ted.";"01-06-2023";"Spider-Man: Across the Spider-Verse";"en";58
"JBird";"Miles Morales still feels a bit lost, So he'll need to somehow get Across. He and Spider-Gwen, Meet all Spider-Men, Next time ready to face the big boss.";"04-06-2023";"Spider-Man: Across the Spider-Verse";"en";28
"Yunny";"Perfect. Truly Masterpiece. One of the best animated films I've ever seen.";"26-05-2023";"Spider-Man: Across the Spider-Verse";"en";12
"comrade_yui";"i don't know what it means that the most formally audacious film of the year is also the most evidently compromised by mandated franchise busywork.";"04-12-2023";"Spider-Man: Across the Spider-Verse";"en";25
"Jamelle Bouie";"This movie is an unbelievable visual feast, so much so that it is virtually impossible to take it all in with a single viewing. There are sequences — particularly the ones involving Gwen and her father — that are among the most stunning pieces of animation I’ve ever seen. There are individual moments of real emotional power, and the vocal performances are uniformly excellent.";"06-06-2023";"Spider-Man: Across the Spider-Verse";"en";64
"zoë rose bryant";"the sheer artistry on display here is so breathtaking that it nearly brings you to tears. but even beyond the awe-inspiring animation, the story’s beautiful blend of sincerity and epic spectacle redefines what superhero storytelling can - and should - be. a triumph (and maybe the definitive spider-man movie?).";"30-05-2023";"Spider-Man: Across the Spider-Verse";"en";49
"m2feld";"To get a couple of quick complaints out of the way - it’s a little too long - has a lot of the same problems that the second movie of a planned trilogy has - A couple of spoiler things I would rather not post since I got to see this early.";"25-05-2023";"Spider-Man: Across the Spider-Verse";"en";52
"Matt Singer";"There are generally two types of sequels: The ones that rehash the previous film’s success for financial gain, and the ones that use the previous film’s success as a license to experiment. Spider-Man: Across the Spider-Verse isn’t just that second kind of sequel, it’s actually about making precisely that sort of movie. Its real villain isn’t the Vulture or the Spot, it’s storytelling orthodoxy; the idea that you must create a work of art in a certain way simply because that’s how it’s always been done.";"31-05-2023";"Spider-Man: Across the Spider-Verse";"en";86
"Sethsreviews";"It’s extremely rare that a sequel will manage to meet the levels of its monumental predecessor, but Spider-Man: Across the Spider-Verse manages to accomplish just that. Beaming with inspiring visuals, a substantial amount of ambition, and heart. The artistry is second to none, a visual feast that doesn’t pull any punches when it comes to providing jaw-dropping sequences. Multi-verse story telling at its finest, and even when it does lose a sense of direction, it manages to pull itself back in and regain focus. Dare I say it, one of Marvel’s best projects to date (alongside the first).";"01-06-2023";"Spider-Man: Across the Spider-Verse";"en";98
"Dakota Joaquin";"The penultimate consequence of the industrial revolution just made me shit my pants";"01-06-2023";"Spider-Man: Across the Spider-Verse";"en";13
"𝒜𝓂𝒶𝓃𝒹𝒶 𝒦.🏳️‍🌈";"Spider-Man: Across the Spider-Verse is a sensational, jaw dropping, heartfelt, thought provoking masterpiece of animated cinema!";"02-06-2023";"Spider-Man: Across the Spider-Verse";"en";16
"SuperBardiBros";"I rarely talk during movies but we were only 10 minutes in before I turned to Pann: “I think we are watching something real special.” Credits roll and I’m wiped out, I don’t even want to check my phone to see if there is an extra scene, let me catch my breath, I haven’t recovered from the rollercoaster yet. We walk out and my bro-in-law impulsively lets out a “ABSOLUTE MASTERPIECE!”, the usher nods in approval, game recognize game.";"02-06-2023";"Spider-Man: Across the Spider-Verse";"en";79
"Joel Haver";"Brimming with creativity and life in each and every shot. Not a moment is wasted visually. The story feels a bit too comic booky in a way that holds it back from reaching genuine pathos for me. If you bring multiverses and evil for the sake of evil villains into things I start to check out emotionally. Despite the massive cliffhanger it didn’t leave me eager for what was going to happen next, I moreso just felt like the story at hand just needed another 20-30 minutes to properly wrap up.";"06-06-2023";"Spider-Man: Across the Spider-Verse";"en";91
"JoshuaPictures";"10/10 I looked up the definition of ""peak"" and it didn't say Spider-Man: Across the Spider-Verse";"09-08-2023";"Spider-Man: Across the Spider-Verse";"en";16
"zoë rose bryant";"the only thing bad about this movie is that it ends";"04-12-2023";"Spider-Man: Across the Spider-Verse";"en";11
"Claire Rowden";"one of the best marvel movies of all time and I’m so serious";"25-05-2023";"Spider-Man: Across the Spider-Verse";"en";13
"Lucy";"this is what superhero movies should have always been. complete, concentrated imagination";"06-07-2023";"Spider-Man: Across the Spider-Verse";"en";12
"my 11 year old niece";"i hand her the phone to write her own review: “i loves it and it is my favorite character is the sprider girl and she was wearing the shoes people at my school wear. it was my first movie at the drive in tihs year”";"06-06-2023";"Spider-Man: Across the Spider-Verse";"en";45
"Amanda the Jedi";"Finally some cinema Genuinely great on every level, but it's absolutely refreshing to see Spider-Man used in a worthwhile way for the first time since Infinity War";"01-06-2023";"Spider-Man: Across the Spider-Verse";"en";27
"esther";"pretty good! i don't know how sold i am on the central narrative conceit here, that being the framing of spider-man ""canon"" as a metaphor for miles' struggle to live life by his own standards. it's maybe too-meta-by-half in a way that doesn't really excite me (though teenage esther would have had her mind blown by it) but it's hard not to appreciate a superhero movie keeping its multi-universe shenanigans so firmly grounded. the first movie's story was faultlessly executed… more";"01-06-2023";"Spider-Man: Across the Spider-Verse";"en";81
"jonathan fujii";"Haven’t been this happy after a superhero movie since the credits started rolling in Quantumania";"30-05-2023";"Spider-Man: Across the Spider-Verse";"en";15
"júlia";"letterboxd didn't add a 6 star rating option solely for this film????????? unbelievable";"31-05-2023";"Spider-Man: Across the Spider-Verse";"en";13
"Jay";"there can be 100 spider-people in a spider-society and 99 of them don’t believe in you but just one does";"06-06-2023";"Spider-Man: Across the Spider-Verse";"en";20
"sree";"[leaning over to my date for the 600th time] that's spiderman";"05-06-2023";"Spider-Man: Across the Spider-Verse";"en";11
"Joe A";"Staggering. Unquestionably one of the greatest animated films we’ll witness in the 21st century. (Until maybe Beyond the Spider-Verse)";"01-06-2023";"Spider-Man: Across the Spider-Verse";"en";19
"sophie";"shout out to whoever made the decision to give the oscar isaac spiderman an absolutely ginormous ass";"07-06-2023";"Spider-Man: Across the Spider-Verse";"en";17
"Rory Cashin";"There was a scene in this which gave me full body goosebumps. Legitimately can not remember the last time I got that from a movie.";"25-05-2023";"Spider-Man: Across the Spider-Verse";"en";25
"ConnorEatsPants";"we need a spider-man for short white guys on the spectrum";"01-06-2023";"Spider-Man: Across the Spider-Verse";"en";11
"Reece";"wow!! a spider-man movie that utilizes a multiverse AND tells a genuinely heartfelt story in a visually stunning way!! (yes, this is “No Way Home” slander)";"06-06-2023";"Spider-Man: Across the Spider-Verse";"en";26
"demi adejuyigbe";"waiting for Sony to announce that Gwen’s world is canonically the Rhapsody in Blue segment of Fantasia 2000";"04-06-2023";"Spider-Man: Across the Spider-Verse";"en";18
"elvisthealien";"There are some movies out there that can't possibly be disliked, and the moment someone says they didn't like it you know theres gotta be something wrong with them. This is one of those movies.";"04-06-2023";"Spider-Man: Across the Spider-Verse";"en";35
"matt lynch";"Honestly I feel like this is overstuffed, busy with so many stories but doesn't really ever settle down to actually tell any of them. That said it's very funny and completely visually dazzling front-to-back so ultimately that's not a huge concern.";"06-06-2023";"Spider-Man: Across the Spider-Verse";"en";41
"Jim Caddick";"What psychopath decided to end it there, I want to have a word with them";"05-06-2023";"Spider-Man: Across the Spider-Verse";"en";15
"em";"i'm not joking when i say you need to see this asap, giant screen, full sound system, large slurpee and popcorn, as many people as you can to come with you. mandatory. viewing.";"24-05-2023";"Spider-Man: Across the Spider-Verse";"en";33
"adambolt";"Sony I solemnly swear to watch all of the Morbius and Venom sequels if you keep making these";"05-06-2023";"Spider-Man: Across the Spider-Verse";"en";18
"BenDavid Grabinski";"SO FUCKING GOOD. Better than the original. Easily my favorite movie based on a Marvel comic. My brain is fried. ";"24-05-2023";"Spider-Man: Across the Spider-Verse";"en";20
"davidehrlich";"a mind-blowing combination of magical artistry, post-modern imagination, and dunking on Jeff Koons. I’m in awe.";"04-06-2023";"Spider-Man: Across the Spider-Verse";"en";16
"Patrick Willems";"If the second half of this movie is as good as this half, it’s going to be a 5-star 5-hour movie";"01-06-2023";"Spider-Man: Across the Spider-Verse";"en";21
"Casey Malone";"After the movie no one had any idea what to say, we all just stood around flabbergasted and overstimulated. Absolutely embarrasses almost every CGI movie that tried to bite Spider-Verse’s style over the last five years (Mitchells Vs the Machines innocent). Some of the minor action scenes in this would be the centerpiece of other movies. Just incredible to look at with a genuinely surprising plot.";"24-05-2023";"Spider-Man: Across the Spider-Verse";"en";66
"Framesofnick";"I rewatched with my friend and instantly started crying with the first frame and didn’t stop for 40 fucking minutes I’m not kidding. Also I was high. this shit is magical";"04-06-2023";"Spider-Man: Across the Spider-Verse";"en";31
"cinemonika";"What an incredible treat this movie is. It’s been several hours and I’m still beaming with joy. The colors, the animation, the humor, the soundtrack; everything about it was damn near perfect and I enjoyed myself to the fullest from beginning to end. The only bad thing about it is that it ended.";"25-05-2023";"Spider-Man: Across the Spider-Verse";"en";53
"James (Schaffrillas)";"This is gonna be so lit when I can watch it at 0.75x speed with subtitles";"04-06-2023";"Spider-Man: Across the Spider-Verse";"en";16
"demi adejuyigbe";"one of the most overwhelming viewing experiences of my life, compounded by my inability (refusal) to pee for about 100 minutes. outstanding. another banger for the canon of guys who love to loudly recognize something (e.g. “that’s spider-man, from spider-man”)";"24-05-2023";"Spider-Man: Across the Spider-Verse";"en";40
"lip";"this movie had NOT the right to be THIS much sad.";"09-07-2025";"How to Make Millions Before Grandma Dies";"en";11
"alex";"When I was a kid my cousin, sister, and I sat my grandma down and begged her to quit smoking. We told her that she was the best and coolest person we knew but she had one big flaw — her incessant smoking. She laughed, told us she would never die, and put out her cigarette. She never stopped smoking. Not when she was diagnosed with lung cancer a decade later, not during chemo or radiation, and not when the… more";"25-01-2025";"How to Make Millions Before Grandma Dies";"en";81
"tori! <3";"Maybe if I have a beautiful burial plot, who knows, you all will want to meet up. ";"24-04-2025";"How to Make Millions Before Grandma Dies";"en";17
"nn.";"grandma, how much time did you spend sitting on the porch, waiting, watching everyone you loved grow, change, turn into a person you never thought they would have become? how many plates of dishes did you wash on your own, how much food did you eat alone? how many times did you water your plants and wish they lived longer than you? grandma, how many days did i lose? how many times should i say i love you for it… more";"17-05-2024";"How to Make Millions Before Grandma Dies";"en";81
"Manisha_";"That line, ""You're my first place,"" hit me so hard it felt like my heart broke into a million pieces, and I don't think I'll be able to recover anytime soon";"13-09-2024";"How to Make Millions Before Grandma Dies";"en";31
"mari";"a very heartfelt script and beautiful cinematography, I'm so glad I've gotten more into thai projects. M and amah's relationship growth throughout was nice to see but sew's story, man. It was captivating to watch because it truly captured the experience ethnic girls had growing up feeling under appreciated by their family and more importantly, their immigrant parents that grew up with the patriarchy mindset. I was hoping she and M would've had a knives out ending but you know… more";"04-02-2025";"How to Make Millions Before Grandma Dies";"en";81
"PUNQ";"No denying this turned very sweet. Dignity and dying of old age doesn't always go hand in hand, and this films does a beautiful job of making you aware of that. Heart warming.";"21-04-2025";"How to Make Millions Before Grandma Dies";"en";33
"Stephen Gillespie";"Well, it turns out the answer is to invest. It also turns out that the real millions were the familial bonds we made along the way. ";"30-04-2025";"How to Make Millions Before Grandma Dies";"en";26
"Shivam__17";"I want the world to see how beautiful this film is";"27-09-2024";"How to Make Millions Before Grandma Dies";"en";11
"Ruben Kenny";"Prepare those tissues again! How To Make Millions Before Grandma Dies is a warm, tender, and tear-jerker family drama that makes you to love and appreciate your family even more. The great thing about this film is that it has a simple story that can be predicted but the drama is not too dramatic so everything happens naturally. The film is like a roller coaster, when sometimes you can laugh with the comedies and sometimes cried so hard with the… more";"18-05-2024";"How to Make Millions Before Grandma Dies";"en";81
"dan p";"it's remarkable how every grandma you look at long enough starts to resemble your own grandma. it's like how we instinctively think babies are cute. a sinister phenomenon";"18-09-2024";"How to Make Millions Before Grandma Dies";"en";28
"Reto Hochstrasser";"With this flick, I have the letterboxd top 250 list 100% complete again and I have to say, this movie does not belong on it. The film is decently staged and very well acted, but it doesn't go beyond ordinary TV pictures, the piano music dribbles sadly or becomes kitsch sauce in appropriate moments and the story... well, I don't want to give spoilers, but it was quite predictable . Plus, it all turned out a bit long-winded. The english title is a bit stupid, the exact translation should be ""Grandma's Grandchild""... Not gonna rewatch.";"24-09-2024";"How to Make Millions Before Grandma Dies";"en";95
"Scottflix";"“ You’ve Lived alone for a long time. Do you get lonely?";"17-11-2024";"How to Make Millions Before Grandma Dies";"en";12
"em";"This little film is so gorgeous, impactful, emotional, and human that I find it impossible to write something profound or lengthy about it — especially when being so overwhelmed.";"07-01-2025";"How to Make Millions Before Grandma Dies";"en";29
"Bryan Loomis, But Spooky";"The real millions we made before Grandma died were the memories we made along the way. I was really vibing with this through the first two acts, and then somewhat soured on it by its conclusion. It feels pretty indebted to Kore-eda's family dramas, and like those films, its characters represent different archetypes but don't feel two dimensional - well acted and written the whole way down. But there are a couple of scenes late in the movie that carry… more";"26-02-2025";"How to Make Millions Before Grandma Dies";"en";81
"chanelle";"But if I have a beautiful burial plot, who knows? Maybe you'll all show up.";"20-06-2025";"How to Make Millions Before Grandma Dies";"en";15
"jerry";"""lonely? i don't know about that. this is just how life is. but i don't like the day after the chinese new year. the fridge would be bursting with leftovers. and i've...well...i've got to eat it all by myself.""";"22-08-2025";"How to Make Millions Before Grandma Dies";"en";39
"gowri";"My grandma left me 13 missed calls the other day because my phone is almost always dead. She never memorizes my work timings, and video calls me when I'm napping. On days where I don't pick up because I'm mid-sleep, I tell myself I'll be more present for her. Sometimes I am, and sometimes the days are fleeting and before I know it, it's been a week since I've called. I wonder if she knows how on most days, all I really want is to wake up in her apartment and be 6 again. I always worry I will never let her know how much she means to me, even though I reiterate it a thousand times over everytime we say goodbye. Letting a piece of media remind you of how much you care for someone is a guilty epiphany, but if anything, I'm glad it was this film. Anyway, my tear ducts are now punctured. Feeling so very moved";"14-12-2024";"How to Make Millions Before Grandma Dies";"en";160
"Doggywatch";"The comeback from GDH, simple, but told in a powerful manner.";"03-04-2024";"How to Make Millions Before Grandma Dies";"en";11
"Arun George";"Loved almost everything about the film—the performances, the lived-in Thai settings, the characterization of the leads, the tender moments, the piano-driven score, the unhurried pacing, and the moving final act. Putthipong Assaratanakul, Usha Seamkhum, Sarinrat Thomas, and the rest of the cast deliver grounded, heartwarming performances that go above and beyond what's written on paper. The changing equation between grandma and grandson is fun to watch, and while it was obvious where the plot was headed, the proceedings still made… more";"15-09-2024";"How to Make Millions Before Grandma Dies";"en";81
"Maddy";"126 minutes and countless tears later I can indeed confirm that this film is worth the hype. Watch the film and go hug your grandmas";"15-09-2024";"How to Make Millions Before Grandma Dies";"en";25
"Rahul Radhakrishnan";"I already knew how this story was going to end. Still, it broke me.";"22-12-2024";"How to Make Millions Before Grandma Dies";"en";14
"signe ౨ৎ";"""grandma, when i grow up, i'm gonna become a doctor so i can heal you."" i just cried my whole body's worth of water out this was an act of emotional violence jesus christ";"10-01-2025";"How to Make Millions Before Grandma Dies";"en";34
"MonkWu";"It’s been quite some time since I watched this, and I’ve been postponing logging this masterpiece. Let me tell you, this is one helluva tear-jerker. I was channeling those Thai denizens from that viral theatre reaction to this film where everyone was bawling out. How the hell was this not nominated in the International Feature Category at the 97th Oscars? WHY IS THAT GARBAGE (France’s Emilia Perez) THERE INSTEAD? Perhaps the biggest Oscar snub this year! This Thai movie by… more";"21-02-2025";"How to Make Millions Before Grandma Dies";"en";81
"morgan 🌌";"feel like i’ve just lost my own grandma fr amah you will always be famous";"13-05-2025";"How to Make Millions Before Grandma Dies";"en";15
"firewalkwme";"there is some magic in slice of life films such an amazing art and i feel so sad for her, M, thanks for being a good grandson in the end 🥹";"03-07-2025";"How to Make Millions Before Grandma Dies";"en";31
"Edward";"Not many movies contest with the emotional level that’s seen in How To Make Millions before Grandma Dies. An 126 minute rollercoaster - as we witness M’s metamorphosis into a conscious appreciator of the presence. It hooks onto us. We reflect on our lives and ask the question - did we waste it? I think what makes the movie is great is the contrast between M and Amah. They way they go through life, and what they enjoy, is so powerfully different. Yet as they come closer to one another, they realise the only thing they can truly appreciate - is now. The movie touches to everyone. As we grow up, our gap of independence inevitably widens. And we sadly forget to spend time with those who were always with us, from birth to death. The film is just magical, it really connected with me as I constantly asked myself of how valuably I have spent my time. Thank you to another Asian grandparent for making me really sad.";"14-07-2025";"How to Make Millions Before Grandma Dies";"en";169
"Kall S";"Such a heartwarming film. The character development was so wholesome that I was on the verge of tears at the end.";"29-08-2025";"How to Make Millions Before Grandma Dies";"en";21
"Ahdarsh";"Time is precious and what it means to have a family and the sacrifices they make to see you happy.";"19-07-2024";"How to Make Millions Before Grandma Dies";"en";20
"Littiii";"Someone has rightly said that the real meaning of some precious things comes only after they are gone, once they are gone only those memorable moments spent with them will remain. Grandmother is also gradually becoming wise and will try to give them all possible happiness.";"01-10-2024";"How to Make Millions Before Grandma Dies";"en";46
"Avirup";"Didn't move the way I expected it to but it's fairly charming and its portrait of asian family dynamics is quite authentic..";"19-09-2024";"How to Make Millions Before Grandma Dies";"en";22
"Hasan";"Yep this did not disappoint at all. It’s such a beautiful movie with a very emotional and sad story. I may have teared up multiple times 😭";"21-10-2024";"How to Make Millions Before Grandma Dies";"en";27
"Paula";"It's completely gorgeous. I loved it. I literally don't have a bad thing to say about it: the story, the characters, the actors, the cinematography. I'm still crying as I type this.";"17-12-2024";"How to Make Millions Before Grandma Dies";"en";32
"Anna C. Grajales";"So does anyone have 25 million dollars to spare so I can whip out a last minute Oscar campaign for this modern masterpiece?";"08-01-2025";"How to Make Millions Before Grandma Dies";"en";23
"kylieburton";"My emotions have been right at the surface for a few weeks now. I don’t know if it’s because last week was the thirteenth anniversary of my dad’s death or because of the emotional and mental stress for a high school teacher (or at least this high school teacher) of final exams, provincial exam marking, and new students that comes with the semester change or if it’s late-Albertan winter blues (a deep desire to have the days be longer and… more";"25-01-2025";"How to Make Millions Before Grandma Dies";"en";81
"R.K.NAYAK CINEMA";"''I do have a problem with the day after Chinese New Year. When all the leftovers from the night before are in the fridge and I know I am going to have to eat them all alone.''";"04-03-2025";"How to Make Millions Before Grandma Dies";"en";37
"Govinda Wijaya";"This movie makes my mind jumble. It reminded me of my family every now and then. It makes my chest tight. This movie easily made me restless in sadness. Not to mention the genius ending. It's really a great family drama movie.";"14-09-2024";"How to Make Millions Before Grandma Dies";"en";42
"jaxjax";"i couldn't breathe properly for almost an hour of this movie, I feel like as if I was being choke, as if there was a lump in my throat and then at the end of this film, I just completely gave up and cried like a baby. I miss my grandma.";"16-09-2024";"How to Make Millions Before Grandma Dies";"en";51
"⋆˚࿔ Madeleine𝜗𝜚˚⋆";"This would even make a mf on SSRI’s cry. Someone sedate me.";"28-02-2025";"How to Make Millions Before Grandma Dies";"en";12
"fooie";"OK, joining everyone else here - this movie broke me wide open. Can't recall ever crying as much before for anything else. 😭😭";"10-04-2025";"How to Make Millions Before Grandma Dies";"en";23
"Joseph";"Sometimes family sucks, getting close to your elders just out of self-interest won’t make them think your sudden affection is genuine — they’re just not stupid. Beyond achieving an easy goal, what remains are the experiences with that special person. I didn’t expect that plot twist at the end; I think it completely changed the way I see the movie.";"01-05-2025";"How to Make Millions Before Grandma Dies";"en";60
"filmbuffsol";"My mother lost her grandmother and was sitting by the bed when she died. Her grandma was like a second parent to her and looked after my mum every chance she got. It became so clear to me why my mother chose this film on the 21 year anniversary of her grandmothers death. If you have a close friend or family with deceased grandparents, encourage them to watch this because it is a medicine for the soul and a healthy way to grieve.";"13-09-2024";"How to Make Millions Before Grandma Dies";"en";83
"Stryflon";"The kind of movie that's perfectly made to watch while crying, curled up on my dorm room couch on a lazy Sunday afternoon. It's nothing you haven't seen before, but the story's told in a really personal way that really worked for me. Usha Seamkhum is phenomenal, and it's just a great cozy movie through and through.";"15-09-2024";"How to Make Millions Before Grandma Dies";"en";57
"rach";"my god i am not the same person i was one film ago. usha seamkhum should be absolutely clearing up this awards season.";"13-01-2025";"How to Make Millions Before Grandma Dies";"en";23
"Marcel Dykiert";"""How to Make a Million Before Grandma Dies"" surprises because it does exactly what you would least expect: it transforms a grandson's greed into a lesson about love.";"04-09-2025";"How to Make Millions Before Grandma Dies";"en";28
"Greg";"Pretty standard GDH fare, imo. However, the genuine portrayal of Asian family dynamics in this takes it to the next level and helps the typical GDH beats land harder. Putthipong Assaratanakul and Usha Seamkhum play off each other so well, that I would've believed it if someone told me they were actually related. There were so many scenes in this that reminded me of my own relationship with my grandmother and I felt really charmed by it. And yes, the… more";"09-06-2024";"How to Make Millions Before Grandma Dies";"en";81
"Siddarth";"M : You've lived alone for a long time, Do you ever feel lonely?";"30-09-2024";"How to Make Millions Before Grandma Dies";"en";14
"Boby";"Thank god I didn't watch this in a theater, or else I would be crying like a baby in front of many people.";"06-10-2024";"How to Make Millions Before Grandma Dies";"en";23
"ᴊᴏᴇ ᴍᴄᴋᴇᴏᴡɴ";"An effective tale about learning the value of those we take for granted, How to Make Millions Before Grandma Dies is sentimental and slow at times, and it pays off precisely how you expect it to, but the journey along the way is compelling, thanks largely to an excellent performance from Usha Seamkhum.";"17-11-2024";"How to Make Millions Before Grandma Dies";"en";53
"The Salvador";"You know it's heartbreaking, that one day you'll be an old man, you'll be on a single wheel, your children may not even want to see you, and God willing, maybe your grandchildren will give you a little bit of hope. This movie may be manipulative, but deep down it has a message.";"29-12-2024";"How to Make Millions Before Grandma Dies";"en";53
"cinemacl🎃wn";"A sweet, sentimental & sincerely crafted comedy drama that's packed with heart, depth, charm & emotion, How to Make Millions Before Grandma Dies is as tender as it is amusing and is finely elevated by honest performances from its cast to deliver a crowd-pleasing delight in addition to offering a sensible portrait of Asian family life & relationship dynamics.";"05-01-2025";"How to Make Millions Before Grandma Dies";"en";59
"Jay D 's Watching";"Don't really get into the specifics of day to day life and routines on the internet much these days, especially not on letterboxd (it's all about the MOVIES) but I probably saw this at a time when it would be very effective - dealing with older family members who are in health that's not great, as they say, and thinking about exits. So, while I'm not overly familiar with Thai funerals and customs, or whether the family's experience with grandmother… more";"20-07-2025";"How to Make Millions Before Grandma Dies";"en";81
"john_h_miller";"The score is definitely textbook sad movie, but the earnestness and the acting definitely are not. They are like a compass for this movie. Instead of the music, the tears that are coming down my cheek are definitely because of them.";"09-10-2025";"How to Make Millions Before Grandma Dies";"en";41
"Julian (Seeking Film)";"If your familiarity with Thai cinema only extends as far as the festival circuit, then it's unlikely that any name besides Apichatpong Weerasethakul will draw a significant reaction from you one way or the other. As it turns out, Thailand is more than capable of producing films outside the realm of dreamlike, slow-burning odysseys; in Thailand, they can get just as populist as anybody else, and like everybody else, those saccharine efforts can be just as difficult to swallow if… more";"03-10-2024";"How to Make Millions Before Grandma Dies";"en";81
"durti";"""Grandma, we're about to leave. Grandma, we're passing the congee shop. Grandma, we're crossing the bridge. Grandma, we're arrived at the house i bought for you. Grandma, you're my first place.""";"12-10-2024";"How to Make Millions Before Grandma Dies";"en";31
"Mystic River";"cried buckets. such a moving and tender film with beautiful performances.";"17-09-2024";"How to Make Millions Before Grandma Dies";"en";11
"kpdevanand";"I miss being that old kid who was always with his grandma, listening to her ghost-ridden stories—of course, another made-up tale of hers—and being in my home, which is my Saraswati, my Ammu's. Watching this movie kind of awakened my inner child, who is visiting his home (my grandma) during the summer vacation, and this movie smelled like her too—probably the time I had with her that I once considered old and now value the most.";"12-12-2024";"How to Make Millions Before Grandma Dies";"en";76
"JAILLUD";"The title really doesn’t leave much to the imagination, so it’s no mean feat that this remained an entrancing, wonderfully warm tale to its end. Grief, greed and incredible growth are front and centre, where we observe Amah and her unworthy beneficiaries tussle over her fortune. Shamelessly bickering over the jewellery she still wears, the bed she still sleeps on and house she still lives in.";"28-01-2025";"How to Make Millions Before Grandma Dies";"en";66
"rin";"wanna jump off the roof and throw up bc this relates a lot to my mom's family";"28-05-2024";"How to Make Millions Before Grandma Dies";"en";17
"Azrael 🎃";"Honestly, I was most into this film in its middle section, where the back-and-forth between M and his grandma is captured in all of its authentic Southeast Asian specificity, with the ambiguity of M’s motivations providing a lot of the momentum scene-to-scene. This section ends in a way that would’ve been subversive and inventive enough to end the film, before the runtime goes on and the film wraps up everything in a nice little bow while trying to wring as… more";"10-06-2024";"How to Make Millions Before Grandma Dies";"en";81
"Aparnnaa";"I just kept weeping for like the last 20 minutes of the movie. A very well made emotional and realistic movie right from the families, to small details and gestures of the grandmother and her grandson was portrayed in such a beautiful way. This looked like a real life studio Ghibli movie cinematography wise. Made me remember a lot of things, when they said tissues were given to ppl in the theatre they were definitely not lying. Billkin(m) is such an amazing actor whenever bro appears on screen no matter what kind of show/movie it is I end up crying also his songs are top tier.";"25-09-2024";"How to Make Millions Before Grandma Dies";"en";106
"Saurav Sultania";"The grandson wants to do good and become grandma's number one in order to inherit the property but by the end grandma becomes his number one.";"26-09-2024";"How to Make Millions Before Grandma Dies";"en";26
"Darius 🇵🇸";"“I wouldn’t call it loneliness. It’s part of life’s process.” - Mengju";"31-12-2024";"How to Make Millions Before Grandma Dies";"en";12
"Brian";"TBH, I was not expecting to cry this much. Without a doubt the sleeper hit of 2024 for me which also delivered a very powerful message about life. ";"21-01-2025";"How to Make Millions Before Grandma Dies";"en";28
"Mathias Larsen";"Really good ending. Never really caught my attention tho, I think it has something to do with the visuals if I’m being honest. I mean the themes are wonderful but man this movie is a drag. Too melodramatic for my liking but I’m glad people connected with this 😊";"14-04-2025";"How to Make Millions Before Grandma Dies";"en";49
"andrea";"okay this is a tear jerker, and as a former caregiver, i COULD RELATE A LOTTT to this story. so this wont be a review. this is my own personal story.";"18-05-2024";"How to Make Millions Before Grandma Dies";"en";31
"oillyx2002";"Rewatching again on Netflix. haven't any clue why people adore this film so much. but now i really get it.";"12-09-2024";"How to Make Millions Before Grandma Dies";"en";20
"Mihael";"Every year we get a few hidden movie gems and this is one of them.";"22-09-2024";"How to Make Millions Before Grandma Dies";"en";15
"NinthShinigami";"Fuckin a. Thank you @Jesse for the recommendation. This was one that was so worthwhile and poignant.";"15-12-2024";"How to Make Millions Before Grandma Dies";"en";17
"Luís Giglio";"i feel like these are the dynamics in the royal family";"19-12-2024";"How to Make Millions Before Grandma Dies";"en";11
"Breinner";"Take care of and enjoy your grandmother because she is the best gift we have 🙏";"26-02-2025";"How to Make Millions Before Grandma Dies";"en";16
"ele";"I can't stop crying, this story touched my heart deeply, it's so realistic and painful, grandparents should be eternal, they are angels 💔.";"16-03-2025";"How to Make Millions Before Grandma Dies";"en";23
"{Todd}";"""I wouldn't call it loneliness. It's part of life's process."" -Amah,";"30-03-2025";"How to Make Millions Before Grandma Dies";"en";11
"Andres";"But if I have a beautiful burial plot... you all might want to meet up there.";"12-04-2025";"How to Make Millions Before Grandma Dies";"en";16
"Erhard K";"What a wonderful movie from Thailand! It is about family, the differences and different senses of justice of the children of an old woman who loves them all equally but treats them according to their personalities. The role of young M, the grandson who takes care of the old woman after she has been diagnosed with cancer, is wonderful: gradually maturing but still full of resentment. It is a remarkable film to watch again and again!";"14-04-2025";"How to Make Millions Before Grandma Dies";"en";76
"Fernando Valencia";"A very special piece of cinema. Every second of this film drips earnestness. There's something very pure about the portrayal of this rather common and mundane family. They wish to succeed, they love each other in their own flawed ways and yet are always buildings walls around them, perhaps out of fear of loosing each other forever. If that's not the most human thing ever, I don't know what is. Not a dry eye in my screening, but you never… more";"02-01-2025";"How to Make Millions Before Grandma Dies";"en";81
"mikywee";"Deeply, deeply emotional for someone who lost their grandmother almost one whole year ago. Incredibly powerful stuff here with how real and humanizing it is for elders. Really loved how it reminds us that these are real people who are fully capable of themselves and their lives and completely aware of everything around them.";"13-04-2025";"How to Make Millions Before Grandma Dies";"en";54
"josiah";"walked out and cried in front of the despicable me 4 kids";"20-07-2024";"How to Make Millions Before Grandma Dies";"en";12
"Walid";"Perfection .. I only wished it would be in English. This is so emotional as the emotional one should be. I always remember my grandma but this movie made me remember some tiny details I regret I didn't do with her 😢💔";"25-12-2024";"How to Make Millions Before Grandma Dies";"en";42
"WockHardt 🟠🟢🔵";"Everything in this film is so relatable and is very real. My gf cried and she couldn't stop herself from tearing up from the first 30 minutes of the movies until the very end. Yeah The message is so strong 🫡💗";"06-04-2024";"How to Make Millions Before Grandma Dies";"en";41
"Manoj Panicker";"I was skeptical about this movie given that this was initially an indie that gained huge traction through social media, seeing all the audience in the theatre crying and asking for tissues.";"17-09-2024";"How to Make Millions Before Grandma Dies";"en";32
"Kevin Y";"A powerful emotional throughline balanced against an intriguing, slightly insidious narrative tension surrounding the far too common hoards of familial money-grubbers. But what develops from that is something incredibly patient, restrained, and lyrical, with key moments of humor breaking up the sorrow and devastating emotional impact wrapped up in single lines of dialogue. It's a shame though that it doesn't trust the power of its own story to deliver that impact, relying heavily on a cloying score to tell you exactly how to feel. Take a shot every time the score creeps in halfway through a scene over a shot of the protagonist looking pensive, and you'll be very drunk by the end of this one.";"22-09-2024";"How to Make Millions Before Grandma Dies";"en";116
"ayesha ⋆𐙚 ̊🧸ིྀ♡ˎˊ˗";"Fuck this damn movie for being a bit too realistic, i cried the entire time and now i miss my grandma";"11-10-2024";"How to Make Millions Before Grandma Dies";"en";21
"ChiefMcMurphy";"This is one of those movies that will constantly be changing my life forever. A few weeks ago, I saw ""My Old Ass"", and that film reminded me that in life we have to seize those moments we get to spend with family (dad, mom, sister/brother) and not just be there with them, but really be there, to create moments that turn into a pillar of your relationship with those around you. That moment happened for me with my younger… more";"25-11-2024";"How to Make Millions Before Grandma Dies";"en";81
"Supriya";"This film feels so personal to me. I went through the same story last year and it hurts man.";"18-12-2024";"How to Make Millions Before Grandma Dies";"en";19
"Pagnilayan";"This movie was really raw, emotional and beautiful and I cried a bunch of times (when M asked her to live with them after the house was sold and when I realized M was withdrawing all the money to buy her the plot of land she was denied for being a woman in a very patriarchal Thai-Chinese society). This hit home for me considering my grandma passed away from gastric cancer (not that I was trying to steal any inheritance… more";"25-12-2024";"How to Make Millions Before Grandma Dies";"en";81
"Katalas";"M: Do you ever get lonely? Amah: I wouldn't call it loneliness. It's part of life's process.";"27-12-2024";"How to Make Millions Before Grandma Dies";"en";17
"Al1celily";"Damn, should have watched this last year before all my grandparents kicked the bucket";"15-04-2025";"How to Make Millions Before Grandma Dies";"en";14
"6voo0";"M is always badgering me, asking me who I love the most. I don't know either. But all I know is that I want to stay with you the most.";"14-07-2025";"How to Make Millions Before Grandma Dies";"en";30
"Mason🔥";"Beautiful, wonderful, and touching! It made me cry a lot more this time around. It felt so touching to see a wonderful relationship between a grandson and his grandma. After thinking for a couple of minutes, I decided to bump my rating to a 8 and close to a 9. Maybe it’s because of the relationship I had with my grandma’s on both my mom and dad’s side. Even with the somewhat ridiculous title, it really touches you in the… more";"21-07-2025";"How to Make Millions Before Grandma Dies";"en";81
"⋆☁︎｡⋆ lexi ⋆｡☁︎⋆";"absolute perfection to me. so many lessons to learn, so many tears to shed. grandmothers are life. 💞";"20-01-2025";"How to Make Millions Before Grandma Dies";"en";18
"Xander Red Ramen";"Not particularly ground breaking, but quite an emotional roller-coaster. HTMMBGD is very well acted, and is a moving and tender portrait of death, growing old, loneliness, greed and broken families.";"30-09-2024";"How to Make Millions Before Grandma Dies";"en";30
"SnowStage";"What makes this movie so special, perhaps it’s the movie being so touching but not schmaltz.";"19-06-2024";"How to Make Millions Before Grandma Dies";"en";16
"parzival 🍉";"This movie holds a special place in my heart. I’m so glad I finally watched it. It’s been a while since a film made me cry this much, one of those rare, heartwarming stories that keeps you in tears for hours. The storyline is simple, nothing out of the ordinary, but it’s painfully realistic. It resonates not just with Asians but with every human being, making it almost unbearable to watch at times. I thought I wouldn’t cry, but I… more";"06-01-2025";"How to Make Millions Before Grandma Dies";"en";81
"tosin";"This? This is how you make a once in a lifetime movie. This is how you write. This is how you get to move me to tears. OMG! 😭 ";"14-04-2025";"How to Make Millions Before Grandma Dies";"en";29
"Daniel Paucar";"- “If you dump petals on my grave carelessly, I will come back to haunt you”";"25-07-2025";"How to Make Millions Before Grandma Dies";"en";16
"joshmatthews";"Had ""How To"" been made by the Hollywood of the last forty years, you'd know how it would go. And it does go that way to some extent, which must be the universal nature of this fare: an early 20-something grandson chooses to help his well-off grandmother, because, well, he wants a sizeable inheritance.";"11-12-2024";"How to Make Millions Before Grandma Dies";"en";54
"justgayathri";"My grandma was bedridden, and her memory was slowly fading away. There were days when she wouldn’t recognise me, but if reminded, she would probably remember until the next day. While most of my childhood and summer vacations were spent at her place, once we grew older, none of us were able to spend more than three days with her. But, after my 12th boards, I went and stayed with her for over a month. Her condition had worsened, and… more";"04-01-2025";"How to Make Millions Before Grandma Dies";"en";81
"edil";"I had no idea Tontawan was in this! I've been following her on Insta for quite some time, and I think she's one of the prettiest actresses in the world. Pleasantly surprised:)";"13-09-2024";"How to Make Millions Before Grandma Dies";"en";32
"Varghese";"I was so moved by Usha Seamkhum that I was speechless by the end and even started doubting my own mortality. Life is so damn short,why do we spend it bickering? Immensely moving and thought provoking on so many levels. Also what a beautiful poster 😍";"14-09-2024";"How to Make Millions Before Grandma Dies";"en";46
"Paul Elliott";"Pat Boonnitipat’s feature debut, How to Make Millions Before Grandma Dies, is a poignant exploration of family dynamics, deception, and the complexities of honesty. Set against the backdrop of a young man's struggle to find his footing in life, the film centres on M (Putthipong Assaratanakul), a 20-something college dropout living with his mother, Sew (Sarinrat Thomas). M's aspirations to become a professional gamer are thwarted by a lack of ambition and resources, leading him to a morally ambiguous opportunity… more";"02-10-2024";"How to Make Millions Before Grandma Dies";"en";81
"teamgal";"The nearly constant, treacly piano playing, and the occasional appearance of swelling strings, let you know that you're in weepie territory. This melodrama has come for your tears and it will not take ""no"" for an answer. But it is elegantly paced — what strength it does have comes from this — and beautifully performed.";"28-10-2024";"How to Make Millions Before Grandma Dies";"en";55
"foomaj";"i mean holy shit. hit so close to home. if i greatly improve my life in the next few months i can directly attribute it to this movie";"14-09-2024";"How to Make Millions Before Grandma Dies";"en";28
"Raheem Kv";"The film is going to hit you hard if your grandparents are literally living on life support and you’re not the grandson you hoped to become.";"08-10-2024";"How to Make Millions Before Grandma Dies";"en";26
"G";"Sometimes fiction captures reality so beautifully, and this film did just that. I related to most instances and teared up, but seeing everyone so fixated on the money—literally everyone, even the grandson—annoyed me a bit but the ending wraps it all up perfectly, though I would've preferred what’s in the title of the film.";"13-12-2024";"How to Make Millions Before Grandma Dies";"en";54
"Niraj⚡";"Had to rely on emotions, not subtitles, as tears took over in the end.";"28-12-2024";"How to Make Millions Before Grandma Dies";"en";14
"ben";"A very moving film by the end even if all the characters make you want to punch them in the face. The Grandma is great though and the actress does a wonderful job in her first ever role! It does drag quite a bit and gets very one dimensional in its story telling but the last 20 mins are genuinely very sweet and tear jerking. I expected more due to the rating but it’s still worth a watch.";"21-01-2025";"How to Make Millions Before Grandma Dies";"en";78
"joori 🌟";"guys the title makes me wanna watch SO BAD but i cant find this bitch ANYWHERE? HOW DO I PROCEED?";"29-07-2024";"How to Make Millions Before Grandma Dies";"en";20
"🐈‍⬛";"they hold the stories of generations, wisdom earned through years of love, and sacrifice. this makes me wish I were closer to my grandparents.";"12-09-2024";"How to Make Millions Before Grandma Dies";"en";24
"Andrei Girard";"As someone who has a close relationship with his grandma, this film left me in tears. It was just too much for me to handle. I bawled my eyes out at the end. It just feels so true to life and completely avoids being emotionally manipulative, as the characters and situations feel authentically human. I can assure you every tear I shed was fully earned.";"22-09-2024";"How to Make Millions Before Grandma Dies";"en";65
"Blue__mountain";"This actually worries me way more than it should. I fear of getting old and needing somebody else's help, even as simple as going from one place to the other. It makes me wonder, would dying young be a curse or a blessing to me?";"20-10-2024";"How to Make Millions Before Grandma Dies";"en";45
"nay";"i lost count of how many times i cried. this is the second film after a man called otto that had me sobbing so hard i couldn’t breathe.";"14-05-2025";"How to Make Millions Before Grandma Dies";"en";28
"⭐️";"watching this felt like squeezing a lemon on a fresh wound, or something like ripping open a wound that's been sewn shut. fuck making millions man i want my grandma back";"20-05-2024";"How to Make Millions Before Grandma Dies";"en";31
"ron ꩜";"fuck. ion even know what's gotten into me to re-watch this— but it's on netflix now. watch if u want to die and be sad.";"12-09-2024";"How to Make Millions Before Grandma Dies";"en";25
"cineronin";"Lahn Mah feels so relatable because it deeply understands family dynamics, especially in Asian families. How inheritance can erase affection, how gathering at grandma's house is a warm moment always anticipated, how the grandma eagerly awaits the arrival of her children and grandchildren while wearing her best clothes, and how the loneliness after togetherness feels so piercing, especially for the elderly living alone.";"20-09-2024";"How to Make Millions Before Grandma Dies";"en";63
"🕊 Jud3 ✝️";"whoops, misread the manual, now i've made millions of grandmas die. silly me";"14-04-2025";"How to Make Millions Before Grandma Dies";"en";13
"ai ✶꩜";"i wept silently in the theathers back then bc i need to stay nonchalant but now im alone in my room so yk damn well i wailed like a baby 😭 #notfortheweak";"16-09-2024";"How to Make Millions Before Grandma Dies";"en";32
"Binayak";"I guess I've found my new favorite film of this year.";"28-09-2024";"How to Make Millions Before Grandma Dies";"en";11
"Samhain";"Is this review okay, Letterboxd?? I made this one with my tears";"07-09-2025";"How to Make Millions Before Grandma Dies";"en";12
"desinerdguy";"It’s a beautifully told story about love and loss that resonates with families everywhere. The acting, script, music, and visuals are all top-notch. It strikes a perfect balance between humor and heartfelt moments. You really shouldn’t miss it just keep some tissues close. For the tears you definitely won’t shed 😭";"04-01-2025";"How to Make Millions Before Grandma Dies";"en";51
"Comicbookfan";"A warm, loving film that makes you think about people you love, kind hearted and full of positivity. A story that has comedy and sadness in equal measure and has well developed characters. The two leads who play the grandson and the grandmother are great together and their development and how they change and grow to care and love one another more is lovely to see, by the end I was crying. It's got a fantastic musical score and is filmed beautifully.";"02-02-2025";"How to Make Millions Before Grandma Dies";"en";82
"Gab1sw";"I rarely cry during movies — like, really rarely. But this one destroyed me. I had to rewind scenes because I couldn’t read the subtitles through the tears. I honestly can’t even judge it objectively.";"19-06-2025";"How to Make Millions Before Grandma Dies";"en";35
"Muhammad Ridho Sucipto";"I'm still there, for every reason not gave up on my life, its because of him, my dad. For the next paragraph or this writing, i'm gonna shortened into ""Before Grandma Dies"". This film and The Farewell (2019) are my world. My life change so much in 2022, when i can't stand with anything or everything. The things that relate to me from these movies always made me down and crying. I always rewatch The Farewell (2019) just to make… more";"15-05-2024";"How to Make Millions Before Grandma Dies";"en";81
"mari ⁷⁷⁷ㅤ";"sometimes you watch a film and it feels like peeling an onion—layers of humor, guilt, manipulation, and just enough heart to keep you from rolling your eyes too hard. lahn mah is that kind of story, where everyone’s playing the game, but no one’s hands are clean. the guy at the center, let’s call him mr. ambition, is out here trying to schmooze his way to a fat inheritance by playing the perfect grandson, even though you can practically smell… more";"28-01-2025";"How to Make Millions Before Grandma Dies";"en";81
"Shubham";"You know the film's gonna hit you hard when it's title begins from HOW TO";"31-07-2025";"How to Make Millions Before Grandma Dies";"en";15
"keith";"The last 10 minutes of this film are enough to make us cry, but at the same time, it will make your hatred towards the grandma's brother disappear.";"14-09-2024";"How to Make Millions Before Grandma Dies";"en";28
"Abid Mahmud";"My mom is the most precious thing i've ever had. Now that she's unwell the only thing I pray to Allah is that He may grant me such merit that I may possess much property before I die, and that He may take me before my mother. And that I can give all the wealth to her so that she can live without any difficulty. Because I am not strong enough to bear the grief of her death. I know… more";"20-11-2024";"How to Make Millions Before Grandma Dies";"en";81
"Berenice Poe ⊹.˚📽️🎬🎞️🕯️♡";"I wouldn't call it loneliness. It's part of life's process 🪷♡♦️♣️✧˖ °.🛕";"31-05-2025";"How to Make Millions Before Grandma Dies";"en";12
"Sea";"This is the most popular film of the year in Thailand AKA where I’m based and I’ll be honest, I had no interest to watch this film but I had a guest at my apartment and they wanted to watch it so I agreed.";"18-09-2024";"How to Make Millions Before Grandma Dies";"en";44
"Milesware";"It is entirely spontaneous, and affecting with an oversaturated sincerity. It's no surprise that How to make millions before grandma dies is an audience favorite - it's built to be one. However, more often than not, the film struggles to resist the urge to trade subtlety for sentimentality, or to play its saccharine music cues over its many designated emotional payoffs - not to the point that those moments become entirely ineffective, but enough to challenge its already limited sensibilities.… more";"23-02-2025";"How to Make Millions Before Grandma Dies";"en";81
"Cary NewYorker";"I thought this was going to more whimsical, but it turns out to be a harsher “The Farewell” family drama surrounding the imminent death of the Thai matriarch and how it affects her family, especially her grandson who thinks if he becomes her caretaker during her last days, she will leave her house to him. ";"16-09-2024";"How to Make Millions Before Grandma Dies";"en";55
"⋆.ೃ࿔*🌙 ɱαԃᎥ ✩‧₊˚";"Well my grandma just slaps me when I put filters on her";"20-05-2025";"How to Make Millions Before Grandma Dies";"en";12
"Tobi🍉";"Like a warm hug that turns into a chokehold; in the best way possible.";"21-04-2025";"How to Make Millions Before Grandma Dies";"en";14
"benton tarantella 🎃";"well, joke's on me, i guess. i knew i'd cry but not this much.";"01-12-2024";"How to Make Millions Before Grandma Dies";"en";14
"Hannah";"""Grandma, you're my number one."" A somewhat predictable narrative but one that is particularly heartfelt and emotionally heavy. Loved every second of this despite being utterly broken by it - it's devastating of course but reminds us tenderly and compassionately to take care of and give time to those around us during the living years, not just in the final moments.";"19-04-2025";"How to Make Millions Before Grandma Dies";"en";61
"Larsjonjon🎃";"💴 This movie has been on my watchlist for a very long time and I am happy that I finally got the chance too see it. I was not familiar with any of the actors but they were all absolutely amazing and really fit their characters! The story is built up in a really nice way with lots of funny jokes but also some really emotional scenes that almost put my to tears. Another very good thing in the movie… more";"19-12-2024";"How to Make Millions Before Grandma Dies";"en";81
"Mihir Nanda";"I am short of words. Easy contender for the movie of the year for me.";"06-10-2024";"How to Make Millions Before Grandma Dies";"en";15
"Marina May";"i knew i was going to cry but i didn't know i was going to cry that hard, really, this movie it's so beautiful it's one of the best things i've seen this year.";"29-10-2024";"How to Make Millions Before Grandma Dies";"en";34
"AdrianMoviez";"this film connected to me deeply as someone who has always had a personal relationship with their grandmother. several moments in here were very relatable with the dialogue hitting so hard that it nearly felt like I was watching a documentary. ";"05-08-2024";"How to Make Millions Before Grandma Dies";"en";41
"Jeremy Iverson";"Score 87 Quality 97 Entertainment 62 “Our time is what they really crave the most.” This is a Thai Comedy/Drama that is simply SUPERB in every way and is so emotionally connecting it might change your life forever. If you only read ONE of my reviews, hopefully this is it, and it inspires you to see this. I made the mistake of avoiding this because it looked boring, and it’s an international film with subtitles or dubbing. One thing that… more";"28-04-2025";"How to Make Millions Before Grandma Dies";"en";81
"alewatchesfilms";"“How to Make Millions Before Grandma Dies” is an emotional and heartfelt film that delivers on the relatable themes of family and legacy. The performances are strong and manage to convey the film’s intended message with sincerity.";"14-09-2024";"How to Make Millions Before Grandma Dies";"en";37
"Jamie Davies";"When an elderly relative is reaching the end of their life it can so often bring out the worst in people, looking toward the financial gain of the situation, such as this film sets out at the beginning. But it can also bring out the best in people too. M’s maturity as the film progresses is carefully handled, touching and deeply moving. Never cloying or saccharine, this film is kept grounded with splashes of humour and an acceptance that no-one’s perfect, that people make questionable, often baffling choices and allowances when family’s involved. That ending, in a wonderfully cyclical contrast to its beginning is beautiful.";"21-04-2025";"How to Make Millions Before Grandma Dies";"en";105
"seenbycourt";"oh…ohhhhhhhhh sickening! just SICKENING, if there’s one thing i hate it’s lonely old people, why does it happen? children stop visiting their elderly parents and it’s even more vile when they have lost their partner. soei you are actually disgusting and i really hate you, struggling does not mean you can take advantage of your mother like that, and it’s even more heartbreaking that she still loved you so much. billkin i didn’t know you could act like that i'm… more";"29-08-2025";"How to Make Millions Before Grandma Dies";"en";81
"Jaime Rebanal 🇵🇸";"Has to be among the loveliest films that I've seen in quite some time - the emotional beats are always hit with as much sincerity as one can hope for, even to the point of evoking memories from within. But I think what hits most about How to Make Millions Before Grandma Dies is just the fact that this is a film all about what it's like to have that time with a grandparent while they're still around. Because you can't really tell when that time will be the last, let alone whether or not you'll be successful enough to make them happy in those moments that they're sharing with you.";"24-09-2024";"How to Make Millions Before Grandma Dies";"en";111
"Om Jeswani";"I know i can't pen down every thought i had and every emotion i felt through the movie. I knew it will be emotional for me after reading so many reviews.";"24-02-2025";"How to Make Millions Before Grandma Dies";"en";31
"Big Screen Junkie";"My grandma died this morning and this was such an amazing movie to revisit to help channel some of my emotions. You're my number one, Grandma Sue";"26-05-2025";"How to Make Millions Before Grandma Dies";"en";27
"meyi☆";"this movie will definitely make you cry as it has old people believe it or not";"16-12-2024";"How to Make Millions Before Grandma Dies";"en";16
"nisemono_";"This is the longest insurance commercial and one of the best moral films from a Buddhist camp of all time. The monk-turned-speaker approves of this!!.";"13-09-2024";"How to Make Millions Before Grandma Dies";"en";25
"🎃Kyler🎃";"This film now made me wish that I could do the same thing to my papa, because he sadly passed away earlier this year and I still miss him a lot…";"16-04-2025";"How to Make Millions Before Grandma Dies";"en";31
"anna";"i didn’t expect this to hit me the way it did. i went in thinking it would be a quiet, maybe bittersweet drama about family, but it left me completely gutted. it’s hard to even explain why without feeling a bit exposed. M starts off as someone you don’t want to care about. he’s selfish and detached, and he walks into Amah’s house like he’s already decided she’s a means to an end. and that’s awful, but also… painfully real… more";"13-07-2025";"How to Make Millions Before Grandma Dies";"en";81
"HopiaExplorer";"Films like this always stir a quiet fear in me— the fear of growing old, of becoming a burden to those we love. Though it carries humor, underneath lies the vulnerability of watching life slow down, of seeing ourselves depend on others. But within that vulnerability, there’s also a unique beauty in aging, one that this story delicately captures.";"22-09-2024";"How to Make Millions Before Grandma Dies";"en";59
"Eddie The Plankton";"[Thailand's submission for Best International Feature Film for the 2025 Oscar Award]";"04-02-2025";"How to Make Millions Before Grandma Dies";"en";12
"Mike";"Not sure if I love anyone enough to give up beef for life in exchange for their health and happiness.";"22-09-2025";"How to Make Millions Before Grandma Dies";"en";20
"Spyman";"This is as good as it get for a typical Thai drama, as natural as it get for a general Thai movies. We shouldn't devaluate these qualities because if it that easy then there would be shit ton of this kind of great performance in every Thai media.";"06-04-2024";"How to Make Millions Before Grandma Dies";"en";48
"Nikhil";"Childhood innocence and tenderness are contrasted against the foxiness and ignorance of young adulthood and the wisdom of the autumn of life. With age, you begin to understand how your elders felt at certain crucial points. The director of this film, Boonnitipat particularly nails that point, demonstrating that we only truly start to pay attention to our parents when we become aware of their imminent death; why can’t the same retrospective thoughts be processed before? Why can’t the same deep conclusions occur while they’re still alive and well? Watch it and Think about it !";"06-10-2024";"How to Make Millions Before Grandma Dies";"en";95
"_yare";"oh, don't mind me, it seems i woke up with the urge to rub salt over my wound";"21-01-2025";"How to Make Millions Before Grandma Dies";"en";18
"Virzha Mutia P";"I thought people were exaggerating, but man I was fucking BAWLING my eyes out during this film. One of the most moving movies I've seen about grief and loss <///3";"12-09-2024";"How to Make Millions Before Grandma Dies";"en";30
"Shavali";"After the movie ended, the first thing I did is went and hugged my grandma. If you're close to your grandma or you're born in asian family you will relate to the movie alot, for me it was like my memories are flashing in front of me, the whole movie is not a typical manipulative emotional drama nor it asks you to feel empathy towards the grandma, it just show the simplicity of life and the day to day lives… more";"12-09-2024";"How to Make Millions Before Grandma Dies";"en";81
"az93";"Basically one of those annoying, deliberate tear jerkers that you convince yourself you won't cry over. And then you cry. The bastards.";"27-09-2024";"How to Make Millions Before Grandma Dies";"en";22
"Shreesh🎃";"What a perfect film to end this year. This one broke my heart. A charged emotional drama that took me through a whirlwind of joy and sadness. It’s heartbreaking how we don’t care much about the people who loves us the most, we might be ignorant or we might not understand their form of love. Sometimes lack of expressing our feelings can also lead to distance and pain for each other. How money has become the most important aspect of… more";"31-12-2024";"How to Make Millions Before Grandma Dies";"en";81
"Abhay";"""I do have a problem with the day after Chinese New Year. When all the leftovers from the night before are in the fridge and I know I am going to have to eat them all alone.”";"31-12-2024";"How to Make Millions Before Grandma Dies";"en";37
"Captain Byron Hadley";"If this was a white cast set in Ohio, it would be nominated for every fucking award possible. But cause it’s not from America and not in English it’s mostly ignored. And one of 2024’s best films will go unseen by most. Usha gives a subtle and stunning performance, and should be recognized for it.";"26-01-2025";"How to Make Millions Before Grandma Dies";"en";55
"lauren";"it’s like i subject myself to films with titles like this one thinking i won’t end up crying curled up in my bed after it’s over….right…";"22-01-2025";"How to Make Millions Before Grandma Dies";"en";26
"Abhinav C";"You know when you watch a movie but don't know how to talk about it? This is me with this, all I can say is everything in this story is so real life relatable. A must watch movie that defines all reality in life.when you reach the end the meaning will reveal itself in a beautiful, nostalgic and cozy way.And the feeling lingers; I'll probably stays with you for a very long time. It's a combination of pursuit of wealth and moving emotional journey that has left a lasting impact.";"07-10-2024";"How to Make Millions Before Grandma Dies";"en";90
"rafid";"it's almost as it pat bonnitipat summoned the essence of kore-eda and thamrongrattanarit. bravo !";"13-09-2024";"How to Make Millions Before Grandma Dies";"en";15
"George Clark";"There’s something so unmistakably beautiful about ‘How to Make Millions Before Grandma Dies’. Every detail, from the award worthy performance by Usa Semkhum as the Grandma, to the tear jerking storytelling and masterful score, are all gorgeous and make for an irresistible debut feature by Pat Boonnitipat. The film hits ever nail it’s going for. It made me reminisce of the time I spent with my own Nan growing up, how I’d spent hours and hours at a time listening… more";"15-10-2024";"How to Make Millions Before Grandma Dies";"en";81
"Sahil Memon";"If I Could Rate Over 5 Stars, I Would Rate It Infinite.";"30-09-2024";"How to Make Millions Before Grandma Dies";"en";12
"4n7un";"A new favorite & a lesson I hope to remember forever. Can't recommend watching this highly enough ❤️";"07-11-2024";"How to Make Millions Before Grandma Dies";"en";18
"Alli";"I love a movie that makes me cry, and this one definitely did. This lovely little film takes you on such a charming little ride. (read more here)";"14-04-2025";"How to Make Millions Before Grandma Dies";"en";28
"mátt 🧸";"fuck... this was easily the most amount of times that I've cried in a film ever, no doubt. I couldn't even count how many times I teared up and bawled my eyes out. How to Make Millions Before Grandma Dies is such a sincere and heartwarming story of a grandson taking care of his passing grandma. this was honestly too close to home since I also live with my grandparents, and they raised me when i was just a child, until now. I'm truly thankful and grateful for them. this film completely hits me in the right spot every single time. so many tender and soul crushing moments that really strucked me so hard, specially those last 20 minutes, fuck man. I legitimately couldn't stop sobbing. It just felt like I wanted to cry forever. a masterpiece.";"25-01-2025";"How to Make Millions Before Grandma Dies";"en";137
"Felipe";"Heartbreaking. Now lf you'll excuse me, I'm gonna go hug my grandma for like five hours straight.";"26-02-2025";"How to Make Millions Before Grandma Dies";"en";17
"coffee";"terrible movie to watch right after seeing your grandma for the first time in a while";"14-09-2024";"How to Make Millions Before Grandma Dies";"en";16
"Big Screen Junkie";"Family is the worst but they're also the best. I'm at the age where I think I'm just way more susceptible to crying about emotional family movie moments.";"04-10-2024";"How to Make Millions Before Grandma Dies";"en";28
"𝕋𝕙𝕚𝕟𝕕𝕣𝕒";"88/100 - Certified Banger ”Do you ever get lonely?” He asked…";"14-04-2025";"How to Make Millions Before Grandma Dies";"en";11
"CineVisuals";"Grandma: “I don’t have anything else to give. You don’t have to look after me anymore.” M: “Didn’t I take good care of you?” Grandma: “You took good care of me. Very good, actually.”";"07-08-2025";"How to Make Millions Before Grandma Dies";"en";34
"Rizki";"It’s hard to watch. My tears made everything looks blurry. Brb hugging my mom and grandma after this.";"18-05-2024";"How to Make Millions Before Grandma Dies";"en";18
"Christian Ha";"I’m so glad I finally got around to watching How to Make Millions Before Grandma Dies. It’s easily one of the best films from last year and instantly one of my favorites. This movie hit me hard on so many levels. As I’ve mentioned in past reviews, my grandma and I were incredibly close. When she received her cancer diagnosis, it only brought us closer, giving us a bond I’ll always cherish. Losing her was one of the most difficult… more";"13-01-2025";"How to Make Millions Before Grandma Dies";"en";81
"Dan";"I can see this film shares so many relatabilities to many Indonesian people, as evidence by the majority of the reviews here. Thailand and Indonesia markedly share numerous cultural similarities, particularly concerning the veneration of elders, traditional familial roles, and the pervasive superstitions that permeate life and death. The film’s portrayal of a modest lifestyle, close-knit familial bonds, and the prioritization of spiritual merit over material opulence strikes a familiar and authentic chord with Indonesian viewers. The depiction of food, family gatherings, and quotidian dialogues also serves to create an immediate and compelling sense of cultural alignment too.";"15-09-2024";"How to Make Millions Before Grandma Dies";"en";98
"timtamtitus";"dyslexic ass thought it said how to make a million grandmas die";"31-05-2024";"How to Make Millions Before Grandma Dies";"en";12
"harvi";"This is easily one of the best movies to come out this year. I honestly wasn’t prepared to tear up by the end but it hits you with an emotional punch when you least expect it. The humor, the absurdity and surprisingly touching moments all come together in a way that just works. If you haven’t watched this yet, grab some tissues because you’ll need them. Can they submit this to the Oscars?";"17-09-2024";"How to Make Millions Before Grandma Dies";"en";73
"Darren Carver-Balsiger";"How to Make Millions Before Grandma Dies is a broad comedy-drama that deals with family and death. It is sentimental and works hard to capture the pain of grief and the social bonds around inheritance. In many ways the characters are unlikeable, with almost all their decisions coming from a selfish place. All of which makes the increasing number of selfless acts all the more touching. This does make for a slightly predictable film, but the formula is executed well.… more";"14-11-2024";"How to Make Millions Before Grandma Dies";"en";81
"Aman";"It's difficult to find a perfect movie because I thought that there's nothing like that till I finish to watch. Literally one of the best movies I have seen in this year. The movie is well made in each and every aspect of it, both in case of technical wise and performance wise. I went into tears towards the climax. Screenplay was really good because they presented the characters in this movie in way which feels difficult to forget and… more";"24-12-2024";"How to Make Millions Before Grandma Dies";"en";81
"ℎ𝑦𝑎𝑐𝑖𝑛𝑡ℎ 𝜗𝜚˚⋆";"do i have any more tears left to cry for this movie? yes.";"20-09-2024";"How to Make Millions Before Grandma Dies";"en";13
"Sid";"Call it generic, basic and traditional but idc, it felt personal as an Asian who had a similar experience with his grandfather two years ago. He did suffer a minor stroke once and lived four years thereafter. He used to motivate me a lot, like grandma does with M in this film. He wanted the best life for me . At times, he ordered me to narrate the plot of some recent film I watched and listened patiently, knowing my… more";"05-10-2024";"How to Make Millions Before Grandma Dies";"en";81
"Adam シ";"thought i was gonna be safe for the first half but those tears kicked in real quick, the last 20 minutes killed me.";"14-04-2025";"How to Make Millions Before Grandma Dies";"en";23
"Jekof";"Fomo dragged me to the party, but it ended up being a tearjerker in disguise!";"18-05-2024";"How to Make Millions Before Grandma Dies";"en";15
"jisoosoma";"this wasn’t just about money or inheritance. it was about regret. about growing up and realizing we missed the little moments that mattered. “grandma, you’re my number one” — this line literally break me.";"15-04-2025";"How to Make Millions Before Grandma Dies";"en";34
"Filipe Furtado";"Very amiable and hits all the sentimental notes of its coming of age caring for your ailing parental figure tale, if it doesn’t fully earn its big emotional stabs. The performances and the main relationship does work. Very solid populist filmmaking.";"08-10-2024";"How to Make Millions Before Grandma Dies";"en";41
"Movie Diary";"With a title like that, of course this movie comes with a decent dose of comedy. But Pat Boonnitipat also delivers genuine moments of sentimentality that feels earned thanks to the sincere performances of the leading duo (the young man and his granny).";"17-05-2024";"How to Make Millions Before Grandma Dies";"en";43
"Kevflix And Chill";"Because of the buzz I’d heard, I was expecting to like this much more than I did. I really didn’t take to almost any of the characters, at least for the first half. Every characters seemed oddly concerned only with getting in grandma’s good graces for the potential at earning an inheritance. I only really warmed up to it when M finally starts connecting with Amah on a human level and not just an asset on his balance sheet. I… more";"03-02-2025";"How to Make Millions Before Grandma Dies";"en";81
"neil";"sometimes, a film hits so close to home that it becomes more than just a story, it becomes a mirror to the soul. i never thought i’d be bawling over something i knew would break me the moment i hit play. but i took the risk anyway. you see, it’s been almost a year and a half since my grandma died last may. i’ve spent all this time wishing i could have done more, loved her harder, showed her just… more";"16-09-2024";"How to Make Millions Before Grandma Dies";"en";81
"Philbert Dy";"What do we owe our elders, really? And what do they owe us? It's strange and maybe callous to say, but in the end almost all relationships boil down to money. This is just how it works in a capitalist society, which conditions us to work to amass capital, so that we can acquire assets that we can pass down to later generations. And in exchange, maybe these younger generations will dote on us for a while; give us some… more";"05-07-2024";"How to Make Millions Before Grandma Dies";"en";81
"kobe 🎄";"“You know what old people want that their offspring cannot give? Time.” ";"02-06-2024";"How to Make Millions Before Grandma Dies";"en";12
"Corey 🤠";"yes i predicted the entire film from the start and yes it still completely wrecked me. evil son and i hate you, give me my silver belt back by the way??? this is a crucial and mandatory viewing experience for everyone. there is zero doubt in my mind that everyone will feel the need to be closer to their grandparents after watching this and that’s what makes this so important. realistically i could write about this film for days but i have to go and get my nanny her fried fish from the market and help sell her tea.";"29-08-2025";"How to Make Millions Before Grandma Dies";"en";99
"Nadhie";"This film simply grabs hold of my heart and squeezes it tight, with some real tear-jerking moments blended with brilliant dialogue and performances from both grandson and grandmother. I was also wondering when that big emotional moment would hit me but instead of one, it just was like a wave that washes over me and then I feel my tears effortlessly falling. In that moment, I can’t help but want to reach for my grandmother to give her the hug she deserves. Literally, no words, just enjoy it like you would a hard-to-describe but delicious meals, served as a specialty of the house by a grandmother.";"15-05-2024";"How to Make Millions Before Grandma Dies";"en";106
"ace";"and the true happy ending is having grandma live at the hobbit's house in the shire.";"11-06-2024";"How to Make Millions Before Grandma Dies";"en";16
"claira curtis";"A wonderfully rich examination of how easily we relegate our grandparents and parents to their roles within the family, the care they provide for us, and how when we eventually take on the role of caring for them, their personhood, so easily forgotten, suddenly comes sharply into focus. At the same time, the tendency to strip them of their autonomy in the name of “caring” appears again and again like an infection. ";"20-12-2024";"How to Make Millions Before Grandma Dies";"en";72
"joori 🌟";"“you’ve lived alone for a long time, do you ever get lonely?” “i wouldn’t call it loneliness, it’s a part of life’s process. i do have a problem. with the day after chinese new year. when all the leftovers from the night before are in the fridge. and i know i’m going to have to eat them all alone.”";"18-09-2024";"How to Make Millions Before Grandma Dies";"en";59
"Roséanne Park";"How to Make Millions Before Grandma Dies tells the story of M's struggle to get an inheritance from his Amah before her Amah dies. However, this story is not presented dramatically like soap operas usually. M's process of fighting for this inheritance is presented with a touch of comedy, because M always uses ridiculous methods to capture Amah's heart. Despite this, the relationship between M and Amah still warms the hearts of the audience, and this film manages to touch… more";"19-05-2024";"How to Make Millions Before Grandma Dies";"en";81
"pirateneckbeard";"Oh man am I gonna be hated for this one. Even with it's foundation of family being disconnected right out of the gate only to have the messed up grandson turn a new leaf and reconnect with his grandmother in her dying days felt manipulative and disingenuous at points by adding all these extraneous elements of a thieving uncle and really the material was far to long hammering the same nail that we never truly take the time to connect.… more";"21-05-2025";"How to Make Millions Before Grandma Dies";"en";81
"gregs1999";"Had me teary eyed for most of the runtime. Beautifully shot, with amazing performances. Leaves you wondering if you’re doing enough for your own grandparents. I loved all the varying family dynamics, and the characters were very well written.";"17-09-2024";"How to Make Millions Before Grandma Dies";"en";39
". ݁₊ᝰ Delani 🍂⋆｡˚꩜";"""He didn't wish anything for you. ...he has to put his family first. ...aren't you also a part of his family?""";"12-04-2025";"How to Make Millions Before Grandma Dies";"en";21
"<<simon chou-chou>>";"‪""but i dont like the day after chinese new year's. the fridge is bursting with leftovers and i have to eat them all by myself.""‬";"31-05-2024";"How to Make Millions Before Grandma Dies";"en";25
"Terence Ang 洪偉凱";"Maybe the real treasure was the millions that Billkin could've made on OnlyFans way before grandma dies.";"12-09-2024";"How to Make Millions Before Grandma Dies";"en";17
"Jeo";"literally cried my way out the cinema and continued sobbing in the restroom for like 15 mins";"03-06-2024";"How to Make Millions Before Grandma Dies";"en";17
"júlia";"not emilia pérez getting a nomination for best international feature film at the oscars (not to mention the other 12) instead of this masterpiece";"30-01-2025";"How to Make Millions Before Grandma Dies";"en";24
"Agastya Chhikara";"•MUST WATCH!! 🤌❤️ •I cried after a really long time for a movie.😭";"09-11-2024";"How to Make Millions Before Grandma Dies";"en";13
"CinemaCollect";"Much like Perfect Days, this will make you a better person. This film gives so many life lessons and gives us two of the best performances of the year between Putthipong Assaratanakul & Usha Seamkhum. It shows how to trust the process while taking care of those who take care of you. Do the best that you can and everything will work out.";"12-09-2024";"How to Make Millions Before Grandma Dies";"en";63
"Evasive";"legitimately heartbroken that Emilia Perez was nominated for 13 Academy Awards and this was nominated for 0";"14-03-2025";"How to Make Millions Before Grandma Dies";"en";17
"Lexi 𐙚";"They said the best gift you can give to someone is your time. This is so true, especially when you go on with your different lives. Time gives us everything. Spending it with someone helps us know them more, understand their feelings, and know what life looks like to them. We all know death is coming, but we will never be prepared for the pain it will leave us.";"08-06-2024";"How to Make Millions Before Grandma Dies";"en";69
"Adam Putra";"I always have soft spot on Thailand cinema that made me smile like an idiot and cry like a baby. How to Make Millions Before Grandma Dies [Lahn Mah] is a tearjerker family drama about precious times, loss, and never ending warmth loving relationship between grandma and grandson. Again, GDH delivers something relatable to society. This is happening and relate to me. People grow old and abandoned. Granny is similar to my granny in real life, and M is similar to me. Granny having unhealthy relationship with her siblings and ungrateful sons who only wants money and her deeds. Granny fears not to be visited by her children again and wants her grave plot to look good and comfy, and have a proper burial so that she won't be alone even if she died. What if he had a chance to fill her emptiness with our love, compassion, and best care that her children couldn't give before her time is near?";"15-05-2024";"How to Make Millions Before Grandma Dies";"en";161
"nzo ౨ৎ";"No but what do you mean my grandma is gonna die someday☹️";"12-09-2024";"How to Make Millions Before Grandma Dies";"en";12
"Jomari Bashin";"Isn't it crazy how we make time for someone when they are dying or gone forever? Like why is it that we fly across seven seas when someone passes away but not when they are alive? Why do we bring flowers to them when they are gone and not when they can see or smell it? Why we celebrate people after their death rather than appreciate them while they’re alive. Why do some people only care about you when you're… more";"17-09-2024";"How to Make Millions Before Grandma Dies";"en";81
"James (Schaffrillas)";"Despite being a massive grandma's boy this didn't really do a whole lot for me. But I still cried at the ending tho 😢";"15-12-2024";"How to Make Millions Before Grandma Dies";"en";24
"ayas.";"this made me realize how much it sucks to be a daughter (:";"15-05-2024";"How to Make Millions Before Grandma Dies";"en";13
"mathew";"Go, grandma, make me cry! I don't have any plans to be happy on a Sunday anyway.";"09-06-2024";"How to Make Millions Before Grandma Dies";"en";17
"Lexi Amoriello";"I thought the “millions” in the title How to Make Millions Before Grandma Dies was referring to money, but it turns out it was referring to tears.";"19-09-2024";"How to Make Millions Before Grandma Dies";"en";27
"Lexi 𐙚";"As we grow up, we get so busy with our own lives that we forget to spend time with people who matter to us the most. We will only do so, when their life is suddenly nearing its end. Why do we only make up for the lost time when something is about to end? Why are our realizations will only hit when there’s not much time anymore? This movie perfectly captures how people in different stages of their lives… more";"12-09-2024";"How to Make Millions Before Grandma Dies";"en";81
"aulia";"if i didn’t watched this in public i would’ve WAILED like a bitch but society makes us cry silently while watching sad films in theaters";"20-05-2024";"How to Make Millions Before Grandma Dies";"en";25
"Mita";"Same as what Mui said, me too mom, I hope the reason you rarely come to my dream is because you're in better place now";"16-05-2024";"How to Make Millions Before Grandma Dies";"en";25
"margot wendice";"THIS SHIT HIT WAY TOO CLOSE TO HOME I'M NEVER WATCHING IT AGAIN 😭";"13-09-2024";"How to Make Millions Before Grandma Dies";"en";14
"jules";"film’s done in 5 mins if he jus took the onlyfans route";"24-06-2024";"How to Make Millions Before Grandma Dies";"en";12
"Fero";"If someone has a close relationship with their grandma, watching this will likely be very touching. Even for those who don't have a similar relationship, the emotional impact of this film still stands out. Cause the story doesn't directly lead to the core, but rather begins by depicting the approaching relationship between a grandchild and their grandma. This film also succeeds in maintaining its charm to the point where it deeply moves me. The drama isn't overwhelming and the sad… more";"16-05-2024";"How to Make Millions Before Grandma Dies";"en";81
"chefff";"i just wanna jump off to the railtrain infront of congee store rn";"15-05-2024";"How to Make Millions Before Grandma Dies";"en";13
"shi qin";"lonely? I don’t know about that. but I dislike the days after cny. the fridge’s full of leftovers and I have to eat them all alone.";"05-06-2024";"How to Make Millions Before Grandma Dies";"en";26
"jo";"when you realised your grandma is just a girl; and so is your mum 😭";"03-06-2024";"How to Make Millions Before Grandma Dies";"en";15
"omaarope";"This shit left me speechless, WOW , a storm of emotions, visions, iconic performances ,god bless you PTA I just sat , felling cinema again.";"07-10-2025";"One Battle After Another";"en";25
"sartoriallyinc";"the fact that my wife—who couldn’t care less about pta or pure cinema or whatever—asked to see this for a second time in theaters is proof enough for me that this movie deserves to make a billion dollars";"12-10-2025";"One Battle After Another";"en";38
"Amy Nicholson";"Paul Thomas Anderson’s fun and fizzy adaptation views its Molotov cocktail as half-full. Yes, it says, the struggle for liberation continues: ideologues versus toadies, radicals versus conservatives, loyalists versus rats. But isn’t it inspiring that there are still people willing to fight?";"24-09-2025";"One Battle After Another";"en";42
"Manoj Panicker";"Mass deportations, authoritarian media control, and hate driven hypernationalist narratives confused with religious conservatism and capitalist dogmatism. Once thrown in the back of a legendary American filmmaker's closet, a story found its way to big screens everywhere in the wake of one of the biggest first world countries in the world falling to a state of totalitarianism through the classic 'divide and rule' rhetoric. An epic rooted in the classic 'radical revolutionist vs authoritarian government' conflict presented as a touching… more";"26-09-2025";"One Battle After Another";"en";81
"Bailey Parkinson";"every now and then a major studio gives a lot of money to the right people and makes me feel like The Movies will actually be okay in the end :)";"25-09-2025";"One Battle After Another";"en";31
"justinwuah";"one oscar after another 🔥🔥🔥🔥 very few films this year (even decade quite frankly) feel so urgent and so attuned to the fractures of the present moment. paul thomas anderson with a hefty mastery so rarely evoked these days. what a wonderfully absorbing film.";"21-09-2025";"One Battle After Another";"en";44
"Léo";"hey, thats my bad, i cant seem to find any reviews that disliked this movie even a little bit so yeah i guess thats on me but like.";"23-09-2025";"One Battle After Another";"en";28
"Richard Lawson";"Paul Thomas Anderson finally returns to the present day and has nothing good to say about it. Laughed, cried, etc. I have a full review in The Hollywood Reporter:";"17-09-2025";"One Battle After Another";"en";29
"Muriel";"well I don't remember the fucking greeting code because I got a little bit high";"29-09-2025";"One Battle After Another";"en";15
"anna nomaly";"PTA is the horniest motherfucker on the road. Incendiary, compassionate, just plain exciting cinema. One masterpiece after another.";"25-09-2025";"One Battle After Another";"en";18
"Hamza";"You know what freedom is? - No fear. Just like Tom fucking Cruise.";"01-10-2025";"One Battle After Another";"en";13
"Jake Petroski";"This movie is just so good that it made me not want to watch anything else for the past couple of days. Three times in a row for this masterpiece. PTA better get his Oscar!";"01-10-2025";"One Battle After Another";"en";35
"Sarah Genao (just2good)";"One of the best action films I’ve seen in years, and one of the most tense experiences of the year. I love films that give me anxiety and this delivers thanks to creating character and conflict I actually cared about through the intriguing script and genuine performances. ";"25-09-2025";"One Battle After Another";"en";47
"Matthew Yglesias";"Look only time will tell but first instinct is that this is a true masterpiece. ";"26-09-2025";"One Battle After Another";"en";15
"Nikhil";"My favorite part was after one battle there was another !";"29-09-2025";"One Battle After Another";"en";11
"Harvey 🎉🎆 🎉";"I had it all planned and I was going to see this the first day It came out but my sister ending up bringing her rat of a dog to my house as she was going on holiday for a week so I had to look after that. But thankfully I’m finally here watching it now in an XL screen and although I’ve been so hyped for this film - purely because it’s PTA + LEO - I couldn’t escape… more";"30-09-2025";"One Battle After Another";"en";81
"SeanChandler";"Typically, I’m not a big Paul Thomas Anderson fan—he’s obviously incredibly talented, but his movies aren't usually on my wavelength. The trailer for this, though, made me think it might be more my speed. And sure enough, I really enjoyed it… with one gigantic asterisk that I’ll get to in a bit.";"27-09-2025";"One Battle After Another";"en";52
"JokicJoestar";"enjoyed the structure of mild ribbing pointed at woke in the first act before being like no on a serious note though the other side is the hitler illuminati";"30-09-2025";"One Battle After Another";"en";29
"⋆ ˚｡⋆୨୧˚ mak ˚୨୧⋆｡˚ ⋆";"i’ve seen enough, congratulations on your first oscar paul thomas anderson";"24-09-2025";"One Battle After Another";"en";11
"JTA The Film Passionator";"One Battle After Another - An Emotional but Thrilling Revolutionary Story!";"11-10-2025";"One Battle After Another";"en";11
"Lily Alexandre";"This is getting a lot of love for its argument that armed struggle against the United States government is noble and romantic, but don't miss its subtler underlying point: ""Drunk driving is a great way to bond with your buddies""";"03-10-2025";"One Battle After Another";"en";40
"Zach Pope";"One Battle After Another is a Perfect movie one that is a jaw dropping spectacle! Paul Thomas Anderson out does himself here with maybe THE film of his entire career. ";"17-09-2025";"One Battle After Another";"en";30
"Jono";"One Battle After Another is PTA at his most mature and confident. It has the satirical bite of Inherent Vice but with sharper focus and urgency.";"18-09-2025";"One Battle After Another";"en";26
"Mason Crawford";"Spoiler alert, “Mo Bamba” by Sheck Wes is featured in this soundtrack.";"26-09-2025";"One Battle After Another";"en";12
"Carlos Valladares";"It is what it is. I was not underwhelmed; I was whelmed. It’s not so much a Nashville of our times (though it can seem to get pretty darn close!) as much as it is a way better Eddington. That key difference in scale suggests the crisis in film today. Love when the chase climaxes in a series of Wayne Thiebaud paintings of San Francisco. Fernanda and I still prefer the Pizza; Marty and I still miss Robert Altman. Lots… more";"25-09-2025";"One Battle After Another";"en";81
"Ana V";"“What will you do when you’re older? Will you try to change the world like we did? We failed. But maybe you’ll be the one who sets the world right.”";"27-09-2025";"One Battle After Another";"en";30
"Nicholas Russell";"any time i fight this hard not to like a movie, i have to be honest about what it is i’m resisting. tbf, i fucking hate sean penn and pta’s zionist besties piss me off whenever they’re front and center. it’s the eternal contradiction of an artform like cinema in any era but especially now that its most accomplished practitioners can, do, and will contradict their own work. but i think that makes the textual and metatextual aspects of this… more";"27-09-2025";"One Battle After Another";"en";81
"Alison Herman";"it is so insanely impressive that pta has so thoroughly internalized Pynchon Voice that he’s graduated from the extremely faithful adaptation of inherent vice to full freestyling. like you’re telling me PERFIDIA BEVERLY HILLS, the most pynchon name to ever pynchon, was an anderson invention?! ditto the christmas adventurers’ club?!?! I would never besmirch inherent vice, perhaps my favorite movie of all time, but it’s almost like the training wheels are off. in awe. ";"29-09-2025";"One Battle After Another";"en";74
"Daniel's Productions";"Maybe the wrong movie to play a 'join the miliary' ad before";"26-09-2025";"One Battle After Another";"en";12
"Kath Barbadoro";"I believe Sean Penn should be in jail but also that they should invent an academy award for best walk and that he should win it";"26-09-2025";"One Battle After Another";"en";26
"River";"One Battle After Another lives up to the hype as one of the greatest films of the year. Easily one of the best action films I have seen in a long time. Paul Thomas Anderson is doing some extraordinary shit with the set pieces here. The first half is packed with riveting sequences that never let off the gas. It is pure GO GO GO, and seeing it on an IMAX screen was absolute perfection. The opening alone is one… more";"25-09-2025";"One Battle After Another";"en";81
"Mike Ginn";"Unbelievably good wardrobe choices for the Christmas men. A grown man in a Lacoste polo SHOULD be scary";"30-09-2025";"One Battle After Another";"en";18
"Sam Van Hallgren";"The opening scenes felt dangerous to me in a way no contemporary film has in a long while, which says as much about our current political climate and the kind of films Hollywood serves up nowadays than it does the movie itself. The swerve into Pynchian absurdity was (of course) well-handled but it did cool the revolutionary spirit. This isn’t a criticism, just an acknowledgement of the journey I went on. As a portrait of America, I’m glad that it… more";"27-09-2025";"One Battle After Another";"en";81
"Mark Asch";"The climax is a father tracking his daughter through an arid and endless Western landscape with the sun burning down in all directions, no shadows anywhere except the long one of The Searchers, particularly the way that film echoed through the 60s and beyond as a template for the teen runaway cycle. Ethan Edwards’ fears about Debbie being sexually and racially tainted by her time with the anti-imperial militia resounded through the Fugitive Daughters of American Pastoral and Rabbit Redux… more";"08-10-2025";"One Battle After Another";"en";81
"Bryan Howell";"What a wild experience I witnessed with ‘One Battle After Another’, it’s truly a huge thriller story about a group of team of revolutionaries trying to get away with the law for doing the right for people who needed to have a life in the U.S. and for themselves, and as the police force hunts them one by one to make justice to the government orders.";"11-10-2025";"One Battle After Another";"en";66
"IndieWire";"Until his monumental new film, Paul Thomas Anderson had only made a single narrative feature set in the 21st century, and that movie — a love story about a plunger salesman who hoards pudding cups, gets extorted by the owner of a phone sex line, and shares an iconic kiss to the sound of a Shelley Duvall song from 1980 — was less of its time than out of it. After that came an origin story about the birth of… more";"20-09-2025";"One Battle After Another";"en";81
"Kevin Clarke";"PTA made a movie about right now, without sacrificing it also being a weird PTA movie. Plus it ends with one of my favorite songs.";"23-09-2025";"One Battle After Another";"en";25
"Joel";"Why did nobody tell me this was a secret Terminator movie?";"27-09-2025";"One Battle After Another";"en";11
"Hungkat";"We have everything. We have Bob and Willa Ferguson. We have Colonel Steven J. Lockjaw. We have Sensei Sergio. We have Perfidia Beverly Hills. We have Virgil Throckmorton. We have Jungle-pussy. We have all these characters. We have the CHRISTMAS ADVENTURER. We have the SISTERS OF THE BRAVE BEAVERS. We have the rolling hills. We have DiCaprio yelling. We also have him missing the jump between the two buildings. We have just “a few small beers.” We have *not* a single car door shutting by hand during each chase scene. We have a future and we have hope. A semen demon name drop…We have one masterpiece after another!";"04-10-2025";"One Battle After Another";"en";108
"Lindsey Romain";"This is also how I act when I can’t find a place to charge my phone.";"16-09-2025";"One Battle After Another";"en";16
"masoncg7";"*this is not a review for ""One Battle After Another"" but instead an onslaught of praise aimed squarely at Chase Infiniti who I think is fantastic.";"01-10-2025";"One Battle After Another";"en";26
"Allan Arkush";"Brilliant and original. But if I had to explain it in references- it's Battle of Algiers meets an action movie like Lethal Weapon and Sean Penn is playing the George C Scott part from Dr Strangelove. But its going to cause a lot of issues for the Red State Right Wing big mouths..";"15-09-2025";"One Battle After Another";"en";53
"mikywee";"Insanely well-paced. Looks amazing the entire time. Give PTA this kind of budget for the rest of his career. Incredible performances all around. A well-needed message right now. Sometimes a little on the nose with its commentary but it’s slight enough where I can’t fault the entire picture. When a camera is attached to a car door as the car door closes it’s the best feeling ever. Love a title drop that is more than 10 minutes in. Super well… more";"25-09-2025";"One Battle After Another";"en";81
"Abdullah";"I’m processing but oh my god, the hype was real, that opening was a such a great way to start the movie, it set the tone perfectly, there’s so much going on here and PTA made it work, he’s one of the greatest filmmakers and truly one of a kind, he reinvigorated the action genre, very unconventional and refreshing to see, feeling lucky that I live in the same timeline as him, starting with the protagonists and introducing their stories… more";"26-09-2025";"One Battle After Another";"en";81
"ThisIsBigCat";"One Battle After Another represents a bold, new direction for Paul Thomas Anderson. What I love about PTA's filmography is how he stylistically evolves over time. It's fascinating to see how different Boogie Nights, Phantom Thread, and One Battle After Another are from each other. To me, this makes PTA one of the most exciting filmmakers to follow as he never sticks to his comfort zone, unlike some other directors. What's interesting about One Battler After Another is that it's… more";"27-09-2025";"One Battle After Another";"en";81
"KNZ15";"Currently writing this review with this movies score playing in the background (sensational stuff) One Banger After Another One Fantastic Movie After Another One Absolute Cinema After Another One I'm running out of jokes After Another This movie is absolutely infuckingcredible!";"26-09-2025";"One Battle After Another";"en";41
"john";"Monumental. And, dare I say it, there has never been a better use of $150 million plus in a movie!? I could have watched six more hours of this story and never lost interest. Fucking brilliant.";"25-09-2025";"One Battle After Another";"en";36
"john semley";"Never underestimate the power of seeing a movie with a live audience. When a character mentions that the daughter is “mixed-race” a woman in front of me exclaimed “WHAT?!?!” and got BIG laughs.";"26-09-2025";"One Battle After Another";"en";33
"ABrungardt";"I mean yeah, One Battle After Another is that good. I’m not sure why I had my doubts. After all, I haven’t seen every film from Paul Thomas Anderson, but I’ve loved the ones I have. While a lot of what happens can feel like it’s hitting a little close to home with the state of the world right now, it’s ultimately a character drama. The ones were rooting for… the ones we hate, all written and fleshed out masterfully… more";"04-10-2025";"One Battle After Another";"en";81
"Fauxx";"Short Review: Paul Thomas Anderson locked himself in the Bluesky Hyperbolic Chamber with an Ebony magazine and made this garbage. My GOAT is washed 💔🥀";"25-09-2025";"One Battle After Another";"en";25
"Cian Mulligan";"Whoever cast Benicio Del Toro as Sensei is a true visionary and deserves a commission because I will be rewatching this just to see him again.";"27-09-2025";"One Battle After Another";"en";26
"carina ☆";"When Peter Parker and Batman were mentioned, I was the Leo DiCaprio pointing meme in the cinema, ngl.";"25-09-2025";"One Battle After Another";"en";18
"lilly 🕸️";"With all the hype, I had extremely high expectations for One Battle After Another, and, admittedly, I was nervous that it might not live up to them. However, I can happily say it went above and beyond. Despite its long runtime, the movie captured my full attention, and it never dragged, which is rather remarkable, considering I have ADHD (a literal attention deficit condition).";"06-10-2025";"One Battle After Another";"en";64
"Alli";"A wild film about a group of revolutionaries and the military man who comes hunting for them 16 years later, One Battle After Another sports an excellent cast and some gorgeous cinematography. I am also a huge fan of the score, which keeps you balancing right between ""amused"" and ""yikes."" My one big complaint is the ending. For a movie full of chaos, it ends too neatly. I would have liked to see it cut to black 10 minutes earlier, when a single character is walking down the road. You know the one. (read more here)";"02-10-2025";"One Battle After Another";"en";96
"AriseMac";"First, we threw a Hard Eight during one of our Boogie Nights. As the years passed, we blossomed like a Magnolia. Soon after, we found ourselves Punch-Drunk in Love but those times weren’t without their wounds, because There Was Blood.";"26-09-2025";"One Battle After Another";"en";40
"Shreesh🎃";"What a ride! People usually say Hollywood doesn’t make certain kind of films anymore like they did before, but I don’t think Hollywood ever made a film like this before. Still I got the sense of old Hollywood vibes a lot from this film. Maybe due to the fact this being shot on VistaVision got me excited or to do with the fact that PTA crafted and executed an exhilarating odyssey involving a father and daughter relationship infused with diabolical humor… more";"26-09-2025";"One Battle After Another";"en";82
"Max";"I revisited OBAA because it had a lot of interweaving stories, but also because I needed to see if repeat viewings sway me to masterpiece status as it has others. Ironically enough it is the most un-PTA movie that PTA has made, and I consider it both his funniest and containing the best action in his filmography.";"02-10-2025";"One Battle After Another";"en";57
"Logan Kenny";"Teyana Taylor’s performance is one of the greatest supporting turns I’ve ever seen in a film. she completely owns the movie, and there’s not a second of it after she leaves where her presence (or conscious absence of it) isn’t felt. have a feeling that the cut on the Dirty Work needledrop will make me cry every time I see this film for the rest of my life. ";"03-10-2025";"One Battle After Another";"en";68
"brokebacker4ever";"She literally fucked Lockjaw up so bad with that gun he was walking side to side by Ariana Grande for the rest of the movie.... Queen";"11-10-2025";"One Battle After Another";"en";26
"Christian Ha";"I was having a rough day. I had the day off from work, but I just haven’t been feeling like myself lately. I’ve been stuck in my own head, uncomfortable in my own skin, and honestly a little sick of being around people. When I bought tickets for One Battle After Another, I wasn’t even that excited to go anymore. But I talked with my mom and she said we should still go. She knows how much I love Paul… more";"25-09-2025";"One Battle After Another";"en";81
"Florence Rose";"I fear everyone is right and this may be the best movie of the year";"29-09-2025";"One Battle After Another";"en";15
"MissMami";"Ever since moving to France, « do you like black girls ? » has been one of my main pick up lines to get the attention of these mustached white boys. But after seeing that movie, It will never be used again and god please save me from these evil twinks.";"08-10-2025";"One Battle After Another";"en";51
"samwm";"The film is truly beyond all hope when the only justification for its existence, the only sensible thing that can be said about its raison d'être, consists of an approximation of its place and relative value in the work of a so-called auteur: the makeshift patch-up job done by this new type of viewer (the intellectual petty bourgeoisie, executives, etc.) on what is already — in the ponderous mouth of the critic, the press attaché eager to attach himself to…";"30-09-2025";"One Battle After Another";"en";80
"Dave G";"Admittedly I have a strong bias when it comes to this film as it plays directly into my sensibilities and beliefs, particularly in this moment in time. I'll preface this by saying at my work I mange 6 young women, all of Mexican heritage, and every day I see and hear the toll that current events unfolding in the US take on them and their families. The fear they live with for merely existing and living in this country that they were born in, that seems hell bent on trying to get rid of them, sometimes in awful and despicable ways.";"11-10-2025";"One Battle After Another";"en";101
"jeaba";"i wanted to believe that people were overhyping this movie because i’m a born hater and skeptic but it was genuinely incredible i won’t lie";"04-10-2025";"One Battle After Another";"en";25
"Felipe";"I swear, every scene with Leonardo DiCaprio and Benicio del Toro together was some of the greatest, most entertaining stuff I've ever seen. That whole second act with them was just perfection.";"26-09-2025";"One Battle After Another";"en";32
"Adam Forrest";"Kind of a Bananas for our time, with Leo playing the zaniest left wing revolutionary terrorist in history, and Sean Penn playing the most madcap white supremacist since O Brother, Where Art Thou? There are definitely moments of silly fun here. But between the shallow and inscrutable characters, the bizarre and shifting tone, the topics that I just don’t really care about (like preoccupation with skin color), and that interminable runtime, there really wasn’t much for me here.";"26-09-2025";"One Battle After Another";"en";78
"Benjigotfried";"This movie is truly spectacular!! Paul Thomas Anderson is coming for his long awaited Oscar!!!!! One Battle After Another Full Review!!!!";"05-10-2025";"One Battle After Another";"en";21
"Allan Arkush";"I want to amend my previous review of One Battle... I was way too cute by half. This is a major movie and Mr Anderson's shape shifting Film Making is so dazzling I was searching for antecedents. The control off the material is complete- from Family Story, to action thriller, to broad character driven comedy to political insight. It's all here. I loved this movie the way that I love Spike Lee's work.... It has a lot on its mind.";"16-09-2025";"One Battle After Another";"en";80
"salem";"the race politics in pta's new film is utterly abysmal; its misogynoir and the way it poorly tries to liberate its black women from said misogynoir (if it even really does that) is terrible. its ideas of revolution and what family means in the guise of leftism is beyond ignorant: it's a clearly drawn line in not believing in what the irl radicals he pulls from preaches about. there's nothing exciting about the film, nothing sharp and only few scenes… more";"26-09-2025";"One Battle After Another";"en";81
"Joshua Minsoo Kim";"Was really taken by the first act—so kinetic and briskly paced, leaving no chance to really sit with what's happening. It's the closest that contemporary Hollywood has come to feeling like Koji Wakamatsu, and the different strands of political, sexual, and racial commentary are so intertwined that the natural unraveling that occurs throughout the film's later acts can't help but be less thrilling.";"28-09-2025";"One Battle After Another";"en";63
"lo";"#tbh getting increasingly annoyed by all this generational … monumental …. era-defining recency bias talk like alright it’s a good movie and probably one of the best movies to come out this year but this is not even close to being pta’s best movie let alone the greatest movie of the century or of all time let’s take a deep breath for a second lol";"26-09-2025";"One Battle After Another";"en";65
"Bob Goochman";"VIVA LA REVOLUCIÓN! WHAT. A. RIDE. 12 hours after seeing Paul Thomas Anderson’s latest feature and I’m still catching my breath. To put it bluntly — there are very few blockbusters, if any, from the past 25 years that are paced as well as this. And despite having all the bells and whistles of a crowd-pleaser for the general audience — glorious action set pieces, laugh out loud moments, vintage movie star performances, etc. — the movie never compromises on delivering a deeply emotional story that’s ripped straight from the fabric of modern America.";"24-09-2025";"One Battle After Another";"en";94
"Cam Walsh";"I have sat with it, I have taken my time to think. This is very good.";"28-09-2025";"One Battle After Another";"en";16
"Joe Kohle";"I’m going to start a revolution that’s just about how good this movie is.";"24-09-2025";"One Battle After Another";"en";14
"Infinite007";"One Battle After Another • 2025 Directed By: Paul Thomas Anderson";"30-09-2025";"One Battle After Another";"en";11
"Movie Good or Movie Bad?";"The fetishization of Black women and the insertion of white men into various political movements, regardless of their framework, are both equally important to One Battle After Another, a film that at it’s heart, is one about a father seeking out his missing daughter, and also on the macro scale, a film about how incoherent politics shape our world and makes for a film radically more political than I was expecting, and also one that I immediately understand if it… more";"26-09-2025";"One Battle After Another";"en";81
"Chris Wade";"Seen in the ideal format: 11am infant-friendly screening in a tiny 45-seat Alamo Draft House theater while fussing over my barely sleeping child. Call that One Bottle After Another.";"01-10-2025";"One Battle After Another";"en";29
"Brendan Hodges";"an exhilarating gauntlet of American psychosexual paranoia and fight, where PTA pivots from decades of depicting Horrible Fathers into a deeply personal family saga meditating on a father's place and power to raise the next generation after his own failed. look where we are now. it's not a call to revolutionary action so much as a dense, sprawling text with messy, complicated politics and characters, IE the PTA special, as steeped in sadness as hope. He proudly channels Heat, Terminator 2, Demme. the car chase is as good, or better, as you've heard. A triumph, and an all-timer California movie.";"24-09-2025";"One Battle After Another";"en";100
"joshuabriond";"totally undersold this on first viewing, this is a perfect movie. ";"08-10-2025";"One Battle After Another";"en";11
"Chance";"Sometimes all you need is a six pack of modelo and a selfie with your sensai and you’re back.";"26-09-2025";"One Battle After Another";"en";19
"margaux";"i became aware of this film in 2023, when it was still called the battle of baktan cross. in january, i decided to go as bob ferguson for halloween this year. for the past four months, i've been scouting the amc website at least 3 times per day for a pta q&a.";"21-09-2025";"One Battle After Another";"en";52
"𝐅𝐫𝐚𝐦𝐞𝐝";"“You have to understand Willa, me and mom use to run around and do some real bad shit.”";"26-09-2025";"One Battle After Another";"en";18
"Yashley";"Sean Penn just won himself another oscar. you know that feeling after watching DDL in There Will Be Blood or Heath Ledger in The Dark Knight or Christoph Waltz in Inglorious Bastards and you are like, ""theyre gonna win 100%""? I had that same feeling with penn. I hope im not wrong.";"27-09-2025";"One Battle After Another";"en";52
"tomvanderlinden";"PTA is known for turning his cinematic gaze to the past, but with One Battle After Another, he blasts into the present day with an at once timely and timeless tale of resistance, desperation and hope - beautifully exploring the tension between a life for the cause and a life for one's own; between collective ideals and individual needs, desires and responsibilities. Do they have to come at the cost of each other? Or can they co-exist? Perhaps even, feed… more";"25-09-2025";"One Battle After Another";"en";81
"emma";"the film is fantastic, bold and ambitious and bursting with life. i also, however, can’t stop thinking about something much less important but very present in my mind these days. namely, how on god’s green earth did they convince anyone to finance and distribute this?? i kind of disappeared from social media this year as i started working full time in post on a movie, and my job involves near-daily interactions with forces that demand the edges be sanded off… more";"21-09-2025";"One Battle After Another";"en";81
"BenDavid Grabinski";"70mm IMAX. Third viewing. Love the part when PTA does GTA. Handed out Modellos to the boys at the same time Benicio did. Better than 4DX.";"29-09-2025";"One Battle After Another";"en";26
"Jacob Knight";"Paul Thomas Anderson’s THE SPOOK WHO SAT BY THE DOOR. A epochal talent, whose generation’s greatest crime was to sell out, wondering aloud if his people did just that and fucked it all up for their kids. Simultaneously everything he’s ever done and unlike anything else he’s ever created. Thrilling, gorgeous, narratively propulsive in a way he’s never cared to be (while still loose/vibey), and populated by a rogue’s gallery of both comforting and threatening mugs. If Anderson were to… more";"13-09-2025";"One Battle After Another";"en";81
"mdfmdf";"Sick movie, but if I had to be an annoying communist about it - and certain political commitments do oblige me to - I continue to be uneasy with the 2020s “revolutionary mood board” being formed in popular culture right now. like, present day street movements being memorialized in real time, collaged together with imagery culled from struggles from other times and places, shorn of context so that different decades all swap in as stand-ins for each other — but it’s… more";"30-09-2025";"One Battle After Another";"en";82
"madison";"respect for sean penns performance here because lockjaw is the most pathetic disgusting vile Thing ever put on my screen. the score is somehow better and more effective the second time. i have come to the conclusion that sensei sergio is my husband in another life. or at least i hope so";"12-10-2025";"One Battle After Another";"en";52
"ornithopter";"Entertaining and funny enough. But I suspect after a few months of discourse many will find this really does not have much going on. It's idiosyncratic, it is a unique object in American popular cinema, in terms of its content. But the structure is wholly conventional and the entire film is delivered as one clean straight line. I was not left with any lingering discomfort or contradiction. Sometimes for better but mostly for worse, PTA is a filmmaker who works almost entirely from intuition. And at the end of the day, when imagination fails, he reaches for 'quality filmmaking.' I respect his tendency to challenge himself by periodically resetting his plot's milieu, but at no point do I feel he would truly upset things by giving up his style. The film is in fact an incredibly expensive exercise in making something mannered and picked over seem hardscrabble and grungy. Much like a period film, verisimilitude is the goal. 'What an excellent job this film does of evoking the present!' But that's the problem. It's an evocation of signifiers with no risk or skin in the game. It will receive praise because it is the apotheosis of both our lackluster film culture and political discourse. It is an excellent, understandable, enjoyable fill-in for radicalism.";"15-09-2025";"One Battle After Another";"en";213
"𝙂𝙝𝙤𝙨𝙩𝘽𝙤𝙭𝙙";"getting older is just constantly forgetting what time it is but still remembering the small things in life, like what your friend’s favorite kind of pussy is";"26-09-2025";"One Battle After Another";"en";27
"Charlie Benjamin Brown";"“The message is clear. Free borders, free bodies, free choice and free from fucking fear.“";"30-09-2025";"One Battle After Another";"en";15
"Ryan Barton🤠🍿";"Incredible cinema! An action thriller that I didn’t want to end even after 2hr 40mins. It even had some emotional family moments which was a nice touch. ";"04-10-2025";"One Battle After Another";"en";27
"Doug Holler";"I don’t know. I literally don’t have the words. It’s hard to believe that something of this quality can get conjured out of the scum-hollywood machine. Completely unbelievable beat to beat. Totally undeniable in my eyes. ";"26-09-2025";"One Battle After Another";"en";36
"Max";"OBAA is Paul Thomas Anderson’s grand political statement, which has the feel of 1960’s revolutionary film transported directly into our 2025 social media feeds. PTA finally conquers his fear of setting a film in the present by inflating our deepest issues and analyzing the feelings of the rebelling class.";"27-09-2025";"One Battle After Another";"en";49
"Keenan";"I have to be honest going into watching Paul Thomas Anderson’s One Battle After Another I wasn’t that excited the trailers didn’t really do it for me but I still wanted to watch because of Leonardo DiCaprio and because I love movies. I was hoping the movie would prove me wrong and that I would still end up liking this film but what I didn’t expect is that I would come out of the theater with a new favorite of… more";"26-09-2025";"One Battle After Another";"en";81
"H. Coley";"“If it’s not one thing it’s another. Do you find that to be true? Well, anyway.”";"26-09-2025";"One Battle After Another";"en";16
"the uzhi/mari spot ❤️‍🩹🎃";"Without almost any doubt, the best-crafted film of the year and likely the birth of a modern classic—it has everything without being overcomplicated. At its core, it’s a gripping tale about a father rescuing his daughter, layered with commentary, heart, and moments of genuine fun. An American action thriller that unfolds complex revolutionary dynamics in present-day U.S., weaving a tense, chaotic narrative filled with sociopolitical insights and explosive conflict. While there are many nuances to explore, its strength lies in a straightforward yet deeply impactful narrative.";"27-09-2025";"One Battle After Another";"en";86
"thomas.";"I am laid out stunned stupid not only by how great this is, but by what it is. I can’t believe Warners paid for it. I was scared for most of the movie and also laughing my ass off. Extremely moving. There’s a way PTA shoots a car with a zoom lens that makes a road and car look like something I have never seen before. Best movie of the year easy.";"25-09-2025";"One Battle After Another";"en";72
"ash";"Every revolution begins with fighting demons, but these fuckers end up fighting themselves.";"27-09-2025";"One Battle After Another";"en";13
"amaya";"finally some representation for loser dads who used to be political leading lights but now smoke weed 24/7 on their couch. absolutely swagless but important to the ecosystem. role-models, inspiring, etc";"30-09-2025";"One Battle After Another";"en";31
"siddu 🍕";"The action scenes were cool but the passive aggressive planning sessions were art";"24-09-2025";"One Battle After Another";"en";13
"Justin Decloux";"I kept waiting for Godzilla to show up like in the book.";"02-10-2025";"One Battle After Another";"en";12
"ℑ𝔯𝔳𝔦𝔫𝔤 🪽";"PTA bestowed upon us an thrilling story with harsh themes that haunt modern America.";"25-09-2025";"One Battle After Another";"en";14
"🎃🕷👻 Blair Russell 🦇💀⚰️";"An unwelcome return of Contrarian Blair. It doesn’t happen that often but on occasion, I do have the unwelcome task of explaining why I did not like a motion picture that everyone else loves. As many eyes will be on this review, might as well mention the non sequitor that currently, there are more than 5,000 (!) accounts that follow me on Letterboxd. I’ll forever be amazed and flattered. Hopefully none are lost after this hot take…";"10-10-2025";"One Battle After Another";"en";77
"Brian 🦇";"I have a lot to say, but in perfect honesty, I don’t have much energy to say it, and even if I did, others have already expressed it better. So I’ll just direct you to the many reviews I liked below (especially oomf Exir’s: his first and his second). They cover way more ground than I could.";"01-10-2025";"One Battle After Another";"en";57
"Brian Rowe";"ONE BATTLE AFTER ANOTHER is the movie of the year, an awesome and overwhelming cinema experience that left me breathless. Everyone in the brilliant ensemble cast is electrifying and mesmerizing. Paul Thomas Anderson has crafted a propulsive, Oscar-worthy masterpiece for the ages.";"26-09-2025";"One Battle After Another";"en";42
"Yves Bouwen";"I turned 50 recently. Leo is 50. In the beginning of One Battle After Another, Ghetto Pat (Leonardo DiCaprio) is an explosion specialist active in a revolutionairy ragtag. He hooks up with a she-warrior with the beautiful name, Perfidia Beverly Hills (Teyana Taylor). Her revolution is sleazy. Really, if revolution is this sleazy, please do televise it. A rattling machine gun makes Perfida wet. She likes to fuck in the blast radius. She plays bdsm games with the enemy, Col.… more";"24-09-2025";"One Battle After Another";"en";81
"🌱☁️";"There’s nothing quite like morally bankrupt people shoving messages of hope into a world already drowning in depravity and violence, while people rush to praise their work, conveniently ignoring the flaws that expose their illusion that validates their worldview. And of course, it all gets topped off with an iPhone commercial, the cherry on the hypocrisy sundae. It’s hilarious how ignorant people are, failing to realise they’re being mocked: the left, the right, all of them, while Anderson sits in… more";"26-09-2025";"One Battle After Another";"en";81
"eddie";"This is the new America, the new “nuclear” family, one that represents our cultural melting pot, and ideals that run counter to the hyper conservative ideas of race and family that damned American life and culture for so long, and continues to in so many ways. This is a hopeful film for the future, a sincere Bulworth.";"15-09-2025";"One Battle After Another";"en";57
"jeliben";"Yeah, I dunno about this one. A film that, more than any other, has me starting to seriously wonder if Hollywood will ever be able to produce anything radical or meaningful again. ";"30-09-2025";"One Battle After Another";"en";32
"Diogo Serafim";"Anderson has two main strengths as a filmmaker: his work with actors and his dynamic pacing punctuated by humorous bits. One might argue that he pushes the caricatures here a bit too far, but it is undeniable that he understood the magnetic grasp of Infiniti's eyes (the best thing in the film in my opinion), or Del Toro's forbearing endurance (I love the moment when he shares a beer and takes a selfie with the main character), or Penn's lumbering… more";"10-10-2025";"One Battle After Another";"en";81
"Geesuss";"‘One Battle After Another’ ranks among Paul Thomas Anderson’s best and most unrestrained films even if somewhat falls short of being a total, absolute masterpiece. But stellar performances and a breakneck pacing makes for one of the most entertaining and satisfying almost-3 hours spent in a theatre in a big while.";"27-09-2025";"One Battle After Another";"en";51
"Chandler Levack";"This is rated five stars with my whole heart, mind, body, soul and (jungle) pussy.";"28-09-2025";"One Battle After Another";"en";15
"𝐳𝐞𝐡𝐫𝐚𓆩♡𓆪";"leo dicaprio unites the marvel & dc universes by serving as both a depressed batman and peter parker, and stealing our hearts again";"03-10-2025";"One Battle After Another";"en";23
"Taylor Williams";"Not sure what I expected other than something this meaty, gorgeous, and absurd. It’s PTA’s most modern film and topical for reasons that don’t necessarily take a keen eye to observe, but I think the last year has made the film accidentally more urgent than it even intended. I see people holding it to a standard of radicalness (and then being disappointed when it doesn’t totally follow through on that), when I think this is ultimately a film about trying… more";"26-09-2025";"One Battle After Another";"en";81
"H. Coley";"""Every revolution begins fighting demons. Them motherfuckers just end up fighting themselves.""";"01-10-2025";"One Battle After Another";"en";12
"Ana V";"“Revolutions start by fighting demons and they end with them fighting each other.”";"17-09-2025";"One Battle After Another";"en";13
"emma";"when i saw wet hot american summer, the editor (meg!) talked to us about how the key to holding momentum in a film is that no scene can ever resolve, so that your audience is always leaning forward waiting for the shoe to drop. i think that principle is why this movie feels so much shorter than it is. it’s a shaggy perpetual motion machine that uses its own rough edges and messiness to disguise a razor tight pace, eliding… more";"24-09-2025";"One Battle After Another";"en";81
"Rosie Ramdin";"So funny, so scary, so willing to hopscotch between tones and places and feelings and moments. A movie with its fingers on the pulse and its hand on its heart. Laughed my ass off.";"25-09-2025";"One Battle After Another";"en";34
"Nate Jones";"The same way Get Out turned out to perfectly anticipate the Zeitgeist of the first Trump era, here we have a film that presciently nails the vibe of the deranged sequel. It's there in the aesthetics, of course: migrants in zip-ties, APCs in civilian streets. But also, in his strange mock-Pynchonian way, PTA nails what it feels like to live through the second Trump era. The sense of a government run according to the sexual whims of leathery, oddly-jacked old men. An oligarchy whose utter ridiculousness does not erase the fact that their ideology is largely indistinguishable from Nazis'. A regime that has essentially declared war on its own citizens. What else is there to do but laugh, and resist any way you can?";"08-09-2025";"One Battle After Another";"en";124
"Marshall 🎃";"One Masterpiece After Another, PTA does not miss‼️ A constantly moving, electrifying, beast of a movie that feels frantic but is in total control. PTA brings us into the world rather than leaving us on the sidelines as spectators, truly riveting stuff. What a time to be alive! ";"25-09-2025";"One Battle After Another";"en";48
"Sergio Muñoz Esquer";"Young generations are the victims of older generations who only pretended to do the right thing.";"28-09-2025";"One Battle After Another";"en";16
"Yasir";"This film is the recent installation in Hollywood’s hackneyed neo-liberal trend of co-opting leftist revolutionary struggle, to sell back to audiences perverted and diluted. In typical American fashion, Paul Thomas-Anderson shows the extent of his political idiocy in collapsing modern liberalism with that of armed leftist struggle in his representation of the ‘rebellion’. In comparison to the pragmatism of the ‘French 75’ of old, in their contemporary state, the ‘rebellion’ is a bureaucratic and sensitive bunch, overly concerned with identity… more";"26-09-2025";"One Battle After Another";"en";81
"SupremeLemon (지존레몬)";"The image of Leonardo DiCaprio sprawled on a sofa, smoking pot and drinking while watching The Battle of Algiers on a digital screen within the comfort of his home, amusing as the sequence is designed to be, crystallizes a constellation of conditions that define contemporary Hollywood cinema and cinephilia alike. It gestures simultaneously toward the passionate devotion of cinephiles--embodied in the very choice of Pontecorvo’s revolutionary classic, canonized in film history--toward the modest curiosity of the casual viewer, figured in… more";"26-09-2025";"One Battle After Another";"en";81
"Jared";"Leo continues his multi-decade trend of choosing only to work with immensely talented writers and directors who have an established portfolio, and the decision continues to pay dividends, as One Battle After Another proves to be another Paul Thomas Anderson masterpiece. ";"25-09-2025";"One Battle After Another";"en";41
"SiddhantAdlakha";"You couldn’t make a movie like “One Battle After Another” in 2025. Paul Thomas Anderson’s Thomas Pynchon-inspired action drama is said to have cost Warner Bros. as much as $175 million, or roughly the price of a Marvel movie. Given these numbers and its audacious, urgent radicalism, it’s hard to imagine the film being green-lit anywhere in Burbank nine months into Trump II, an era of kowtowing studios like Disney and Paramount and merger-hungry executives like Warner’s David Zaslav.";"19-09-2025";"One Battle After Another";"en";79
"aksel";"This is everything they say it is and more. Completely sucked me in for 3 hours and left me begging for more. Visually stunning, pacing A+. The car chase is probably one of my favorite sequences i’ve ever seen on a screen. had me gasping for air. If for some reason seeing this is not already a priority of yours, please make it so!! it is genuinely worth all the hype.";"28-09-2025";"One Battle After Another";"en";71
"MrPPeeps";"From an objective point of view, ""One Battle After Another"" is getting the love and appreciation it deserves in my opinion, a father/daughter espionage blockbuster with tonnes of themes packed in for good measure, that is probably one of, if not the best made and acted film this year. Not to mention, randomly one of the funniest too.";"10-10-2025";"One Battle After Another";"en";58
"Sammy";"Watching this in IMAX 70mm was a biblical experience that I will cherish forever.";"24-09-2025";"One Battle After Another";"en";14
"Olivia Craighead";"still good! this time around I was really loving the costuming — sean penn not owning a real suit; benicio in his gi pants; white supremacist lacoste polo. great stuff.";"27-09-2025";"One Battle After Another";"en";30
"Viper’s Cut 🐍";"Relentless, exhausting conflict. Wow, what a ride. Easily the best movie of the year so far (IMO). It’s insanely entertaining from start to finish, never drags for a second, and the music? Perfect. Every track lands exactly where it should, and the score itself gives the whole thing this extra punch of energy that keeps you hooked.";"24-09-2025";"One Battle After Another";"en";57
"EvanAC";"now we wait for part.2 in March with One Oscar after another";"24-09-2025";"One Battle After Another";"en";12
"Brian Tallerico";"Aren’t you tired of fighting? Paul Thomas Anderson’s “One Battle After Another” comes along at a time in world history in which conflict seems to be the daily duty, turning Thomas Pynchon’s ’80s-set Vineland into a deeply humanist story of rebellion that will be read as 2020s political commentary despite never using terms like MAGA or Antifa. Anderson’s phenomenal screenplay is a timeless story of resistance, one that playfully weaves together influences as broad-reaching as the true story of Weather Underground and cinematic depictions of rebellion, but it’s also a remarkably propulsive, fun, and eventually moving piece of work about the human beings caught up in the chaotic machine. It’s a live wire that drops in the first scene, setting off sparks for the next 162 minutes.";"16-09-2025";"One Battle After Another";"en";127
"maiapog";"jaw on the floor so much fun i love the movies GO SEE THIS RN !!!!!";"25-09-2025";"One Battle After Another";"en";16
"Olivia Craighead";"biracials I am so happy to say we are back UP!!! loved this, laughed a lot, it’s amazing to look at, and I was moved to tears by the final needle drop because I’m a sap! can’t wait to see it again :)";"24-09-2025";"One Battle After Another";"en";43
"Justin Sayles";"The most crowd-pleasing PTA movie in nearly 30 years is a leftist screed that features Junglepussy announcing that her name is Junglepussy during a bank robbery.";"26-09-2025";"One Battle After Another";"en";26
"Paul";"My few reservations from my previous review still remain but this goes unbelievably hard. I’m happier with Regina Hall’s presence cause while I maintain she’s underused she’s still so great when they do use her. Teyana Taylor one of the greatest to ever do it. I also wish she was in it more. Chase Infiniti is a fucking star. Junglepussy you are everything. What a great fuckin movie";"28-09-2025";"One Battle After Another";"en";68
"Jared Gilman";"god it’s such a travesty that there’s only 4 vistavision screens in the whole country cuz goddamn does it look beautiful. wish it was 4 hours long. wouldn’t even mind a sequel. can’t fucking wait to see this again IMAX 70mm on Monday";"27-09-2025";"One Battle After Another";"en";43
"Carlos Valladares";"""A whitebred, philistine, asshole corporate culture whose only end is to perfect the science of advertising ...""";"29-09-2025";"One Battle After Another";"en";17
"Jared Gilman";"That final car chase looks so fucking amazing in IMAX 70mm, god I’m so fucking lucky I live within a train ride’s distance away from the lincoln square. Can’t wait to see it again!!!";"29-09-2025";"One Battle After Another";"en";34
"cameron fetter";"i will admit to being a guy who did not love pta’s inherent vice because it could not live up to my experience of the book, so when i heard he was doing vineland i got pretty worried because that one’s vibe is way less adaptable i think. so i basically spent the months before this came out psychically driving myself to take this as it is and not get tangled up in wanting to see the godzilla footprint or ninjettes or blood and vato. as it turns out, i did not need to! this needs basically no work to stand on its merits, takes exactly what it needs from vineland, and makes the interesting and smart choice to move it into the present— both in setting and tense. i really really liked this movie!!";"29-09-2025";"One Battle After Another";"en";135
"Brandon Wardell";"There was this guy from last night who kept flipping off the screen whenever the bad guys were onscreen lol. Perf movie front to back no fat I was crackin up I was locked in I was gooped and gagged af hooting and hollering losing my damn mind. One of the best movies ever maybe :0";"08-10-2025";"One Battle After Another";"en";56
"Josh Larsen";"Once upon a time we would say to our teenagers, “Be careful,” as they headed out for a night with friends, or maybe out on a date, or perhaps to a school dance. Now, we say it as they head to a protest. That’s not their fault, or ours, but rather the fault of those who have enabled and enacted a United States government that wantonly wields violence, abuse, and corruption in ways that are unconstitutional and anti-American. larsenonfilm.com/one-battle-after-another";"27-09-2025";"One Battle After Another";"en";79
"brendan o'hare";"Was a little surprised to see PTA make another movie in 1950s London but I still loved it";"26-09-2025";"One Battle After Another";"en";18
"Mitchell Beaupre";"Believe it or not, this is the first real movie I’ve seen in IMAX, not counting like space docs back when IMAX first became a thing 20 years ago on high school field trips. And god damn that screen is large! I’m pretty much obsessed with it now; definitely planning on making it a habit for anything I’m interested in seeing that’s playing in that format.";"26-09-2025";"One Battle After Another";"en";66
"JJ";"I ordered a (non-alcoholic) French 75 at a bar immediately after the screening and the bartender warned me that she had never made one before and I said that it was okay I just wanted the drink from the movie and when she came over many minutes later with the drink she said that she thought it was awful and that she was giving it to me for free but it was good and I liked it but I didn’t have any cash to tip and I didn’t know how to deal with it so I left feeling lots of shame.";"27-09-2025";"One Battle After Another";"en";101
"Joe Bro";"“Are you happy? Do you have love? What will you do when you get older? Will you try to change the world like I did?”";"27-09-2025";"One Battle After Another";"en";25
"joe";"“what will you do when you grow up? will you try to change the world like i did?” 🥹🤍";"28-09-2025";"One Battle After Another";"en";19
"Sophia";"I’ve always wondered what it would’ve been like to have seen classics like JAWS, THE EXORCIST, or PSYCHO when they came out. What must that have been like? Future generations will say that about us with this movie. It's the defining piece of American cinema this decade. So many gorgeous little odes to Demme too.";"10-09-2025";"One Battle After Another";"en";55
"SuperBardiBros";"Leo popped even more for me on this rewatch. PTA wrote an all-time character with Bob Ferguson: washed up, out of touch, paranoid, overprotective, pothead… he's scared, lost, and frustrated, but he still got a spark of revolution from his Ghetto Pat days — fearlessly shooting at Lockjaw's crew, hot-wiring the car, he’s determined to find his daughter and it’s that same spark that makes him such a great dad.";"07-10-2025";"One Battle After Another";"en";70
"pirateneckbeard";"Wow! No notes... Okay I can't just do that, so let's dig into the best movie this year. This does spend around forty minutes setting up it's chess pieces and showcasing what they mean and how they move but by no means does it feel like tedium cause many of these moments are filled with blind action and characters in the early throws of passion(?) and discovery(?). Quickly things move along on the timeline and setup another chapter in the… more";"01-10-2025";"One Battle After Another";"en";81
"brendanowicz";"A motif of flooded landscapes recurs in Thomas Pynchon’s novels about the midcentury American counterculture. In Vineland (1990), radical filmmaker turned counterinsurgent Frenesi Gates confesses a recurring vision of disappeared beaches she calls the Dream of the Gentle Flood, set to a siren song promising the return of “whatever has been taken… whatever has been lost….” Pynchon renders this uncommonly emotional scene with a blue-green melancholy, a generational lament for stolen futures and failed alternatives employing the same haunted imagery…";"26-09-2025";"One Battle After Another";"en";80
"Hungkat";"God, what an immaculately paced movie. The breeziest almost-3-hour-movie you’ll ever see. Ocean Waves — PTA’s Fury Road. The camera has rarely felt more alive; its fluidity and style move with a propulsive rhythm, capturing the surreal, tangled complexities of our time, the way tragedies and farce, like two sides of the same coin, ripple outward and echo back in unexpected butterfly effects. And for all its intensity, it’s also straight-up hilarious: ‘why’s your shirt so tight,’ Leo yelling at… more";"28-09-2025";"One Battle After Another";"en";81
"Darren Carver-Balsiger";"Paul Thomas Anderson's films are all about their experience rather than their stories or style. His films build worlds you can get lost in, through a series of scenes that are always interesting or alive. One Battle After Another sees Anderson in a less refined mode, applying his approach to a very modern and violent thriller. The result is a film with incredibly propulsive momentum, always moving forward and never letting go. It is consistently compelling, funny, dark, and intriguing.… more";"28-09-2025";"One Battle After Another";"en";81
"Joshua Dysart";"The revolution will not be sexualized. The real revolutionary act is raising a good, strong, honest, pragmatic revolutionary. It’s fun (and not unimportant) to blow things up, shoot guns, rob banks, spout political positions, and literally “fuck the man” - the connective tissue between violence and sex here a Pynchon mainstay - but peak praxis is community building and maintenance, and paramount among that is parenting. Raising the next generation to subvert the will of the oppressor is the long… more";"03-10-2025";"One Battle After Another";"en";81
"Sarah Hagi";"everything people are saying is right as far as how good it is..but i do wish there was a bit more substance for both regina hall and teyana taylor. i dont mean that in the spell things out for me way, i just think some of the time spent with penn could've been spent with them. the movies almost 3 hours so like, why not?";"26-09-2025";"One Battle After Another";"en";65
"Katey Rich";"The pictures keep getting smaller and yet Leonardo DiCaprio remains right where he belongs: on the biggest fucking screen possible.";"25-09-2025";"One Battle After Another";"en";20
"Benjigotfried";"PAUL THOMAS ANDERSON & LEONARDO DICAPRIO JUST SHOWED ME WHY GOING TO THE MOVIES IS THE BEST THING IN THE WORLD!!!!!!";"08-09-2025";"One Battle After Another";"en";21
"pink_puma";"Cool because it's set in the present and directed by a god. But this is a very simple movie, barely interested in its own psychology, and one whose politics could only be read as radical in a world where Jimmy Kimmel is our Assata Shakur.";"28-09-2025";"One Battle After Another";"en";45
"moviemattk ✌🏻";"Paul Thomas Anderson’s highly anticipated film One Battle After Another is a non-stop genre-bending action thriller that somehow manages to be frighteningly relevant, wickedly funny, and surprisingly sweet with its father/daughter focused story. Full of career defining performances and exhilarating camerawork, this film's almost three-hour runtime absolutely flew by. This isn’t close to PTA’s best for me, but it speaks volumes to his filmmaking abilities that it’s still one of the best movies this year! ";"23-09-2025";"One Battle After Another";"en";75
"Michael James";"A powerfully explosive cinematic experience, one that makes you both feel and think. Its so thematically rich, while master PTA here blends political chaos, absurd satire and family drama in a highly entertaining yet deeply intimate and audaciously bold manner. The hilarious phone sequences and breathtaking highway chase were my most favorite stretches. The wild unpredictable narrative gets further powered by its stylish visuals and music. DiCaprio, Sean Penn, Chase Infiniti and the entire ensemble deliver phenomenally impressive performances. Just loved watching it on IMAX. Highly recommended.";"29-09-2025";"One Battle After Another";"en";87
"BenDavid Grabinski";"I can’t believe I’m even typing this but it might be PTA’s best movie. How does it exist??????";"21-09-2025";"One Battle After Another";"en";18
"Sophie Holsinger";"The way the light from the tracking device is used to illuminate Willa’s face throughout the movie—green when she’s a baby in a basket and red when she’s alone at the nunnery. Perfect choices around every corner.";"03-10-2025";"One Battle After Another";"en";37
"nick";"Feels like the best mainstream tribute to all the leftists hustling and sacrificing against the darkness. If Eddington is a satire of the past, then this is a vision of the future—but both point to our present, which only adds to the sadness.";"26-09-2025";"One Battle After Another";"en";43
"Marianna Neal";"I don't mean to sound dramatic... but what if I told you that this insane, hot mess of a character is Leo's best performance??";"23-09-2025";"One Battle After Another";"en";24
"Benjigotfried";"THE OSCARS BETTER GIVE PAUL THOMAS ANDERSON HIS AWAITED OSCAR THIS YEAR!!!! This movie is truly so god damn extraordinary! This is why we go to the movies!!! In Theaters Everywhere in IMAX, 35MM, and 70MM on September 26th!!!!! One Battle After Another Full Review!!!!";"24-09-2025";"One Battle After Another";"en";45
"hugeasmammoth";"Not Regina Hall having more screen time on her press tour for this movie than the movie itself omg this just pissed me off a little.";"25-09-2025";"One Battle After Another";"en";26
"carley :)";"when i saw this a man with silver hair in a ponytail and a leather jacket sat next to me and asked how to buy a ticket and then proceeded to loudly boo or cheer throughout the entire movie and would you believe me if i told you he was the SECOND most disruptive person in that theatre";"29-09-2025";"One Battle After Another";"en";58
"Daniel";"""I need a weapon, all you got is goddamn nunchuks here!""";"25-09-2025";"One Battle After Another";"en";11
"JBird";"Leo is a dad like no other, Raising his kid without her mother. And his solution, Toward revolution, Is One Battle After Another.";"26-09-2025";"One Battle After Another";"en";23
"selcen";"The message is clear. Free borders, free bodies, free choice and free from fucking fear.";"07-10-2025";"One Battle After Another";"en";15
"˗ˏˋ suspirliam ˊˎ˗";"ocean waves, ocean waves… just so good. obsessed with the skateboarding revolutionaries, regina hall’s eye acting, the score, the Road, chase infiniti, bob running around with the little pink backpack, the nuns, the few small beers, the beeps and boops of the trust device melody, the school dance bathroom encounter, the way it’s both timely and timeless and just the sheer energy, passion and love that fuel this colossal masterwork. it’s there from the opening moments right up to that last closing car door, leaving you with the promise of many long drives still to come after the credits roll. pta never stop making movies please.";"02-10-2025";"One Battle After Another";"en";106
"legolas";"One Battle After Another. Relentless chaos. A catastrophe looming like a stormcloud. Fascism and oppression pressing in at every corner. A symphony of impending doom cut with fragile, flickering hope. Bonds formed in the rubble of distrust. Paul Thomas Anderson delivers a tidal wave wrapped as an instant American classic.";"25-09-2025";"One Battle After Another";"en";50
"Bruno";"“You think the battle ends when they stop shooting—but it never really does.”";"27-09-2025";"One Battle After Another";"en";13
"Marya E. Gates";"If I ever start a band I am absolutely going to call it Semon Demon.";"17-09-2025";"One Battle After Another";"en";15
"H. Coley";"I don't know that I have anything insightful to add yet, but wow, this may well prove to be one of the defining movies of the century.";"25-09-2025";"One Battle After Another";"en";27
"Brian Formo";"Amazingly, I got to interview PTA & Leo about this stone cold masterpiece. Would love if you read it.";"30-09-2025";"One Battle After Another";"en";19
"Exir Kamalabadi";"Rewatched in IMAX 70mm so that I can take more notes on the formal aspect of the film and back up my reading with details.";"27-09-2025";"One Battle After Another";"en";25
"Emily St. James";"Obviously a tremendous film that I will be thinking about for years to come, etc., etc., etc., as a parent of a child, etc., etc., etc., but isn’t it cool how this takes place in the version of California from GTA: San Andreas?";"26-09-2025";"One Battle After Another";"en";43
"Spencer";"What happens when you've grown out of your youthful radicalism but a revolutionary moment actually comes? How do you stay radical when you have car insurance to pay and a kid to take care of? How can you accept any compromise when so many people have it worse than you? How committed can you truly say you are to radicalism when you've got a family they can threaten? How do you even start a revolution with people who can't handle… more";"26-09-2025";"One Battle After Another";"en";81
"Tyler Whitmore";"Chase Infiniti, the star that you are and always will be.";"26-09-2025";"One Battle After Another";"en";11
"Logan Thompson";"A film about fighting to ensure that the definitional eponym of “American Girl” can be someone that looks like Willa, and that there is anything left about that definition – “American”, driven as it is by power toward an association with whiteness – worth saving. About fighting our own insularity in the ebb and flow of life under fascism (don’t you feel it, everyday: that choice to ignore the news or read it?) About the consciously reflexive admonishment of this insularity in past filmmaking and past generations — of having made films as mirrors and knowing they now must reflect how we interact with the world. The impossibility of the latter. The valiance of the effort.";"27-09-2025";"One Battle After Another";"en";116
"ScreeningNotes";"The first great poliziotteschi of the American Years of Lead? The narrative structure doesn't quite match — the story does follow brutally violent law enforcement officers, but they're not vigilantes, they're just representatives of a brutally violent system — but the themes are precisely the same.";"25-09-2025";"One Battle After Another";"en";46
"dumbsville";"Shout out to this movie and Disco Elysium for being leftist works of art where the word “retard” is said.";"04-10-2025";"One Battle After Another";"en";20
"chloé†🎃";"such an amazing cinematic experience! I'm seriously starting to love paul thomas anderson i was already obsessed with boogie nights and this one totally holds up. Also dicaprio is hilarious in it, probably his funniest role since the wolf of wall street";"30-09-2025";"One Battle After Another";"en";42
"ivy wolk";"every biracial in my phone getting a facetime next time i get G’d. i have very close ties to the biracial community and i will be consulting them";"01-10-2025";"One Battle After Another";"en";28
"Chad Hartigan";"Absolute barnburner. God bless Warner Bros. for writing this check because I can't think of another time where I was watching a $100 mil+ movie and not having any clue what might happen next. And PTA spent the money well. Energy and life spills out from the margins of every frame and sequence. DiCaprio incredible. Sean Penn, maybe one of the greatest performances ever? And he's already on that list for MILK and SWEET AND LOWDOWN. PTA has been nominated… more";"07-09-2025";"One Battle After Another";"en";81
"imoimo";"That was the most stressful movie I’ve ever seen AND a dog took a shit in the middle of the theater";"28-09-2025";"One Battle After Another";"en";21
"ilsu";"""I've got a little Latino Harriet Tubman situation going on at my place. All legit. From the heart. No cash.""";"07-10-2025";"One Battle After Another";"en";20
"Yashley";"Scorsese and Spielberg publicly hailing this film. This may be PTA’s best chance ever at an Oscar win 🔥🔥";"22-09-2025";"One Battle After Another";"en";19
"Nihal";"The first 30 minutes of this movie are, quite possibly, the most racist and stupid out of any contemporary movie I’ve seen. I was truly taken aback. The rest of the film doesn’t contradict this.";"26-09-2025";"One Battle After Another";"en";35
"A.";"Watching this on IMAX was simply an incredible experience! The film lived up to all my expectations. It's packed with intense, chaotic, and at times hilarious moments, with a brilliant score that boosts the impact of every scene, masterfully crafted by PTA.";"25-09-2025";"One Battle After Another";"en";42
"joe";"fucking epic. one battle after another is truly a defining piece of cinema. paul thomas anderson delivers on all cylinders. timely important political commentary, gorgeous cinematography, camera work and phenomenal performances all around. those car chase sequences are so masterful. another career best from leo & teyana taylor is so fierce in her short screentime makes a huge impact while looking so damn cool while doing so.";"25-09-2025";"One Battle After Another";"en";67
"joshuabriond";"a great rift on post-revolutionary times, the libidinal undercarriage of both counterinsurgent repression and dialectically revolutionary violence (teyana taylor wanting to FUCK dicaprio every time they were on screen together—especially amid and in the aftermath of their revolutionary political violence, being both the among the most intriguing themes as well as deeply politically undecided and incoherent). ";"26-09-2025";"One Battle After Another";"en";56
"Mark Cira";"Most directors become disillusioned by politics later in their lives. Especially the Italians. Just take Bertolucci or Pasolini, both committed Marxists and Catholics, who made radical films up until the 1970s. Then they pivoted, became more critical of both the left and the right. For Bertolucci, “he fell out of love with politics.” But for Pasolini, it was more personal, arguing that consumer capitalism destroyed class consciousness.";"30-09-2025";"One Battle After Another";"en";67
"sophie";"personal experience has now taught me that nothing kills a cinephile like employment, and nothing resurrects a cinephille like a new pta film";"03-10-2025";"One Battle After Another";"en";23
"JackFolla";"Dad PTA came home and brought the movie of the year with him";"25-09-2025";"One Battle After Another";"en";13
"wersku";"A group of exhausted people running from one problem straight into the next, because the world around them literally demands it. Except for Penn, since he walks like me when I’m trying to keep up with my 2-meter-tall(6'6) coworker.";"05-10-2025";"One Battle After Another";"en";39
"cameron fetter";"i love that the interrogator guy is basically straight out of one those youtube shorts where a former marine talks about how he could manipulate and neutralize everyone in the room";"04-10-2025";"One Battle After Another";"en";31
"jamie loftus";"are u fuckin kidding me i mean what can you say";"27-09-2025";"One Battle After Another";"en";11
"Max Read";"Can't help myself, sorry: These are not really Pynchonian names: ""Stephen J. Lockjaw"" ""Sisters of the Brave Beaver"" ""Christmas Avengers""—they're fine, whatever, but too self-conscious in that sad Gen-X way, too literal, aiming for humor rather than harmony, no real poetry, nothing on Frenesi Gates, Brock Vond, Zoyd Wheeler. ""Chase Infiniti"" is more Pynchonian a name than ""Perfidia Beverly Hills.""";"29-09-2025";"One Battle After Another";"en";60
"Killian Morlaes";"Superman has his cape, Leonardo DiCaprio in One Battle After Another has his red checkered robe.";"25-09-2025";"One Battle After Another";"en";16
"Maia";"Paul Thomas Anderson is incapable of making a bad movie. With One Battle After Another he moves through the lives of his characters with an exciting lyricism that for the most part sustains itself through the almost three hour runtime. His actors are also exciting, throwing their entire physical beings into these roles. Leo always manages to win me over, Regina Hall’s expressive eyes alone deserve an Oscar, but it was Teyana Taylor’s unbridled portrayal of Perfidia Beverly Hills that… more";"04-10-2025";"One Battle After Another";"en";81
"Larry Karaszewski";"It’s been a long time since a movie captured its specific moment in history so perfectly. Bravo. This film is 2025.";"13-09-2025";"One Battle After Another";"en";21
"Kylo";"Didn’t expect Leo to unlock a new genre of anxiety in me tonight.";"18-09-2025";"One Battle After Another";"en";13
"Jake Cole";"Ever since I spent one Tuesday morning as a 12-year-old watching the Twin Towers fall, two-thirds of my life and counting has been defined by the most inane recurring debate in the history of politics, that of whether the unabated decline of our economic, imperial, and moral fabrics have been the rest of stupidity or evil. When I first encountered Thomas Pynchon's literature, I finally found someone who had generations prior already correctly laid out that the answer to that… more";"25-09-2025";"One Battle After Another";"en";81
"Mia K.";"Saw it on vistavision for the first time. Shaky projection, huh?. That why we haven’t used it in 50 years?🥹";"28-09-2025";"One Battle After Another";"en";20
"brendanowicz";"- We naturally get defensive of movies we love, but I’ve searched out as many critiques of this one as I can and if there’s a convincing pan I haven’t read it. Plenty of measured takes have been written by critics I admire, all of which concede the virtues of the filmmaking itself. When I first saw it I thought it didn’t have the pockets of irresolution that draw me to revisit Anderson’s work, but after three viewings I think it has enough room to set up camp — or at least hidden tunnels to shuttle between.";"11-10-2025";"One Battle After Another";"en";97
"Xfaxe";"Paul Thomas Anderson has now directed one banger after another! He has delivered great movies for three decades and I hope this is the year he gets his Oscar. One Battle After Another might be what Dr. Strangelove was back in the 60s. The cast was phenomenal, especially Leo and Sean Penn! The story was hilarious, can’t recommend this one enough! “Viva la revolution!”";"25-09-2025";"One Battle After Another";"en";64
"˗ˏˋ suspirliam ˊˎ˗";"it really is just one masterpiece after another with paul isn’t it";"26-09-2025";"One Battle After Another";"en";12
"Brian Formo";"It's such a unique feeling to watch a film and in real time, scene after scene, know you're watching an instant classic that will be rapturous and inspiring for generations to come. It's both timely and timeless. An all-timer. A seamlessly weaved epic, perfectly paced in its action moments, and unabashedly playful with its comedic tone. It is important but it's never self-important. Deadpan hilarious. Deadass glorious.";"08-09-2025";"One Battle After Another";"en";67
"Vera Drew";"i liked this a lot. it reminded me of Star Wars.";"05-10-2025";"One Battle After Another";"en";11
"Donald Hughes";"I thought this was cute. Reminded me of the ""hypernormalization"" thing people talked about years ago, the uncanny spectacular politics. The interrogator was perfect. I had a good time. It is nice to have cultural products aimed directly at me, like how Swifties get their ten special edition vinyls. I do think our evil society is this goofy.";"11-10-2025";"One Battle After Another";"en";58
"shookone";"I know I've just written that Tarantino should take the high road with his final film recently, but honestly... fuck it! this is the film he should have finished up his legacy with.";"29-09-2025";"One Battle After Another";"en";33
"Hesse";"“I don’t know if you’ve heard, but Jim Kringle just died.”";"30-09-2025";"One Battle After Another";"en";11
"Dok";"For years now, the main mode of online film discourse has been about whether or not various blockbusters are subtextually woke (good) or subtextually unwoke (bad), so it's funny and refreshing that the first deliberately woke studio product takes pains to quote ""The Revolution Will Not Be Televised"" multiple times. Moving the skeleton of Vineland to the present day demystifies the cliche of the sixties as a magical time where The One Revolution *almost* happened in favor of a more applicable portrayal of left-wing action both eternally ongoing and stymied by its practitioners being betrayed, compromised, or just plain getting old. This is the first work of art I know of that engages with the weird way all political corners have fetishized the Black Woman Revolutionary, breaking complex and fallible human beings on the wheel once they're no longer comfortably sexy Pam Grier action figures (most reviews I've seen so far also engage in this, in the same way that most of the first reactions to Do the Right Thing were about whether or not windows are good). Even fascism's kind of lost its mojo: it's certainly on top, but Pynchon's invincible supercop holds no dark, transgressive allure now that nationalist rallies air on cable tv set to the music of Cats. Like most honest art, this is largely about failure, but it also finds the hope lost for adventurism in community and generational renewal, there are no definitive victories but sturdier preparations for...well, see the title.";"26-09-2025";"One Battle After Another";"en";247
"dafnekeen";"PERFECTION. Leo dicaprios best performance. Benicio del toro lo eres todo y más te amo te adoro eres un genio. Sean penn is disgustingly perfect. Teyana taylor is so talented and so hot it kind of defies all laws of biology. CHASE MOTHER FUCKING INFINITI is so brilliant in this. PTA is a movie genius, I LOVE MOVIES!!!!!!!!!!!!!!!!!!!!!!! I’m high on life.";"28-09-2025";"One Battle After Another";"en";62
"Planettyrone";"I haven't been so offended by a movie in a long time. This is disgraceful. It doesn't surprise me to see the general public heap praise on this movie but I'm stunned by the number of leftists I see raving about this. Maybe that's just a reminder of how far gone the American ""left"" is. My goodness. The way Black women were portrayed in this made me ill. Teyana Taylor was reduced to the worst of Hollywood's caricature of Black Women. An oversexed jezebel who can't even so much as finish a revolutionary mission without quenching her thirst for the White man. The inclusion of JunglePussy ( I know she's a rapper s/o Trader Joes that's a bop) felt intentional given how this whole thing portrayed Black Women. I mean come on the name ""JunglePussy"" are you kidding me??";"30-09-2025";"One Battle After Another";"en";139
"Brandon Streussnig";"Teyana Taylor is our greatest living movie star. Convinced that big ol 70mm imax was invented exclusively for closeups of her face + the Chase sequence, which is one of the most thrilling sequences ever put to film. ";"06-10-2025";"One Battle After Another";"en";38
"KYK";"Feeling like the last person to have seen this lol. Not as enamored with it as many of you are, some who are already on your second, third viewings; was deciding between giving this 3 vs 3.5 but too many letterboxd commenters tell me to kill myself as is or think I love fascist propaganda films if I don’t end up loving so-called ‘radical’ ones, which this by the way is not. It’s a capital-H Hollywood film any way you cut it and the means of production and the suss collaborators from Jonny Greenwood to Sean Penn make this feel insidiously sinister. (I doooo hate to admit Sean Penn is very good in this, however :/…) PTA — perhaps good at talking the talk but not walking the walk. Viva what revolucion…";"04-10-2025";"One Battle After Another";"en";132
"A76";"Time just flew by. Two hours and forty minutes of pure adrenaline. The score was relentless, always pulsing in the background, pulling you deeper and deeper into the film until your heartbeat felt synced with it.";"25-09-2025";"One Battle After Another";"en";36
"Sun_God";"This film is less cinema than it is narcotic poison, a cultural hallucinogen posing as art. In a nation already frayed by political unrest, Anderson serves up a fantasy of inverted morality: an adolescent fetish for destruction, vigilantism, and racial antagonism disguised as entertainment. It postures as 'provocative' but is merely propaganda — a Hollywood tantrum for audiences who mistake an adrenaline rush for insight.";"25-09-2025";"One Battle After Another";"en";65
"SuperBardiBros";"This is why I love movies! One Battle After Another is a whirlwind of ideas and genres — thrilling, funny, and relevant, Paul Thomas Anderson zeroes in on America's original sin and its eternal conflict between those who arrived on this land first and everyone who came after, weaving a layered story about revolutionaries, white supremacy, and inter-generational disconnect.";"27-09-2025";"One Battle After Another";"en";59
"coffee";"a miracle movie. there’s never been anything like it before and there’s probably never gonna be anything like it again, the only truly modern blockbuster in a culture that only looks to the past, a born genius converging his entire life and history into a statement about the faith he has in the future despite the promises his generation couldn’t provide. obviously a masterpiece. Sean Penn is giving the performance of his life as RFK Jr";"24-09-2025";"One Battle After Another";"en";76
"flynn";"I had chills the entire time now my body hurts. I need to see this again immediately. Like tonight.";"28-09-2025";"One Battle After Another";"en";19
"Ella Kemp";"Wanted the dust to settle before engaging because I want to admire the film for what it is, what it holds, and nothing around it. What remains is still so rich, so dynamic and thoughtful and hopeful. Teyana Taylor is absolutely breathtaking. I’m interested in the Eddington parallels because what didn’t work for me in that film is the real disdain for all its players, whereas there’s a real generosity and tenderness in this. Bob’s paranoia and cowardice and plain pathetic(ness)… more";"17-09-2025";"One Battle After Another";"en";82
"lubchansky";"hype is real i’m afraid! doesn’t feel like its runtime, i think i could have watched another 30 minutes to an hour of that. crucially, i think, grasps both the dark, truly embarrassing heart of american fascism AND what it feels like to have hope in this moment - where you have to imagine a better world or else why get up in the morning.";"08-10-2025";"One Battle After Another";"en";65
"Robert Daniels";"How the White Savior Became This Year’s Cinematic Punchline About a third of the way into One Battle After Another, the hilarious Thomas Pynchon-inspired film from writer-director Paul Thomas Anderson, comes a moment whose absurdity and shrewdness reveals the idiocy of its white male protagonist, Bob Ferguson (Leonardo DiCaprio). It occurs after Bob receives a call from the revolutionary group the French 75, informing him that not only have they evacuated his endangered teenage daughter Willa (Chase Infiniti), but also soldiers under the orders of the wicked Colonel Lockjaw (Sean Penn) are closing in on his secluded Northern California home.";"10-10-2025";"One Battle After Another";"en";100
"Jay";"a halloween costume of alana haim in the ma wig is calling to me like the green goblin mask";"08-10-2025";"One Battle After Another";"en";19
"Jay 👽";"Can we please start using 'Christmas Adventurer' as a slur for bigoted people";"29-09-2025";"One Battle After Another";"en";13
"Ella Kemp";"How to keep hope and love in a world built to snatch that from you. A miracle to have fun!";"12-10-2025";"One Battle After Another";"en";20
"coffee";"scattered thoughts, unstructured, but this movie won’t leave my head and i have to get it out there";"25-03-2025";"One Battle After Another";"en";18
"grace spelman";"There’s a giant chord that plays at three pivotal points in the movie and it hits you like a semi-truck. Each time it shook the theater.";"25-09-2025";"One Battle After Another";"en";26
"Teddy";"Incredible acting, incredible directing, incredible screenplay, incredible music. Like, just go watch it. I won’t say any more than that coz it’s good to go into it blind. I loved it";"07-10-2025";"One Battle After Another";"en";31
"David Chen";"ONE BATTLE AFTER ANOTHER is electrifying. Non-stop kinetic filmmaking of the highest order. An epic spanning decades that feels perfectly calibrated for our current moment. A profound statement about how ultimately, the people in the revolution are just that: people. ";"24-09-2025";"One Battle After Another";"en";40
"Sam B.";"""A sentiment I’ve seen repeatedly about OBAA - actually, the only sentiment I’ve seen enough to notice, since the movie that has yet to have its first public screening - is that it is a revolutionary thing. At risk of being The Friend That’s Too Woke, I would like to pose a simple question: What do you think movies are? I can count the number of movies that have led to legislative change anywhere in the world on one hand,… more";"16-09-2025";"One Battle After Another";"en";81
"noen";"Extraordinary in its construction and with meticulously precise timing, this film by Paul Thomas Anderson departs, quite freely, from Thomas Pynchon’s Vineland but does not confine itself to that lineage. Rather, it operates as a reinvention, a gesture of creative appropriation in which the literary text serves less as a blueprint. Anderson doesn’t simply adapt, he reconfigures, rearticulating political atmospheres, ethical dilemmas, and historical temporalities.";"25-09-2025";"One Battle After Another";"en";65
"Will Sloan";"“Comrade Josh” is maybe a little heavy-handed as a caricature. Otherwise excellent. Great car chases. Smart, hugely entertaining, superbly crafted, better than any other multiplex entertainment I’ve seen this year, but not as troubling/provocative as the movie Leo watches on TV, The Battle of Algiers (admittedly a high bar). It’s a feel-good movie. I like how much the characters love each other. I think that's sweet.";"01-10-2025";"One Battle After Another";"en";66
"elvisthealien";"Incredible. Viva la revolution indeed. Depresses me how timely this movie feels.";"28-09-2025";"One Battle After Another";"en";12
"alexcolemann";"The performances in this are genuinely next level. I will be putting all my stocks into Chase Infiniti btw. I could rave about the nuances of the story but the best thing I can say is that it made me feel. Such a range of an emotions, from elation to cackling with laughter to devastation, just to name a few. It’s truly a bullet train steamrolling through everything in its path, yet you tell it to keep coming towards you.… more";"25-09-2025";"One Battle After Another";"en";81
"🎃 spooky allain♡ 🎃";"gotta give pta his 10s for thinking of a name like perfidia beverly hills like that’s thee modern equivalent of yves saint laurent ";"24-09-2025";"One Battle After Another";"en";23
"Jeff Zhang";"It’s wild that PTA can make a movie that’s middle-of-the-pack for him and still have it be one of the best of the decade. Hell, make that the last two decades.";"23-09-2025";"One Battle After Another";"en";31
"Elsie Fisher";"If you close your eyes it tastes just like a modelo";"25-09-2025";"One Battle After Another";"en";11
"Sydney🚀";"I keep trying to think of what to say here but my head goes blank deciding what to emphasize in such a vast and rich film, I’ll just say as someone with an estranged mother and a father who does his best to fill both roles fuck you PTA for that ending, I wish Chase Infiniti was my best friend, I want to be hopeful about the world so badly, fuck ICE, here is my video with my actual thoughts";"28-09-2025";"One Battle After Another";"en";80
"Sophie Holsinger";"Spoiled rotten to be living with the films of Paul Thomas Anderson!";"21-09-2025";"One Battle After Another";"en";12
"Mia K.";"Second watch, in a NORMAL theater with a proper projection. What a ride of a movie";"09-10-2025";"One Battle After Another";"en";16
"Exir Kamalabadi";"I'd be more charitable in my initial impressions if this wasn't yet another addition to the White ""Boy-Genius"" Director Makes 2+ Hour Long Political Shitpost genre. Guys? Guys? Have we had enough of shitposting? If we must make political cinema, can it at least be earnest? Is the side of progress and anti-oppression really so secure in the current climate as to deserve artists who can only champion their side with an ironical smirk?";"21-09-2025";"One Battle After Another";"en";74
"thenotoriousjac";"Can't wait for Ice Cube's Oscar speech when ""War of the Worlds"" wins Best Picture 🔥🔥";"23-09-2025";"One Battle After Another";"en";16
"Anurag Kashyap";"Second day in a row .. loved it even more And baaki 🥲🥲🥲😡😡😡😡";"27-09-2025";"One Battle After Another";"en";13
"i_z";"This thing operates in an emotional register that feels entirely new not just for Anderson, but for cinema in general. Even more than the surface elements of the text, the tone feels like right now: simultaneous hilarity and terror, slapstick genocide, a constant hurtling toward a showdown where we may end up being nothing more than stunned bystanders arriving at the wreckage.";"28-09-2025";"One Battle After Another";"en";62
"Josh Lewis";"Don’t have much to add on my last review. But a small detail I like that I didn’t take much notice of the first time and that goes unremarked upon on by the film: when Bob gets out of the getaway tunnel and grabs his emergency bag he spends the rest of the film dragging around with him, it has a little pink backpack strapped to it bc he clearly hasn’t updated his and Willa’s gear since she was a baby. Found a number of the little details and moments like this extremely emotional this time around… When the first notes of “Ready or Not (Here I Come)” hit, and Leo’s face lights up while he realizes he’s being saved (again) and shouts “Sensei!”, and Del Toro throws him a case of Modelo’s and they take a selfie… 🥹";"04-10-2025";"One Battle After Another";"en";139
"Robert Daniels";"No one would confuse Paul Thomas Anderson with being a political filmmaker. Though his films have covered big picture topics: craven bootstrapping (There Will Be Blood) and the danger behind cults of personalities (The Master and Magnolia)—he wouldn’t be your first choice to direct a contemporary critique of the fascist state. And yet, One Battle After Another, a kinetic, fast-charging evisceration of present-day America is one of the more cogent political statements delivered by a major American filmmaker mostly because… more";"24-09-2025";"One Battle After Another";"en";81
"Filipe Furtado";"A very good strengthening of a fracture family movie and sometimes exciting chase picture in the middle of a lot of bloat. Anderson can be a very uneven filmmaker, and he is not one to turn an idea down, something that can be good and bad. He is a firm believer that a well placed joke can cover a lot of sins, and he goes to this well a lot on this with mixed results, but I do like that a certain strand of elitist cinephile ideal filmmaker does have these instincts. One Battle After Another will get discussed mostly in terms of its politics because we live in a literalist time, and people see signposts and go wild on them. On those terms, this is a very mixed bag and at times outright exploitative without having much to say. The scenes with Del Toro (who is playing the more successful of the movie's many father figures) running things while his city falls into military takeover chaos do have some force, but most of the scenes suggesting camps and military/revolutionary action are muddled. Anderson has always been interested in sociological observation, one of the reasons he has concentrated on historical pieces, but he usually isn't very comfortable with political discourse. There Will Be Blood has many interesting things on the formation of American capital and the men behind it while trying as much as possible to ignore its original author's politics, and by the same token, he milks Pynchon's counterculture hangover for a certain imaginary while struggling with its meaning beyond a vague idea about how its scenario is supposedly to remain relevant. The movie works better in this vein as a phantasmagoria of current American paranoia, and keeping with its many doublings, one that nods towards left and right fantasies about each other. The French 75 is very close to what strands of the American right imagine ""Antifa"" to be (right down to its prominence of Black women) than any sort of past/present suggestion, although the cabal Penn wants to join is simultaneously creepy/funny and past the sell date, but they clearly intend to mirror each other. As for actual politics, Anderson can’t do much more than general platitudes and 70s needle drops. There is also a lot on libido and sexual hangups as fuel to all this, something that Anderson has hinted at in the past as well, and it is all suggestive but a little underdeveloped. It is a very straightforward movie, with different groups chasing each other that keeps adding busy bits of business and then works itself out of it by easy outs: a too-smooth interrogation, a small character change of heart, the competing organizations shadowy reach, a car getting hotwired. At some point, it does get a little exhausting, and the strings to make it seem larger than it really is show too much. The movie is exciting, and Anderson does show his pleasure at having all those fireworks Di Caprio patronage brings to him. In this it reminds me of Magnolia, a similar flex from early in his career that often gets by on the mix of the wunderkind energy and the shameless of it all even when the noise can feel questionable. One Battle After Another is a better movie because Anderson is a quarter of century later a much better filmmaker, but he seems far less in control than he was in his past few movies. (In a curious echo current Warner chair Michael De Luca was New Line head of production when Magnolia got made). The muscle is impressive, and those large-scale scenes do have at least some power. The big action finale is very good, if a little oversold, but the freneticism works, and the road landscapes do have a presence that stays in the mind. It has resources that current good action movies lack and some ingenuity that most big-budget movies can't suggest. It is also too clever at times, full of twists and delays that are supposed to highlight Anderson's auteurial touch that are arguably less effective than a more meat-and-potatoes approach. Everything is set around mirrors and doubles, with DiCaprio and Penn chasing after their daughter, past and present action echoing each other, multiple delusions and failures, and so on. The frantic opening plays into some of Anderson's dramatic weaknesses, but the movie improves a lot once it settles and can at least appreciate the idea of opening with what is really backstory (it's more or less the same thing Drive My Car does at a completely different pace and intentions). I'm not sure about how heightened Penn's scenes and performance are pitched, but Anderson's do wonders at setting them against DiCaprio's mellower scenes. The movie's shift between them is often its most impressive achievement. It is played at the cartoonish idea many have of Pynchon, but this shift allowed it to keep its emotional stakes, more personal than political, resonant. One Battle After Another is at its best in DiCaprio's desperate desire to find Infiniti. They barely share scenes, but his need does give the movie a good focus. DiCaprio is quite wonderful throughout, very funny in his fuckup pothead routine, but consistently moving. He's talking about not being able to do her hair; it might be the most I ever liked DiCaprio in anything. Failed authority figures used to be a strong part of Anderson's work that has been less present in the last decade or so, and this differs from his early work in actually liking the dad despite his inefficiency (it should be pointed out that DiCaprio doesn't really do much through this) and being mostly from his perspective. DiCaprio's scenes with Del Toro are especially great; both actors respond to each other so well, and Anderson's finds keep the pace frantic while the two men relaxed around each other set a smoother tone. If everything else were as good as those scenes, this would be as great as its large praise suggests. Most of it is a victim of the background noise, but it is easy to admire even when it's tripping on itself.";"08-10-2025";"One Battle After Another";"en";1023
"Jim Cummings";"Cinema is back. That guy that made magnolia is back. The rollercoaster tycoon is back. Go see it as big as you can. Thank you sensei.";"30-09-2025";"One Battle After Another";"en";26
"marty";"PTA has never made a bad film and if you say he has, you’re a fucking liar.";"27-09-2025";"One Battle After Another";"en";17
"PaulWHauser";"I’ll hafta watch this one a few times to really take it in and process everything.";"28-09-2025";"One Battle After Another";"en";16
"Branson Reese";"I really struggled with Inherent Vice due in no small part to having read it less than a year before I saw the movie, leading me to critique every change and notice every time one of the ten thousand jokes from the book was cut for whatever reason. No such problem here, as Vineland is one of the Pynchons I haven't gotten to yet. I had an incredible time at the movies. I laughed and cried often, and walked out of the theater changed for the better.";"27-09-2025";"One Battle After Another";"en";87
"Joel Haver";"Goddamn. It feels so good to see a movie crafted with such love. A movie that understands editing and composition and captures the damn images in the damn camera! A movie with its finger on the pulse of the now, while maintaining a deep respect for what got us here. A movie that knows when to play the hits and when to cut loose. A movie that puts in the work to feel absolutely massive, worth the price of admission… more";"29-09-2025";"One Battle After Another";"en";81
"Srirachachau";"Cool movie about feeling like you’ve aged out of your radical credentials but how the love that fueled that action will continue far beyond you. Very sweet father and daughter movie. Sean Penn demonic";"25-09-2025";"One Battle After Another";"en";34
"George Carmi";"paul thomas anderson, the genius you are. there’s a fascinating growth in maturity in his writing within his exploration of the human experience; that struggle, that emotion, that search for meaning in an often complex and mind-numbing world. he’s just constantly levelling up and it’s fucking insane to watch his career unfold in real-time. this latest project being even more so ambitious than his previous outings, while adding a layer of deeply intimate writing within this unbelievably human narrative that begs audiences to challenge the recurring complications of both the personal struggles and those of an oppressive, almost alienating, society. it’s not just surviving, but what it means to fight for purpose, and that very idea takes this movie somewhere I did not expect in its presentation of these “battles”.";"25-09-2025";"One Battle After Another";"en";130
"Darkhall";"This has got to be the worst depiction of DNA Gel Electrophoresis I have ever seen in a movie.";"28-09-2025";"One Battle After Another";"en";19
"ScottMescudi84";"Man. This was one hell of a movie. Amazing addition to PTA's filmography. Stand out for me was my homegirl Teyana. Wow. And Leo? I see Oscar noms for them both as well as PTA. I was surprised at how much I laugh during it. Really a fun ride. Def gonna check out again soon. Tap in!";"28-09-2025";"One Battle After Another";"en";57
"mia lee vicino";"inspired a new rule where i only talk to people if they can quote certain song lyrics back to me. if i greet you with, “i got soul, but” and you don’t respond “i’m not a soldier”? conversation access DENIED! ❌";"01-10-2025";"One Battle After Another";"en";41
"Matt Singer";"As great of a director as Paul Thomas Anderson is, he may be an even better salesman. Somehow, he talked Warner Bros. into giving him what’s been reported in the press as anywhere between $130 million and $175 million to spend on a political thriller loaded with allusions to contemporary America’s hottest of hot-button issues. And he did it despite the fact he has never directed a movie that grossed more than $78 million worldwide, often working with material that was far less potentially polarizing than this.";"17-09-2025";"One Battle After Another";"en";87
"Bobby Finger";"What if we all got rid of our cell phones and just carried around Motorola transmitters that played a nice little song when we were near our friends...";"28-09-2025";"One Battle After Another";"en";28
"Gerry";"*bravely whispers* Did not care for it! This is like The Searchers but less woke. Look, a lot of this is fun and much of it is ~almost~ interesting. When it’s focusing on a comically angry, paranoid, and washed up DiCaprio (tremendous performance) bumblingly evading capture, the film gets into an electric and amusing groove. The broader story that encases this stretch - one of generational dynamics, the psycho-sexuality of racism, bigotry, fathers and daughters, and intersectional rebellion - feels… more";"24-09-2025";"One Battle After Another";"en";81
"Paul Schrader";"ONE BATTLE AFTER ANOTHER. FB friends have asked my opinion. Filmmaking at level A+, but try as a might I couldn't muster up an ounce of empathy for Leo D'Caprio or Sean Penn. I kept waitng for them to die. (Penn's performance , however, is a masterclass in peacock acting.) What held me in my seat for the better part of two hours was PT Anderson's Joy of Filmmaing.";"30-09-2025";"One Battle After Another";"en";69
"Griffin Newman";"Whole movie kinda about the Benicio Del Toro and Regina Hall performances on my second viewing.";"29-09-2025";"One Battle After Another";"en";16
"hunter strawberry";"PTA casting a 24-year-old to play Leo's daughter is crazy work";"23-09-2025";"One Battle After Another";"en";11
"Matt Neglia";"ONE BATTLE AFTER ANOTHER is the film of our time. Bracingly exhilarating, politically charged, heartfelt and funny as hell, it may be the most important film Paul Thomas Anderson has ever made, certainly his most urgent and relevant. The whole cast delivers with DiCaprio at his best when he deploys both his comedic and dramatic chops and he gets to do just that here; Sean Penn is the best he’s been in years with an unsettling performance of rage, hatred… more";"15-09-2025";"One Battle After Another";"en";81
"Kit Lazer";"Watching this after screening Bugonia and spending so much time rethinking my feelings about Eddington made this a euphoric experience. PTA entered the chat with the incendiary hope grenade I’ve been searching for, a calming mission statement: keep fighting. ";"25-09-2025";"One Battle After Another";"en";39
"Chris Buie (Film Stocked)";"Pretty bummed about this one. The performances are strong & it’s beautifully shot, but I can’t get over how meandering and never-ending it all felt. Genuinely moves at a snail’s pace. To me, the movie never fully commits to its ideas of revolution/making meaningful change in society. Honestly, the whole film came off as performative.";"23-09-2025";"One Battle After Another";"en";55
"Bobby Wagner";"When I first started caring about movies as spectacle — the packaging, the hype, the event, the legacy — I had this odd feeling of nostalgia for a past I hadn’t even experienced. It was this constant feeling that I had missed out on what it felt like to sit down in a theater to see Goodfellas, or The Matrix, or any number of culture-defining movies, and not even know it was coming. The feeling that every great attempt to… more";"25-09-2025";"One Battle After Another";"en";81
"alexgiu";"Leonardo DiCaprio goes full Karen mode when he's on the phone with the Revolutionary Hotline assistant and demands to speak to the manager.";"24-09-2025";"One Battle After Another";"en";23
"jonathan fujii";"For a revolutionary who is used to explosions and guns, raising a kid in today’s world is the scariest thing as the fight is passed down to the next generation";"16-09-2025";"One Battle After Another";"en";30
"Joe A";"Feels like one of those movies where every watch I’ll walk out loving something different, right now it’s the explosive Jonny Greenwood score and the car chase sequence. Viva La Revolución, baby.";"25-09-2025";"One Battle After Another";"en";32
"jonathan fujii";"Leo with some top tier phone acting give him the oscar i dont care";"26-09-2025";"One Battle After Another";"en";14
"demi adejuyigbe";"loved it from start to finish. electrifying!! funny, maddening, sweet, and unbelievably tense. there was hints of PTA's penchant for grounded high-strung action in Punch Drunk Love but the few scenes where he goes all out here make me want to see him go even harder. car chase near the end is an all-timer, i think we'll be talking about it for ages. leo is obviously and predictably great, but chase infiniti is really good and sean penn... jesus. standout performance for sure, his physicality is so gross and familiar, and genuinely enraging. rfk meets amon göth. a few moments with him nearly brought me to frustrated tears. a lock for best supporting actor. and i'm gonna call it– i think this is gonna win best picture. (understood that this will sound like undue hype but i think there are several meta factors at play here. it's unbelievably timely and political and PTA is long overdue– but also, it's just a really really good movie!) teyana taylor and benicio also really fantastic.";"07-09-2025";"One Battle After Another";"en";172
"ash";"Watching that car chase on the third-largest screen in the world made my stomach turn like I was on a fucking roller coaster";"25-09-2025";"One Battle After Another";"en";23
"Will Menaker";"Lived up to and exceeded the hype. Hilarious, thrilling, terrifying and a much needed artistic engagement with the overwhelming and relentless empire of evil that we all live in. Finally, the actually good Star Wars movie we've all been waiting for! Leo and Benicio were great as Obi Wan and Han! Loved Sean Penn as psycho, horny, and right-wing Popeye, but his number-two guy, the interrogator, was blood-curdling, apparently he's a non-professional actor who does this sort of thing for… more";"09-10-2025";"One Battle After Another";"en";81
"Justin LaLiberty";"finally, a movie that normalizes getting high as fuck and watching The Battle of Algiers ";"26-09-2025";"One Battle After Another";"en";15
"girlactress";"This was soooo much more engaging than watching a bunch of tik toks really fast";"05-10-2025";"One Battle After Another";"en";15
"Preet";"single-handedly the greatest portrayal of crashing out when you forget your password";"27-09-2025";"One Battle After Another";"en";12
"Patrick Willems";"This had better make a billion dollars come on people I’m counting on you";"22-09-2025";"One Battle After Another";"en";14
"Sophie Holsinger";"Endless things to say but in this moment I’m thinking about the way the camera rolls over those hills—so smooth and graceful. Also Sean Penn’s walk.";"24-09-2025";"One Battle After Another";"en";26
"theo";"5 stars isn’t enough i need to personally lead a revolution";"24-09-2025";"One Battle After Another";"en";11
"Framesofnick";"I’m just like Bob except just the weed and modelos and I guess I’m kinda woke";"25-09-2025";"One Battle After Another";"en";16
"userwake";"Gonna call PTA a semen demon the way he keeps pumping out masterpieces";"01-10-2025";"One Battle After Another";"en";13
"davidehrlich";"[this is an essay i wrote about Leonardo DiCaprio's performance in One Battle After Another, and why it feels like this is the movie he's been working towards for the last 30 years. it's a very me-brained piece (derogatory), but it's as close to a unified theory of DiCaprio as i could get]";"26-09-2025";"One Battle After Another";"en";53
"ChrisStuckmann";"Exhilarating. Film is alive and well. Please see this in theaters. Thank you PTA.";"25-09-2025";"One Battle After Another";"en";14
"Sydney🚀";"Are you happy? Do you have love? Will you try to change the world like I did?";"26-09-2025";"One Battle After Another";"en";17
"matt lynch";"For a long time now a few of us have said we prefer Coke Kid PTA to Weed Dad PTA, and have held some hope that the former might return for one last shot. Instead, here Anderson miraculously manages to synthesize those two hearts into something both truly unexpected and characteristically idiosyncratic. Undeniably vital, deliberately silly, deeply sincere.";"23-09-2025";"One Battle After Another";"en";58
"Sethsreviews";"Completely fucking mad. The real deal. A wonderful father/daughter espionage thriller, kind of THE generation-defining blockbuster. A non-stop trip characterised by many howl-inducing comedic lines (I was fucking crying with laughter at points) and a blistering assessment of the oppressive underworld swallowing modern America. This will be looked back on as miles ahead of its years in decades to come. Defies all cinematic logic in that it barely takes a single breath yet never feels like there is too much going on - like being continuously punched in the face but still craving more. Miracle how this works as well as it does! Full of energy. dominated by entirely opposite extremes of the spectrum, pulling for long-past periods. Sean Penn is wickedly evil, and there aren't many DiCaprio performances I would choose over this one. Seriously though, Sean Penn is unbelievable. I'm still on edge an hour after watching. Inject it! The best of the year! Cloud nine.";"17-09-2025";"One Battle After Another";"en";158
"zoë rose bryant";"a three-hour-long panic attack starring leonardo dicaprio as the big lebowski and sean penn as satan. a dystopian drama where the ruined world isn’t one of fiction, but the one we already live in. yet even though hell is here, hope never left. it’s hereditary, passed from generation to generation alongside the baggage they saddle us with - the lone silver lining they leave behind, but one strong enough to beat back all the other bullshit.";"26-09-2025";"One Battle After Another";"en";76
"fran hoepfner";"I said, ""is that Junglepussy?"" and like two minutes later in the movie she goes, ""my name is Junglepussy,"" which answered my question";"22-09-2025";"One Battle After Another";"en";23
"James (Schaffrillas)";"Grips you from the first minute and refuses to let go. Whether you're struck with fear by the ever-relevant depictions of militarized violence, or you're laughing at the hundredth dadfailure Leo moment, you're in for an absolutely unforgettable time at the movies. I seriously feel bad for every other film that comes out this year.";"25-09-2025";"One Battle After Another";"en";55
"itscharlibb";"feel like i haven’t watched a film in aaaaages coz of being on honeymoon and being in paris and having a weird body clock at the moment where im just sort of up all hours of the day working but i finally went to see the pta in paris with finn after being in the studio. it was literally the hottest theatre ive ever been to which just sort of added to the stress but yeah this was super cool… more";"08-10-2025";"One Battle After Another";"en";81
"mikko";"it’s like finding nemo if the dad was a stoner, alcoholic, and woke";"25-09-2025";"One Battle After Another";"en";13
"Jason Concepcion";"probably the most pro-drinking and driving movie in the history of cinema.";"23-09-2025";"One Battle After Another";"en";12
"Jake";"PTA making modern fascists and white-nationalists look like the dumbest pieces of shit for 2hrs 45mins. Movie of all time.";"25-09-2025";"One Battle After Another";"en";20
"ConnorEatsPants";"if the president sees this he will either ban movies or kill himself";"24-09-2025";"One Battle After Another";"en";13
